/tmp/ipykernel_636/1434080408.py:103: DeprecationWarning: Callback API version 1 is deprecated, update to latest version
  client = mqtt.Client(client_id=f"vibration_diagnosis_{DEVICE_FILTER or 'all'}", clean_session=True)
Streaming output truncated to the last 5000 lines.
[Motor9] CLOUD UTC: 2026-08-12T01:54:39.206984+00:00
-------------
Batch 0Nm_BPFI_03:61 from Motor9 received. Processing...
FFT for batch 0Nm_BPFI_03:61 published to Enterprise/Site/Area/Motor9/Analysis/Vibration/fft
Prediction for batch 0Nm_BPFI_03:61 published to Enterprise/Site/Area/Motor9/Analysis/Diagnosis/prediction
-----------------------------------------
[Motor8] raw_latency_ms=10169.872
[Motor8] EDGE UTC : 2026-08-12T01:54:29.141698+00:00
[Motor8] CLOUD UTC: 2026-08-12T01:54:39.311570+00:00
-------------
Batch 0Nm_BPFI_03:74 from Motor8 received. Processing...
FFT for batch 0Nm_BPFI_03:74 published to Enterprise/Site/Area/Motor8/Analysis/Vibration/fft
Prediction for batch 0Nm_BPFI_03:74 published to Enterprise/Site/Area/Motor8/Analysis/Diagnosis/prediction
-----------------------------------------
[Motor4] raw_latency_ms=6579.351
[Motor4] EDGE UTC : 2026-08-12T01:54:32.853999+00:00
[Motor4] CLOUD UTC: 2026-08-12T01:54:39.433350+00:00
-------------
Batch 0Nm_BPFI_03:159 from Motor4 received. Processing...
FFT for batch 0Nm_BPFI_03:159 published to Enterprise/Site/Area/Motor4/Analysis/Vibration/fft
Prediction for batch 0Nm_BPFI_03:159 published to Enterprise/Site/Area/Motor4/Analysis/Diagnosis/prediction
-----------------------------------------
[Motor2] raw_latency_ms=6763.549
[Motor2] EDGE UTC : 2026-08-12T01:54:32.775093+00:00
[Motor2] CLOUD UTC: 2026-08-12T01:54:39.538642+00:00
-------------
Batch 0Nm_BPFI_03:25 from Motor2 received. Processing...
FFT for batch 0Nm_BPFI_03:25 published to Enterprise/Site/Area/Motor2/Analysis/Vibration/fft
Prediction for batch 0Nm_BPFI_03:25 published to Enterprise/Site/Area/Motor2/Analysis/Diagnosis/prediction
-----------------------------------------
[Motor8] raw_latency_ms=9492.707
[Motor8] EDGE UTC : 2026-08-12T01:54:30.163231+00:00
[Motor8] CLOUD UTC: 2026-08-12T01:54:39.655938+00:00
-------------
Batch 0Nm_BPFI_03:75 from Motor8 received. Processing...
FFT for batch 0Nm_BPFI_03:75 published to Enterprise/Site/Area/Motor8/Analysis/Vibration/fft
Prediction for batch 0Nm_BPFI_03:75 published to Enterprise/Site/Area/Motor8/Analysis/Diagnosis/prediction
-----------------------------------------
[Motor8] raw_latency_ms=8580.355
[Motor8] EDGE UTC : 2026-08-12T01:54:31.185292+00:00
[Motor8] CLOUD UTC: 2026-08-12T01:54:39.765647+00:00
-------------
Batch 0Nm_BPFI_03:76 from Motor8 received. Processing...
FFT for batch 0Nm_BPFI_03:76 published to Enterprise/Site/Area/Motor8/Analysis/Vibration/fft
Prediction for batch 0Nm_BPFI_03:76 published to Enterprise/Site/Area/Motor8/Analysis/Diagnosis/prediction
-----------------------------------------
[Motor3] raw_latency_ms=6577.345
[Motor3] EDGE UTC : 2026-08-12T01:54:33.303044+00:00
[Motor3] CLOUD UTC: 2026-08-12T01:54:39.880388+00:00
-------------
Batch 0Nm_BPFI_03:12 from Motor3 received. Processing...
FFT for batch 0Nm_BPFI_03:12 published to Enterprise/Site/Area/Motor3/Analysis/Vibration/fft
Prediction for batch 0Nm_BPFI_03:12 published to Enterprise/Site/Area/Motor3/Analysis/Diagnosis/prediction
-----------------------------------------
[Motor1] raw_latency_ms=10231.531
[Motor1] EDGE UTC : 2026-08-12T01:54:29.754101+00:00
[Motor1] CLOUD UTC: 2026-08-12T01:54:39.985632+00:00
-------------
Batch 0Nm_BPFI_03:43 from Motor1 received. Processing...
FFT for batch 0Nm_BPFI_03:43 published to Enterprise/Site/Area/Motor1/Analysis/Vibration/fft
Prediction for batch 0Nm_BPFI_03:43 published to Enterprise/Site/Area/Motor1/Analysis/Diagnosis/prediction
-----------------------------------------
[Motor8] raw_latency_ms=7888.925
[Motor8] EDGE UTC : 2026-08-12T01:54:32.205273+00:00
[Motor8] CLOUD UTC: 2026-08-12T01:54:40.094198+00:00
-------------
Batch 0Nm_BPFI_03:77 from Motor8 received. Processing...
FFT for batch 0Nm_BPFI_03:77 published to Enterprise/Site/Area/Motor8/Analysis/Vibration/fft
Prediction for batch 0Nm_BPFI_03:77 published to Enterprise/Site/Area/Motor8/Analysis/Diagnosis/prediction
-----------------------------------------
[Motor8] raw_latency_ms=6972.986
[Motor8] EDGE UTC : 2026-08-12T01:54:33.227855+00:00
[Motor8] CLOUD UTC: 2026-08-12T01:54:40.200841+00:00
-------------
Batch 0Nm_BPFI_03:78 from Motor8 received. Processing...
FFT for batch 0Nm_BPFI_03:78 published to Enterprise/Site/Area/Motor8/Analysis/Vibration/fft
Prediction for batch 0Nm_BPFI_03:78 published to Enterprise/Site/Area/Motor8/Analysis/Diagnosis/prediction
-----------------------------------------
[Motor5] raw_latency_ms=7361.372
[Motor5] EDGE UTC : 2026-08-12T01:54:32.947196+00:00
[Motor5] CLOUD UTC: 2026-08-12T01:54:40.308568+00:00
-------------
Batch 0Nm_BPFI_03:142 from Motor5 received. Processing...
FFT for batch 0Nm_BPFI_03:142 published to Enterprise/Site/Area/Motor5/Analysis/Vibration/fft
Prediction for batch 0Nm_BPFI_03:142 published to Enterprise/Site/Area/Motor5/Analysis/Diagnosis/prediction
-----------------------------------------
[Motor6] raw_latency_ms=6732.001
[Motor6] EDGE UTC : 2026-08-12T01:54:33.694719+00:00
[Motor6] CLOUD UTC: 2026-08-12T01:54:40.426720+00:00
-------------
Batch 0Nm_BPFI_03:127 from Motor6 received. Processing...
FFT for batch 0Nm_BPFI_03:127 published to Enterprise/Site/Area/Motor6/Analysis/Vibration/fft
Prediction for batch 0Nm_BPFI_03:127 published to Enterprise/Site/Area/Motor6/Analysis/Diagnosis/prediction
-----------------------------------------
[Motor9] raw_latency_ms=6611.797
[Motor9] EDGE UTC : 2026-08-12T01:54:33.925844+00:00
[Motor9] CLOUD UTC: 2026-08-12T01:54:40.537641+00:00
-------------
Batch 0Nm_BPFI_03:62 from Motor9 received. Processing...
FFT for batch 0Nm_BPFI_03:62 published to Enterprise/Site/Area/Motor9/Analysis/Vibration/fft
Prediction for batch 0Nm_BPFI_03:62 published to Enterprise/Site/Area/Motor9/Analysis/Diagnosis/prediction
-----------------------------------------
[Motor2] raw_latency_ms=6849.344
[Motor2] EDGE UTC : 2026-08-12T01:54:33.793830+00:00
[Motor2] CLOUD UTC: 2026-08-12T01:54:40.643174+00:00
-------------
Batch 0Nm_BPFI_03:26 from Motor2 received. Processing...
FFT for batch 0Nm_BPFI_03:26 published to Enterprise/Site/Area/Motor2/Analysis/Vibration/fft
Prediction for batch 0Nm_BPFI_03:26 published to Enterprise/Site/Area/Motor2/Analysis/Diagnosis/prediction
-----------------------------------------
[Motor7] raw_latency_ms=6858.612
[Motor7] EDGE UTC : 2026-08-12T01:54:33.895958+00:00
[Motor7] CLOUD UTC: 2026-08-12T01:54:40.754570+00:00
-------------
Batch 0Nm_BPFI_03:96 from Motor7 received. Processing...
FFT for batch 0Nm_BPFI_03:96 published to Enterprise/Site/Area/Motor7/Analysis/Vibration/fft
Prediction for batch 0Nm_BPFI_03:96 published to Enterprise/Site/Area/Motor7/Analysis/Diagnosis/prediction
-----------------------------------------
[Motor8] raw_latency_ms=6616.451
[Motor8] EDGE UTC : 2026-08-12T01:54:34.247015+00:00
[Motor8] CLOUD UTC: 2026-08-12T01:54:40.863466+00:00
-------------
Batch 0Nm_BPFI_03:79 from Motor8 received. Processing...
FFT for batch 0Nm_BPFI_03:79 published to Enterprise/Site/Area/Motor8/Analysis/Vibration/fft
Prediction for batch 0Nm_BPFI_03:79 published to Enterprise/Site/Area/Motor8/Analysis/Diagnosis/prediction
-----------------------------------------
[Motor4] raw_latency_ms=7080.655
[Motor4] EDGE UTC : 2026-08-12T01:54:33.892647+00:00
[Motor4] CLOUD UTC: 2026-08-12T01:54:40.973302+00:00
-------------
Batch 0Nm_BPFI_03:160 from Motor4 received. Processing...
FFT for batch 0Nm_BPFI_03:160 published to Enterprise/Site/Area/Motor4/Analysis/Vibration/fft
Prediction for batch 0Nm_BPFI_03:160 published to Enterprise/Site/Area/Motor4/Analysis/Diagnosis/prediction
-----------------------------------------
[Motor1] raw_latency_ms=10281.728
[Motor1] EDGE UTC : 2026-08-12T01:54:30.796126+00:00
[Motor1] CLOUD UTC: 2026-08-12T01:54:41.077854+00:00
-------------
Batch 0Nm_BPFI_03:44 from Motor1 received. Processing...
FFT for batch 0Nm_BPFI_03:44 published to Enterprise/Site/Area/Motor1/Analysis/Vibration/fft
Prediction for batch 0Nm_BPFI_03:44 published to Enterprise/Site/Area/Motor1/Analysis/Diagnosis/prediction
-----------------------------------------
[Motor5] raw_latency_ms=7220.576
[Motor5] EDGE UTC : 2026-08-12T01:54:33.966415+00:00
[Motor5] CLOUD UTC: 2026-08-12T01:54:41.186991+00:00
-------------
Batch 0Nm_BPFI_03:143 from Motor5 received. Processing...
FFT for batch 0Nm_BPFI_03:143 published to Enterprise/Site/Area/Motor5/Analysis/Vibration/fft
Prediction for batch 0Nm_BPFI_03:143 published to Enterprise/Site/Area/Motor5/Analysis/Diagnosis/prediction
-----------------------------------------
[Motor3] raw_latency_ms=6987.990
[Motor3] EDGE UTC : 2026-08-12T01:54:34.309133+00:00
[Motor3] CLOUD UTC: 2026-08-12T01:54:41.297124+00:00
-------------
Batch 0Nm_BPFI_03:13 from Motor3 received. Processing...
FFT for batch 0Nm_BPFI_03:13 published to Enterprise/Site/Area/Motor3/Analysis/Vibration/fft
Prediction for batch 0Nm_BPFI_03:13 published to Enterprise/Site/Area/Motor3/Analysis/Diagnosis/prediction
-----------------------------------------
[Motor6] raw_latency_ms=6700.739
[Motor6] EDGE UTC : 2026-08-12T01:54:34.704576+00:00
[Motor6] CLOUD UTC: 2026-08-12T01:54:41.405316+00:00
-------------
Batch 0Nm_BPFI_03:128 from Motor6 received. Processing...
FFT for batch 0Nm_BPFI_03:128 published to Enterprise/Site/Area/Motor6/Analysis/Vibration/fft
Prediction for batch 0Nm_BPFI_03:128 published to Enterprise/Site/Area/Motor6/Analysis/Diagnosis/prediction
-----------------------------------------
[Motor1] raw_latency_ms=9691.316
[Motor1] EDGE UTC : 2026-08-12T01:54:31.835673+00:00
[Motor1] CLOUD UTC: 2026-08-12T01:54:41.526989+00:00
-------------
Batch 0Nm_BPFI_03:45 from Motor1 received. Processing...
FFT for batch 0Nm_BPFI_03:45 published to Enterprise/Site/Area/Motor1/Analysis/Vibration/fft
Prediction for batch 0Nm_BPFI_03:45 published to Enterprise/Site/Area/Motor1/Analysis/Diagnosis/prediction
-----------------------------------------
[Motor7] raw_latency_ms=6704.335
[Motor7] EDGE UTC : 2026-08-12T01:54:34.935153+00:00
[Motor7] CLOUD UTC: 2026-08-12T01:54:41.639488+00:00
-------------
Batch 0Nm_BPFI_03:97 from Motor7 received. Processing...
FFT for batch 0Nm_BPFI_03:97 published to Enterprise/Site/Area/Motor7/Analysis/Vibration/fft
Prediction for batch 0Nm_BPFI_03:97 published to Enterprise/Site/Area/Motor7/Analysis/Diagnosis/prediction
-----------------------------------------
[Motor9] raw_latency_ms=6813.708
[Motor9] EDGE UTC : 2026-08-12T01:54:34.931439+00:00
[Motor9] CLOUD UTC: 2026-08-12T01:54:41.745147+00:00
-------------
Batch 0Nm_BPFI_03:63 from Motor9 received. Processing...
FFT for batch 0Nm_BPFI_03:63 published to Enterprise/Site/Area/Motor9/Analysis/Vibration/fft
Prediction for batch 0Nm_BPFI_03:63 published to Enterprise/Site/Area/Motor9/Analysis/Diagnosis/prediction
-----------------------------------------
[Motor2] raw_latency_ms=7048.921
[Motor2] EDGE UTC : 2026-08-12T01:54:34.812585+00:00
[Motor2] CLOUD UTC: 2026-08-12T01:54:41.861505+00:00
-------------
Batch 0Nm_BPFI_03:27 from Motor2 received. Processing...
FFT for batch 0Nm_BPFI_03:27 published to Enterprise/Site/Area/Motor2/Analysis/Vibration/fft
Prediction for batch 0Nm_BPFI_03:27 published to Enterprise/Site/Area/Motor2/Analysis/Diagnosis/prediction
-----------------------------------------
[Motor4] raw_latency_ms=7034.007
[Motor4] EDGE UTC : 2026-08-12T01:54:34.933978+00:00
[Motor4] CLOUD UTC: 2026-08-12T01:54:41.967985+00:00
-------------
Batch 0Nm_BPFI_03:161 from Motor4 received. Processing...
FFT for batch 0Nm_BPFI_03:161 published to Enterprise/Site/Area/Motor4/Analysis/Vibration/fft
Prediction for batch 0Nm_BPFI_03:161 published to Enterprise/Site/Area/Motor4/Analysis/Diagnosis/prediction
-----------------------------------------
[Motor5] raw_latency_ms=7088.991
[Motor5] EDGE UTC : 2026-08-12T01:54:34.987203+00:00
[Motor5] CLOUD UTC: 2026-08-12T01:54:42.076194+00:00
-------------
Batch 0Nm_BPFI_03:144 from Motor5 received. Processing...
FFT for batch 0Nm_BPFI_03:144 published to Enterprise/Site/Area/Motor5/Analysis/Vibration/fft
Prediction for batch 0Nm_BPFI_03:144 published to Enterprise/Site/Area/Motor5/Analysis/Diagnosis/prediction
-----------------------------------------
[Motor3] raw_latency_ms=6865.452
[Motor3] EDGE UTC : 2026-08-12T01:54:35.315117+00:00
[Motor3] CLOUD UTC: 2026-08-12T01:54:42.180569+00:00
-------------
Batch 0Nm_BPFI_03:14 from Motor3 received. Processing...
FFT for batch 0Nm_BPFI_03:14 published to Enterprise/Site/Area/Motor3/Analysis/Vibration/fft
Prediction for batch 0Nm_BPFI_03:14 published to Enterprise/Site/Area/Motor3/Analysis/Diagnosis/prediction
-----------------------------------------
[Motor8] raw_latency_ms=7027.014
[Motor8] EDGE UTC : 2026-08-12T01:54:35.268815+00:00
[Motor8] CLOUD UTC: 2026-08-12T01:54:42.295830+00:00
-------------
Batch 0Nm_BPFI_03:80 from Motor8 received. Processing...
FFT for batch 0Nm_BPFI_03:80 published to Enterprise/Site/Area/Motor8/Analysis/Vibration/fft
Prediction for batch 0Nm_BPFI_03:80 published to Enterprise/Site/Area/Motor8/Analysis/Diagnosis/prediction
-----------------------------------------
[Motor1] raw_latency_ms=9523.758
[Motor1] EDGE UTC : 2026-08-12T01:54:32.874665+00:00
[Motor1] CLOUD UTC: 2026-08-12T01:54:42.398423+00:00
-------------
Batch 0Nm_BPFI_03:46 from Motor1 received. Processing...
FFT for batch 0Nm_BPFI_03:46 published to Enterprise/Site/Area/Motor1/Analysis/Vibration/fft
Prediction for batch 0Nm_BPFI_03:46 published to Enterprise/Site/Area/Motor1/Analysis/Diagnosis/prediction
-----------------------------------------
[Motor6] raw_latency_ms=6852.137
[Motor6] EDGE UTC : 2026-08-12T01:54:35.708102+00:00
[Motor6] CLOUD UTC: 2026-08-12T01:54:42.560239+00:00
-------------
Batch 0Nm_BPFI_03:129 from Motor6 received. Processing...
FFT for batch 0Nm_BPFI_03:129 published to Enterprise/Site/Area/Motor6/Analysis/Vibration/fft
Prediction for batch 0Nm_BPFI_03:129 published to Enterprise/Site/Area/Motor6/Analysis/Diagnosis/prediction
-----------------------------------------
[Motor9] raw_latency_ms=6729.929
[Motor9] EDGE UTC : 2026-08-12T01:54:35.937245+00:00
[Motor9] CLOUD UTC: 2026-08-12T01:54:42.667174+00:00
-------------
Batch 0Nm_BPFI_03:64 from Motor9 received. Processing...
FFT for batch 0Nm_BPFI_03:64 published to Enterprise/Site/Area/Motor9/Analysis/Vibration/fft
Prediction for batch 0Nm_BPFI_03:64 published to Enterprise/Site/Area/Motor9/Analysis/Diagnosis/prediction
-----------------------------------------
[Motor7] raw_latency_ms=6801.455
[Motor7] EDGE UTC : 2026-08-12T01:54:35.974414+00:00
[Motor7] CLOUD UTC: 2026-08-12T01:54:42.775869+00:00
-------------
Batch 0Nm_BPFI_03:98 from Motor7 received. Processing...
FFT for batch 0Nm_BPFI_03:98 published to Enterprise/Site/Area/Motor7/Analysis/Vibration/fft
Prediction for batch 0Nm_BPFI_03:98 published to Enterprise/Site/Area/Motor7/Analysis/Diagnosis/prediction
-----------------------------------------
[Motor2] raw_latency_ms=7050.053
[Motor2] EDGE UTC : 2026-08-12T01:54:35.831243+00:00
[Motor2] CLOUD UTC: 2026-08-12T01:54:42.881296+00:00
-------------
Batch 0Nm_BPFI_03:28 from Motor2 received. Processing...
FFT for batch 0Nm_BPFI_03:28 published to Enterprise/Site/Area/Motor2/Analysis/Vibration/fft
Prediction for batch 0Nm_BPFI_03:28 published to Enterprise/Site/Area/Motor2/Analysis/Diagnosis/prediction
-----------------------------------------
[Motor6] raw_latency_ms=6274.971
[Motor6] EDGE UTC : 2026-08-12T01:54:36.715038+00:00
[Motor6] CLOUD UTC: 2026-08-12T01:54:42.990009+00:00
-------------
Batch 0Nm_BPFI_03:130 from Motor6 received. Processing...
FFT for batch 0Nm_BPFI_03:130 published to Enterprise/Site/Area/Motor6/Analysis/Vibration/fft
Prediction for batch 0Nm_BPFI_03:130 published to Enterprise/Site/Area/Motor6/Analysis/Diagnosis/prediction
-----------------------------------------
[Motor9] raw_latency_ms=6148.503
[Motor9] EDGE UTC : 2026-08-12T01:54:36.943402+00:00
[Motor9] CLOUD UTC: 2026-08-12T01:54:43.091906+00:00
-------------
Batch 0Nm_BPFI_03:65 from Motor9 received. Processing...
FFT for batch 0Nm_BPFI_03:65 published to Enterprise/Site/Area/Motor9/Analysis/Vibration/fft
Prediction for batch 0Nm_BPFI_03:65 published to Enterprise/Site/Area/Motor9/Analysis/Diagnosis/prediction
-----------------------------------------
[Motor7] raw_latency_ms=6192.261
[Motor7] EDGE UTC : 2026-08-12T01:54:37.012530+00:00
[Motor7] CLOUD UTC: 2026-08-12T01:54:43.204791+00:00
-------------
Batch 0Nm_BPFI_03:99 from Motor7 received. Processing...
FFT for batch 0Nm_BPFI_03:99 published to Enterprise/Site/Area/Motor7/Analysis/Vibration/fft
Prediction for batch 0Nm_BPFI_03:99 published to Enterprise/Site/Area/Motor7/Analysis/Diagnosis/prediction
-----------------------------------------
[Motor2] raw_latency_ms=6459.090
[Motor2] EDGE UTC : 2026-08-12T01:54:36.849958+00:00
[Motor2] CLOUD UTC: 2026-08-12T01:54:43.309049+00:00
-------------
Batch 0Nm_BPFI_03:29 from Motor2 received. Processing...
FFT for batch 0Nm_BPFI_03:29 published to Enterprise/Site/Area/Motor2/Analysis/Vibration/fft
Prediction for batch 0Nm_BPFI_03:29 published to Enterprise/Site/Area/Motor2/Analysis/Diagnosis/prediction
-----------------------------------------
[Motor5] raw_latency_ms=6397.314
[Motor5] EDGE UTC : 2026-08-12T01:54:37.024827+00:00
[Motor5] CLOUD UTC: 2026-08-12T01:54:43.422141+00:00
-------------
Batch 0Nm_BPFI_03:146 from Motor5 received. Processing...
FFT for batch 0Nm_BPFI_03:146 published to Enterprise/Site/Area/Motor5/Analysis/Vibration/fft
Prediction for batch 0Nm_BPFI_03:146 published to Enterprise/Site/Area/Motor5/Analysis/Diagnosis/prediction
-----------------------------------------
[Motor4] raw_latency_ms=6528.232
[Motor4] EDGE UTC : 2026-08-12T01:54:37.014025+00:00
[Motor4] CLOUD UTC: 2026-08-12T01:54:43.542258+00:00
-------------
Batch 0Nm_BPFI_03:163 from Motor4 received. Processing...
FFT for batch 0Nm_BPFI_03:163 published to Enterprise/Site/Area/Motor4/Analysis/Vibration/fft
Prediction for batch 0Nm_BPFI_03:163 published to Enterprise/Site/Area/Motor4/Analysis/Diagnosis/prediction
-----------------------------------------
[Motor1] raw_latency_ms=7537.140
[Motor1] EDGE UTC : 2026-08-12T01:54:36.115638+00:00
[Motor1] CLOUD UTC: 2026-08-12T01:54:43.652778+00:00
-------------
Batch 0Nm_BPFI_03:49 from Motor1 received. Processing...
FFT for batch 0Nm_BPFI_03:49 published to Enterprise/Site/Area/Motor1/Analysis/Vibration/fft
Prediction for batch 0Nm_BPFI_03:49 published to Enterprise/Site/Area/Motor1/Analysis/Diagnosis/prediction
-----------------------------------------
[Motor3] raw_latency_ms=6430.433
[Motor3] EDGE UTC : 2026-08-12T01:54:37.326439+00:00
[Motor3] CLOUD UTC: 2026-08-12T01:54:43.756872+00:00
-------------
Batch 0Nm_BPFI_03:16 from Motor3 received. Processing...
FFT for batch 0Nm_BPFI_03:16 published to Enterprise/Site/Area/Motor3/Analysis/Vibration/fft
Prediction for batch 0Nm_BPFI_03:16 published to Enterprise/Site/Area/Motor3/Analysis/Diagnosis/prediction
-----------------------------------------
[Motor8] raw_latency_ms=6567.826
[Motor8] EDGE UTC : 2026-08-12T01:54:37.306896+00:00
[Motor8] CLOUD UTC: 2026-08-12T01:54:43.874722+00:00
-------------
Batch 0Nm_BPFI_03:82 from Motor8 received. Processing...
FFT for batch 0Nm_BPFI_03:82 published to Enterprise/Site/Area/Motor8/Analysis/Vibration/fft
Prediction for batch 0Nm_BPFI_03:82 published to Enterprise/Site/Area/Motor8/Analysis/Diagnosis/prediction
-----------------------------------------
[Motor6] raw_latency_ms=6260.367
[Motor6] EDGE UTC : 2026-08-12T01:54:37.720791+00:00
[Motor6] CLOUD UTC: 2026-08-12T01:54:43.981158+00:00
-------------
Batch 0Nm_BPFI_03:131 from Motor6 received. Processing...
FFT for batch 0Nm_BPFI_03:131 published to Enterprise/Site/Area/Motor6/Analysis/Vibration/fft
Prediction for batch 0Nm_BPFI_03:131 published to Enterprise/Site/Area/Motor6/Analysis/Diagnosis/prediction
-----------------------------------------
[Motor1] raw_latency_ms=6942.472
[Motor1] EDGE UTC : 2026-08-12T01:54:37.153176+00:00
[Motor1] CLOUD UTC: 2026-08-12T01:54:44.095648+00:00
-------------
Batch 0Nm_BPFI_03:50 from Motor1 received. Processing...
FFT for batch 0Nm_BPFI_03:50 published to Enterprise/Site/Area/Motor1/Analysis/Vibration/fft
Prediction for batch 0Nm_BPFI_03:50 published to Enterprise/Site/Area/Motor1/Analysis/Diagnosis/prediction
-----------------------------------------
[Motor9] raw_latency_ms=6252.132
[Motor9] EDGE UTC : 2026-08-12T01:54:37.950512+00:00
[Motor9] CLOUD UTC: 2026-08-12T01:54:44.202643+00:00
-------------
Batch 0Nm_BPFI_03:66 from Motor9 received. Processing...
FFT for batch 0Nm_BPFI_03:66 published to Enterprise/Site/Area/Motor9/Analysis/Vibration/fft
Prediction for batch 0Nm_BPFI_03:66 published to Enterprise/Site/Area/Motor9/Analysis/Diagnosis/prediction
-----------------------------------------
[Motor2] raw_latency_ms=6443.432
[Motor2] EDGE UTC : 2026-08-12T01:54:37.868433+00:00
[Motor2] CLOUD UTC: 2026-08-12T01:54:44.311866+00:00
-------------
Batch 0Nm_BPFI_03:30 from Motor2 received. Processing...
FFT for batch 0Nm_BPFI_03:30 published to Enterprise/Site/Area/Motor2/Analysis/Vibration/fft
Prediction for batch 0Nm_BPFI_03:30 published to Enterprise/Site/Area/Motor2/Analysis/Diagnosis/prediction
-----------------------------------------
[Motor7] raw_latency_ms=6366.058
[Motor7] EDGE UTC : 2026-08-12T01:54:38.050759+00:00
[Motor7] CLOUD UTC: 2026-08-12T01:54:44.416817+00:00
-------------
Batch 0Nm_BPFI_03:100 from Motor7 received. Processing...
FFT for batch 0Nm_BPFI_03:100 published to Enterprise/Site/Area/Motor7/Analysis/Vibration/fft
Prediction for batch 0Nm_BPFI_03:100 published to Enterprise/Site/Area/Motor7/Analysis/Diagnosis/prediction
-----------------------------------------
[Motor5] raw_latency_ms=6485.266
[Motor5] EDGE UTC : 2026-08-12T01:54:38.047247+00:00
[Motor5] CLOUD UTC: 2026-08-12T01:54:44.532513+00:00
-------------
Batch 0Nm_BPFI_03:147 from Motor5 received. Processing...
FFT for batch 0Nm_BPFI_03:147 published to Enterprise/Site/Area/Motor5/Analysis/Vibration/fft
Prediction for batch 0Nm_BPFI_03:147 published to Enterprise/Site/Area/Motor5/Analysis/Diagnosis/prediction
-----------------------------------------
[Motor4] raw_latency_ms=6596.862
[Motor4] EDGE UTC : 2026-08-12T01:54:38.053290+00:00
[Motor4] CLOUD UTC: 2026-08-12T01:54:44.650152+00:00
-------------
Batch 0Nm_BPFI_03:164 from Motor4 received. Processing...
FFT for batch 0Nm_BPFI_03:164 published to Enterprise/Site/Area/Motor4/Analysis/Vibration/fft
Prediction for batch 0Nm_BPFI_03:164 published to Enterprise/Site/Area/Motor4/Analysis/Diagnosis/prediction
-----------------------------------------
[Motor3] raw_latency_ms=6423.301
[Motor3] EDGE UTC : 2026-08-12T01:54:38.334340+00:00
[Motor3] CLOUD UTC: 2026-08-12T01:54:44.757641+00:00
-------------
Batch 0Nm_BPFI_03:17 from Motor3 received. Processing...
FFT for batch 0Nm_BPFI_03:17 published to Enterprise/Site/Area/Motor3/Analysis/Vibration/fft
Prediction for batch 0Nm_BPFI_03:17 published to Enterprise/Site/Area/Motor3/Analysis/Diagnosis/prediction
-----------------------------------------
[Motor8] raw_latency_ms=6534.833
[Motor8] EDGE UTC : 2026-08-12T01:54:38.325932+00:00
[Motor8] CLOUD UTC: 2026-08-12T01:54:44.860765+00:00
-------------
Batch 0Nm_BPFI_03:83 from Motor8 received. Processing...
FFT for batch 0Nm_BPFI_03:83 published to Enterprise/Site/Area/Motor8/Analysis/Vibration/fft
Prediction for batch 0Nm_BPFI_03:83 published to Enterprise/Site/Area/Motor8/Analysis/Diagnosis/prediction
-----------------------------------------
[Motor6] raw_latency_ms=6285.063
[Motor6] EDGE UTC : 2026-08-12T01:54:38.726606+00:00
[Motor6] CLOUD UTC: 2026-08-12T01:54:45.011669+00:00
-------------
Batch 0Nm_BPFI_03:132 from Motor6 received. Processing...
FFT for batch 0Nm_BPFI_03:132 published to Enterprise/Site/Area/Motor6/Analysis/Vibration/fft
Prediction for batch 0Nm_BPFI_03:132 published to Enterprise/Site/Area/Motor6/Analysis/Diagnosis/prediction
-----------------------------------------
[Motor9] raw_latency_ms=6161.361
[Motor9] EDGE UTC : 2026-08-12T01:54:38.956424+00:00
[Motor9] CLOUD UTC: 2026-08-12T01:54:45.117784+00:00
-------------
Batch 0Nm_BPFI_03:67 from Motor9 received. Processing...
FFT for batch 0Nm_BPFI_03:67 published to Enterprise/Site/Area/Motor9/Analysis/Vibration/fft
Prediction for batch 0Nm_BPFI_03:67 published to Enterprise/Site/Area/Motor9/Analysis/Diagnosis/prediction
-----------------------------------------
[Motor2] raw_latency_ms=6375.332
[Motor2] EDGE UTC : 2026-08-12T01:54:38.887443+00:00
[Motor2] CLOUD UTC: 2026-08-12T01:54:45.262775+00:00
-------------
Batch 0Nm_BPFI_03:31 from Motor2 received. Processing...
FFT for batch 0Nm_BPFI_03:31 published to Enterprise/Site/Area/Motor2/Analysis/Vibration/fft
Prediction for batch 0Nm_BPFI_03:31 published to Enterprise/Site/Area/Motor2/Analysis/Diagnosis/prediction
-----------------------------------------
[Motor7] raw_latency_ms=6279.862
[Motor7] EDGE UTC : 2026-08-12T01:54:39.088947+00:00
[Motor7] CLOUD UTC: 2026-08-12T01:54:45.368809+00:00
-------------
Batch 0Nm_BPFI_03:101 from Motor7 received. Processing...
FFT for batch 0Nm_BPFI_03:101 published to Enterprise/Site/Area/Motor7/Analysis/Vibration/fft
Prediction for batch 0Nm_BPFI_03:101 published to Enterprise/Site/Area/Motor7/Analysis/Diagnosis/prediction
-----------------------------------------
[Motor3] raw_latency_ms=6137.906
[Motor3] EDGE UTC : 2026-08-12T01:54:39.344222+00:00
[Motor3] CLOUD UTC: 2026-08-12T01:54:45.482128+00:00
-------------
Batch 0Nm_BPFI_03:18 from Motor3 received. Processing...
FFT for batch 0Nm_BPFI_03:18 published to Enterprise/Site/Area/Motor3/Analysis/Vibration/fft
Prediction for batch 0Nm_BPFI_03:18 published to Enterprise/Site/Area/Motor3/Analysis/Diagnosis/prediction
-----------------------------------------
[Motor5] raw_latency_ms=6536.926
[Motor5] EDGE UTC : 2026-08-12T01:54:39.067270+00:00
[Motor5] CLOUD UTC: 2026-08-12T01:54:45.604196+00:00
-------------
Batch 0Nm_BPFI_03:148 from Motor5 received. Processing...
FFT for batch 0Nm_BPFI_03:148 published to Enterprise/Site/Area/Motor5/Analysis/Vibration/fft
Prediction for batch 0Nm_BPFI_03:148 published to Enterprise/Site/Area/Motor5/Analysis/Diagnosis/prediction
-----------------------------------------
[Motor4] raw_latency_ms=6631.898
[Motor4] EDGE UTC : 2026-08-12T01:54:39.092233+00:00
[Motor4] CLOUD UTC: 2026-08-12T01:54:45.724131+00:00
-------------
Batch 0Nm_BPFI_03:165 from Motor4 received. Processing...
FFT for batch 0Nm_BPFI_03:165 published to Enterprise/Site/Area/Motor4/Analysis/Vibration/fft
Prediction for batch 0Nm_BPFI_03:165 published to Enterprise/Site/Area/Motor4/Analysis/Diagnosis/prediction
-----------------------------------------
[Motor1] raw_latency_ms=6600.639
[Motor1] EDGE UTC : 2026-08-12T01:54:39.228242+00:00
[Motor1] CLOUD UTC: 2026-08-12T01:54:45.828881+00:00
-------------
Batch 0Nm_BPFI_03:52 from Motor1 received. Processing...
FFT for batch 0Nm_BPFI_03:52 published to Enterprise/Site/Area/Motor1/Analysis/Vibration/fft
Prediction for batch 0Nm_BPFI_03:52 published to Enterprise/Site/Area/Motor1/Analysis/Diagnosis/prediction
-----------------------------------------
[Motor8] raw_latency_ms=6637.555
[Motor8] EDGE UTC : 2026-08-12T01:54:39.344724+00:00
[Motor8] CLOUD UTC: 2026-08-12T01:54:45.982279+00:00
-------------
Batch 0Nm_BPFI_03:84 from Motor8 received. Processing...
FFT for batch 0Nm_BPFI_03:84 published to Enterprise/Site/Area/Motor8/Analysis/Vibration/fft
Prediction for batch 0Nm_BPFI_03:84 published to Enterprise/Site/Area/Motor8/Analysis/Diagnosis/prediction
-----------------------------------------
[Motor6] raw_latency_ms=6358.515
[Motor6] EDGE UTC : 2026-08-12T01:54:39.733732+00:00
[Motor6] CLOUD UTC: 2026-08-12T01:54:46.092246+00:00
-------------
Batch 0Nm_BPFI_03:133 from Motor6 received. Processing...
FFT for batch 0Nm_BPFI_03:133 published to Enterprise/Site/Area/Motor6/Analysis/Vibration/fft
Prediction for batch 0Nm_BPFI_03:133 published to Enterprise/Site/Area/Motor6/Analysis/Diagnosis/prediction
-----------------------------------------
[Motor9] raw_latency_ms=6244.820
[Motor9] EDGE UTC : 2026-08-12T01:54:39.962065+00:00
[Motor9] CLOUD UTC: 2026-08-12T01:54:46.206886+00:00
-------------
Batch 0Nm_BPFI_03:68 from Motor9 received. Processing...
FFT for batch 0Nm_BPFI_03:68 published to Enterprise/Site/Area/Motor9/Analysis/Vibration/fft
Prediction for batch 0Nm_BPFI_03:68 published to Enterprise/Site/Area/Motor9/Analysis/Diagnosis/prediction
-----------------------------------------
[Motor2] raw_latency_ms=6405.438
[Motor2] EDGE UTC : 2026-08-12T01:54:39.906192+00:00
[Motor2] CLOUD UTC: 2026-08-12T01:54:46.311630+00:00
-------------
Batch 0Nm_BPFI_03:32 from Motor2 received. Processing...
FFT for batch 0Nm_BPFI_03:32 published to Enterprise/Site/Area/Motor2/Analysis/Vibration/fft
Prediction for batch 0Nm_BPFI_03:32 published to Enterprise/Site/Area/Motor2/Analysis/Diagnosis/prediction
-----------------------------------------
[Motor7] raw_latency_ms=6295.829
[Motor7] EDGE UTC : 2026-08-12T01:54:40.126515+00:00
[Motor7] CLOUD UTC: 2026-08-12T01:54:46.422344+00:00
-------------
Batch 0Nm_BPFI_03:102 from Motor7 received. Processing...
FFT for batch 0Nm_BPFI_03:102 published to Enterprise/Site/Area/Motor7/Analysis/Vibration/fft
Prediction for batch 0Nm_BPFI_03:102 published to Enterprise/Site/Area/Motor7/Analysis/Diagnosis/prediction
-----------------------------------------
[Motor3] raw_latency_ms=6178.773
[Motor3] EDGE UTC : 2026-08-12T01:54:40.349468+00:00
[Motor3] CLOUD UTC: 2026-08-12T01:54:46.528241+00:00
-------------
Batch 0Nm_BPFI_03:19 from Motor3 received. Processing...
FFT for batch 0Nm_BPFI_03:19 published to Enterprise/Site/Area/Motor3/Analysis/Vibration/fft
Prediction for batch 0Nm_BPFI_03:19 published to Enterprise/Site/Area/Motor3/Analysis/Diagnosis/prediction
-----------------------------------------
[Motor8] raw_latency_ms=6289.688
[Motor8] EDGE UTC : 2026-08-12T01:54:40.363760+00:00
[Motor8] CLOUD UTC: 2026-08-12T01:54:46.653447+00:00
-------------
Batch 0Nm_BPFI_03:85 from Motor8 received. Processing...
FFT for batch 0Nm_BPFI_03:85 published to Enterprise/Site/Area/Motor8/Analysis/Vibration/fft
Prediction for batch 0Nm_BPFI_03:85 published to Enterprise/Site/Area/Motor8/Analysis/Diagnosis/prediction
-----------------------------------------
[Motor6] raw_latency_ms=6085.028
[Motor6] EDGE UTC : 2026-08-12T01:54:40.740194+00:00
[Motor6] CLOUD UTC: 2026-08-12T01:54:46.825222+00:00
-------------
Batch 0Nm_BPFI_03:134 from Motor6 received. Processing...
FFT for batch 0Nm_BPFI_03:134 published to Enterprise/Site/Area/Motor6/Analysis/Vibration/fft
Prediction for batch 0Nm_BPFI_03:134 published to Enterprise/Site/Area/Motor6/Analysis/Diagnosis/prediction
-----------------------------------------
[Motor9] raw_latency_ms=6038.051
[Motor9] EDGE UTC : 2026-08-12T01:54:40.968185+00:00
[Motor9] CLOUD UTC: 2026-08-12T01:54:47.006236+00:00
-------------
Batch 0Nm_BPFI_03:69 from Motor9 received. Processing...
FFT for batch 0Nm_BPFI_03:69 published to Enterprise/Site/Area/Motor9/Analysis/Vibration/fft
Prediction for batch 0Nm_BPFI_03:69 published to Enterprise/Site/Area/Motor9/Analysis/Diagnosis/prediction
-----------------------------------------
[Motor2] raw_latency_ms=6270.421
[Motor2] EDGE UTC : 2026-08-12T01:54:40.924768+00:00
[Motor2] CLOUD UTC: 2026-08-12T01:54:47.195189+00:00
-------------
Batch 0Nm_BPFI_03:33 from Motor2 received. Processing...
FFT for batch 0Nm_BPFI_03:33 published to Enterprise/Site/Area/Motor2/Analysis/Vibration/fft
Prediction for batch 0Nm_BPFI_03:33 published to Enterprise/Site/Area/Motor2/Analysis/Diagnosis/prediction
-----------------------------------------
[Motor7] raw_latency_ms=6220.028
[Motor7] EDGE UTC : 2026-08-12T01:54:41.165685+00:00
[Motor7] CLOUD UTC: 2026-08-12T01:54:47.385714+00:00
-------------
Batch 0Nm_BPFI_03:103 from Motor7 received. Processing...
FFT for batch 0Nm_BPFI_03:103 published to Enterprise/Site/Area/Motor7/Analysis/Vibration/fft
Prediction for batch 0Nm_BPFI_03:103 published to Enterprise/Site/Area/Motor7/Analysis/Diagnosis/prediction
-----------------------------------------
[Motor3] raw_latency_ms=6207.486
[Motor3] EDGE UTC : 2026-08-12T01:54:41.355134+00:00
[Motor3] CLOUD UTC: 2026-08-12T01:54:47.562620+00:00
-------------
Batch 0Nm_BPFI_03:20 from Motor3 received. Processing...
FFT for batch 0Nm_BPFI_03:20 published to Enterprise/Site/Area/Motor3/Analysis/Vibration/fft
Prediction for batch 0Nm_BPFI_03:20 published to Enterprise/Site/Area/Motor3/Analysis/Diagnosis/prediction
-----------------------------------------
[Motor5] raw_latency_ms=6648.532
[Motor5] EDGE UTC : 2026-08-12T01:54:41.107197+00:00
[Motor5] CLOUD UTC: 2026-08-12T01:54:47.755729+00:00
-------------
Batch 0Nm_BPFI_03:150 from Motor5 received. Processing...
FFT for batch 0Nm_BPFI_03:150 published to Enterprise/Site/Area/Motor5/Analysis/Vibration/fft
Prediction for batch 0Nm_BPFI_03:150 published to Enterprise/Site/Area/Motor5/Analysis/Diagnosis/prediction
-----------------------------------------
[Motor8] raw_latency_ms=6537.808
[Motor8] EDGE UTC : 2026-08-12T01:54:41.382874+00:00
[Motor8] CLOUD UTC: 2026-08-12T01:54:47.920682+00:00
-------------
Batch 0Nm_BPFI_03:86 from Motor8 received. Processing...
FFT for batch 0Nm_BPFI_03:86 published to Enterprise/Site/Area/Motor8/Analysis/Vibration/fft
Prediction for batch 0Nm_BPFI_03:86 published to Enterprise/Site/Area/Motor8/Analysis/Diagnosis/prediction
-----------------------------------------
[Motor4] raw_latency_ms=6918.526
[Motor4] EDGE UTC : 2026-08-12T01:54:41.170644+00:00
[Motor4] CLOUD UTC: 2026-08-12T01:54:48.089170+00:00
-------------
Batch 0Nm_BPFI_03:167 from Motor4 received. Processing...
FFT for batch 0Nm_BPFI_03:167 published to Enterprise/Site/Area/Motor4/Analysis/Vibration/fft
Prediction for batch 0Nm_BPFI_03:167 published to Enterprise/Site/Area/Motor4/Analysis/Diagnosis/prediction
-----------------------------------------
[Motor1] raw_latency_ms=6964.296
[Motor1] EDGE UTC : 2026-08-12T01:54:41.303736+00:00
[Motor1] CLOUD UTC: 2026-08-12T01:54:48.268032+00:00
-------------
Batch 0Nm_BPFI_03:54 from Motor1 received. Processing...
FFT for batch 0Nm_BPFI_03:54 published to Enterprise/Site/Area/Motor1/Analysis/Vibration/fft
Prediction for batch 0Nm_BPFI_03:54 published to Enterprise/Site/Area/Motor1/Analysis/Diagnosis/prediction
-----------------------------------------
[Motor6] raw_latency_ms=6688.570
[Motor6] EDGE UTC : 2026-08-12T01:54:41.746723+00:00
[Motor6] CLOUD UTC: 2026-08-12T01:54:48.435293+00:00
-------------
Batch 0Nm_BPFI_03:135 from Motor6 received. Processing...
FFT for batch 0Nm_BPFI_03:135 published to Enterprise/Site/Area/Motor6/Analysis/Vibration/fft
Prediction for batch 0Nm_BPFI_03:135 published to Enterprise/Site/Area/Motor6/Analysis/Diagnosis/prediction
-----------------------------------------
[Motor9] raw_latency_ms=6630.489
[Motor9] EDGE UTC : 2026-08-12T01:54:41.973896+00:00
[Motor9] CLOUD UTC: 2026-08-12T01:54:48.604385+00:00
-------------
Batch 0Nm_BPFI_03:70 from Motor9 received. Processing...
FFT for batch 0Nm_BPFI_03:70 published to Enterprise/Site/Area/Motor9/Analysis/Vibration/fft
Prediction for batch 0Nm_BPFI_03:70 published to Enterprise/Site/Area/Motor9/Analysis/Diagnosis/prediction
-----------------------------------------
[Motor2] raw_latency_ms=6845.849
[Motor2] EDGE UTC : 2026-08-12T01:54:41.947051+00:00
[Motor2] CLOUD UTC: 2026-08-12T01:54:48.792900+00:00
-------------
Batch 0Nm_BPFI_03:34 from Motor2 received. Processing...
FFT for batch 0Nm_BPFI_03:34 published to Enterprise/Site/Area/Motor2/Analysis/Vibration/fft
Prediction for batch 0Nm_BPFI_03:34 published to Enterprise/Site/Area/Motor2/Analysis/Diagnosis/prediction
-----------------------------------------
[Motor7] raw_latency_ms=6747.488
[Motor7] EDGE UTC : 2026-08-12T01:54:42.203733+00:00
[Motor7] CLOUD UTC: 2026-08-12T01:54:48.951221+00:00
-------------
Batch 0Nm_BPFI_03:104 from Motor7 received. Processing...
FFT for batch 0Nm_BPFI_03:104 published to Enterprise/Site/Area/Motor7/Analysis/Vibration/fft
Prediction for batch 0Nm_BPFI_03:104 published to Enterprise/Site/Area/Motor7/Analysis/Diagnosis/prediction
-----------------------------------------
[Motor5] raw_latency_ms=7019.844
[Motor5] EDGE UTC : 2026-08-12T01:54:42.128858+00:00
[Motor5] CLOUD UTC: 2026-08-12T01:54:49.148701+00:00
-------------
Batch 0Nm_BPFI_03:151 from Motor5 received. Processing...
FFT for batch 0Nm_BPFI_03:151 published to Enterprise/Site/Area/Motor5/Analysis/Vibration/fft
Prediction for batch 0Nm_BPFI_03:151 published to Enterprise/Site/Area/Motor5/Analysis/Diagnosis/prediction
-----------------------------------------
[Motor8] raw_latency_ms=6912.134
[Motor8] EDGE UTC : 2026-08-12T01:54:42.403209+00:00
[Motor8] CLOUD UTC: 2026-08-12T01:54:49.315343+00:00
-------------
Batch 0Nm_BPFI_03:87 from Motor8 received. Processing...
FFT for batch 0Nm_BPFI_03:87 published to Enterprise/Site/Area/Motor8/Analysis/Vibration/fft
Prediction for batch 0Nm_BPFI_03:87 published to Enterprise/Site/Area/Motor8/Analysis/Diagnosis/prediction
-----------------------------------------
[Motor1] raw_latency_ms=7133.013
[Motor1] EDGE UTC : 2026-08-12T01:54:42.341400+00:00
[Motor1] CLOUD UTC: 2026-08-12T01:54:49.474412+00:00
-------------
Batch 0Nm_BPFI_03:55 from Motor1 received. Processing...
FFT for batch 0Nm_BPFI_03:55 published to Enterprise/Site/Area/Motor1/Analysis/Vibration/fft
Prediction for batch 0Nm_BPFI_03:55 published to Enterprise/Site/Area/Motor1/Analysis/Diagnosis/prediction
-----------------------------------------
[Motor3] raw_latency_ms=7316.067
[Motor3] EDGE UTC : 2026-08-12T01:54:42.361347+00:00
[Motor3] CLOUD UTC: 2026-08-12T01:54:49.677415+00:00
-------------
Batch 0Nm_BPFI_03:21 from Motor3 received. Processing...
FFT for batch 0Nm_BPFI_03:21 published to Enterprise/Site/Area/Motor3/Analysis/Vibration/fft
Prediction for batch 0Nm_BPFI_03:21 published to Enterprise/Site/Area/Motor3/Analysis/Diagnosis/prediction
-----------------------------------------
[Motor6] raw_latency_ms=7126.853
[Motor6] EDGE UTC : 2026-08-12T01:54:42.752351+00:00
[Motor6] CLOUD UTC: 2026-08-12T01:54:49.879204+00:00
-------------
Batch 0Nm_BPFI_03:136 from Motor6 received. Processing...
FFT for batch 0Nm_BPFI_03:136 published to Enterprise/Site/Area/Motor6/Analysis/Vibration/fft
Prediction for batch 0Nm_BPFI_03:136 published to Enterprise/Site/Area/Motor6/Analysis/Diagnosis/prediction
-----------------------------------------
[Motor4] raw_latency_ms=7867.160
[Motor4] EDGE UTC : 2026-08-12T01:54:42.209814+00:00
[Motor4] CLOUD UTC: 2026-08-12T01:54:50.076974+00:00
-------------
Batch 0Nm_BPFI_03:168 from Motor4 received. Processing...
FFT for batch 0Nm_BPFI_03:168 published to Enterprise/Site/Area/Motor4/Analysis/Vibration/fft
Prediction for batch 0Nm_BPFI_03:168 published to Enterprise/Site/Area/Motor4/Analysis/Diagnosis/prediction
-----------------------------------------
[Motor9] raw_latency_ms=7311.360
[Motor9] EDGE UTC : 2026-08-12T01:54:42.979008+00:00
[Motor9] CLOUD UTC: 2026-08-12T01:54:50.290369+00:00
-------------
Batch 0Nm_BPFI_03:71 from Motor9 received. Processing...
FFT for batch 0Nm_BPFI_03:71 published to Enterprise/Site/Area/Motor9/Analysis/Vibration/fft
Prediction for batch 0Nm_BPFI_03:71 published to Enterprise/Site/Area/Motor9/Analysis/Diagnosis/prediction
-----------------------------------------
[Motor2] raw_latency_ms=7522.981
[Motor2] EDGE UTC : 2026-08-12T01:54:42.966374+00:00
[Motor2] CLOUD UTC: 2026-08-12T01:54:50.489355+00:00
-------------
Batch 0Nm_BPFI_03:35 from Motor2 received. Processing...
FFT for batch 0Nm_BPFI_03:35 published to Enterprise/Site/Area/Motor2/Analysis/Vibration/fft
Prediction for batch 0Nm_BPFI_03:35 published to Enterprise/Site/Area/Motor2/Analysis/Diagnosis/prediction
-----------------------------------------
[Motor7] raw_latency_ms=7455.646
[Motor7] EDGE UTC : 2026-08-12T01:54:43.241663+00:00
[Motor7] CLOUD UTC: 2026-08-12T01:54:50.697308+00:00
-------------
Batch 0Nm_BPFI_03:105 from Motor7 received. Processing...
FFT for batch 0Nm_BPFI_03:105 published to Enterprise/Site/Area/Motor7/Analysis/Vibration/fft
Prediction for batch 0Nm_BPFI_03:105 published to Enterprise/Site/Area/Motor7/Analysis/Diagnosis/prediction
-----------------------------------------
[Motor5] raw_latency_ms=7760.832
[Motor5] EDGE UTC : 2026-08-12T01:54:43.147905+00:00
[Motor5] CLOUD UTC: 2026-08-12T01:54:50.908737+00:00
-------------
Batch 0Nm_BPFI_03:152 from Motor5 received. Processing...
FFT for batch 0Nm_BPFI_03:152 published to Enterprise/Site/Area/Motor5/Analysis/Vibration/fft
Prediction for batch 0Nm_BPFI_03:152 published to Enterprise/Site/Area/Motor5/Analysis/Diagnosis/prediction
-----------------------------------------
[Motor3] raw_latency_ms=7707.528
[Motor3] EDGE UTC : 2026-08-12T01:54:43.367141+00:00
[Motor3] CLOUD UTC: 2026-08-12T01:54:51.074670+00:00
-------------
Batch 0Nm_BPFI_03:22 from Motor3 received. Processing...
FFT for batch 0Nm_BPFI_03:22 published to Enterprise/Site/Area/Motor3/Analysis/Vibration/fft
Prediction for batch 0Nm_BPFI_03:22 published to Enterprise/Site/Area/Motor3/Analysis/Diagnosis/prediction
-----------------------------------------
[Motor8] raw_latency_ms=7804.003
[Motor8] EDGE UTC : 2026-08-12T01:54:43.422376+00:00
[Motor8] CLOUD UTC: 2026-08-12T01:54:51.226379+00:00
-------------
Batch 0Nm_BPFI_03:88 from Motor8 received. Processing...
FFT for batch 0Nm_BPFI_03:88 published to Enterprise/Site/Area/Motor8/Analysis/Vibration/fft
Prediction for batch 0Nm_BPFI_03:88 published to Enterprise/Site/Area/Motor8/Analysis/Diagnosis/prediction
-----------------------------------------
[Motor4] raw_latency_ms=8082.986
[Motor4] EDGE UTC : 2026-08-12T01:54:43.249022+00:00
[Motor4] CLOUD UTC: 2026-08-12T01:54:51.332007+00:00
-------------
Batch 0Nm_BPFI_03:169 from Motor4 received. Processing...
FFT for batch 0Nm_BPFI_03:169 published to Enterprise/Site/Area/Motor4/Analysis/Vibration/fft
Prediction for batch 0Nm_BPFI_03:169 published to Enterprise/Site/Area/Motor4/Analysis/Diagnosis/prediction
-----------------------------------------
[Motor1] raw_latency_ms=8060.042
[Motor1] EDGE UTC : 2026-08-12T01:54:43.379115+00:00
[Motor1] CLOUD UTC: 2026-08-12T01:54:51.439157+00:00
-------------
Batch 0Nm_BPFI_03:56 from Motor1 received. Processing...
FFT for batch 0Nm_BPFI_03:56 published to Enterprise/Site/Area/Motor1/Analysis/Vibration/fft
Prediction for batch 0Nm_BPFI_03:56 published to Enterprise/Site/Area/Motor1/Analysis/Diagnosis/prediction
-----------------------------------------
[Motor6] raw_latency_ms=7786.664
[Motor6] EDGE UTC : 2026-08-12T01:54:43.758271+00:00
[Motor6] CLOUD UTC: 2026-08-12T01:54:51.544935+00:00
-------------
Batch 0Nm_BPFI_03:137 from Motor6 received. Processing...
FFT for batch 0Nm_BPFI_03:137 published to Enterprise/Site/Area/Motor6/Analysis/Vibration/fft
Prediction for batch 0Nm_BPFI_03:137 published to Enterprise/Site/Area/Motor6/Analysis/Diagnosis/prediction
-----------------------------------------
[Motor9] raw_latency_ms=7668.730
[Motor9] EDGE UTC : 2026-08-12T01:54:43.985178+00:00
[Motor9] CLOUD UTC: 2026-08-12T01:54:51.653907+00:00
-------------
Batch 0Nm_BPFI_03:72 from Motor9 received. Processing...
FFT for batch 0Nm_BPFI_03:72 published to Enterprise/Site/Area/Motor9/Analysis/Vibration/fft
Prediction for batch 0Nm_BPFI_03:72 published to Enterprise/Site/Area/Motor9/Analysis/Diagnosis/prediction
-----------------------------------------
[Motor2] raw_latency_ms=7771.793
[Motor2] EDGE UTC : 2026-08-12T01:54:43.984933+00:00
[Motor2] CLOUD UTC: 2026-08-12T01:54:51.756727+00:00
-------------
Batch 0Nm_BPFI_03:36 from Motor2 received. Processing...
FFT for batch 0Nm_BPFI_03:36 published to Enterprise/Site/Area/Motor2/Analysis/Vibration/fft
Prediction for batch 0Nm_BPFI_03:36 published to Enterprise/Site/Area/Motor2/Analysis/Diagnosis/prediction
-----------------------------------------
[Motor3] raw_latency_ms=7503.739
[Motor3] EDGE UTC : 2026-08-12T01:54:44.372535+00:00
[Motor3] CLOUD UTC: 2026-08-12T01:54:51.876274+00:00
-------------
Batch 0Nm_BPFI_03:23 from Motor3 received. Processing...
FFT for batch 0Nm_BPFI_03:23 published to Enterprise/Site/Area/Motor3/Analysis/Vibration/fft
Prediction for batch 0Nm_BPFI_03:23 published to Enterprise/Site/Area/Motor3/Analysis/Diagnosis/prediction
-----------------------------------------
[Motor5] raw_latency_ms=7834.854
[Motor5] EDGE UTC : 2026-08-12T01:54:44.166814+00:00
[Motor5] CLOUD UTC: 2026-08-12T01:54:52.001668+00:00
-------------
Batch 0Nm_BPFI_03:153 from Motor5 received. Processing...
FFT for batch 0Nm_BPFI_03:153 published to Enterprise/Site/Area/Motor5/Analysis/Vibration/fft
Prediction for batch 0Nm_BPFI_03:153 published to Enterprise/Site/Area/Motor5/Analysis/Diagnosis/prediction
-----------------------------------------
[Motor8] raw_latency_ms=7673.582
[Motor8] EDGE UTC : 2026-08-12T01:54:44.441248+00:00
[Motor8] CLOUD UTC: 2026-08-12T01:54:52.114830+00:00
-------------
Batch 0Nm_BPFI_03:89 from Motor8 received. Processing...
FFT for batch 0Nm_BPFI_03:89 published to Enterprise/Site/Area/Motor8/Analysis/Vibration/fft
Prediction for batch 0Nm_BPFI_03:89 published to Enterprise/Site/Area/Motor8/Analysis/Diagnosis/prediction
-----------------------------------------
[Motor7] raw_latency_ms=7940.012
[Motor7] EDGE UTC : 2026-08-12T01:54:44.279669+00:00
[Motor7] CLOUD UTC: 2026-08-12T01:54:52.219681+00:00
-------------
Batch 0Nm_BPFI_03:106 from Motor7 received. Processing...
FFT for batch 0Nm_BPFI_03:106 published to Enterprise/Site/Area/Motor7/Analysis/Vibration/fft
Prediction for batch 0Nm_BPFI_03:106 published to Enterprise/Site/Area/Motor7/Analysis/Diagnosis/prediction
-----------------------------------------
[Motor1] raw_latency_ms=7923.070
[Motor1] EDGE UTC : 2026-08-12T01:54:44.416671+00:00
[Motor1] CLOUD UTC: 2026-08-12T01:54:52.339741+00:00
-------------
Batch 0Nm_BPFI_03:57 from Motor1 received. Processing...
FFT for batch 0Nm_BPFI_03:57 published to Enterprise/Site/Area/Motor1/Analysis/Vibration/fft
Prediction for batch 0Nm_BPFI_03:57 published to Enterprise/Site/Area/Motor1/Analysis/Diagnosis/prediction
-----------------------------------------
[Motor4] raw_latency_ms=8158.252
[Motor4] EDGE UTC : 2026-08-12T01:54:44.286354+00:00
[Motor4] CLOUD UTC: 2026-08-12T01:54:52.444605+00:00
-------------
Batch 0Nm_BPFI_03:170 from Motor4 received. Processing...
FFT for batch 0Nm_BPFI_03:170 published to Enterprise/Site/Area/Motor4/Analysis/Vibration/fft
Prediction for batch 0Nm_BPFI_03:170 published to Enterprise/Site/Area/Motor4/Analysis/Diagnosis/prediction
-----------------------------------------
[Motor6] raw_latency_ms=7791.450
[Motor6] EDGE UTC : 2026-08-12T01:54:44.764691+00:00
[Motor6] CLOUD UTC: 2026-08-12T01:54:52.556141+00:00
-------------
Batch 0Nm_BPFI_03:138 from Motor6 received. Processing...
FFT for batch 0Nm_BPFI_03:138 published to Enterprise/Site/Area/Motor6/Analysis/Vibration/fft
Prediction for batch 0Nm_BPFI_03:138 published to Enterprise/Site/Area/Motor6/Analysis/Diagnosis/prediction
-----------------------------------------
[Motor9] raw_latency_ms=7670.971
[Motor9] EDGE UTC : 2026-08-12T01:54:44.991778+00:00
[Motor9] CLOUD UTC: 2026-08-12T01:54:52.662748+00:00
-------------
Batch 0Nm_BPFI_03:73 from Motor9 received. Processing...
FFT for batch 0Nm_BPFI_03:73 published to Enterprise/Site/Area/Motor9/Analysis/Vibration/fft
Prediction for batch 0Nm_BPFI_03:73 published to Enterprise/Site/Area/Motor9/Analysis/Diagnosis/prediction
-----------------------------------------
[Motor2] raw_latency_ms=7765.454
[Motor2] EDGE UTC : 2026-08-12T01:54:45.006992+00:00
[Motor2] CLOUD UTC: 2026-08-12T01:54:52.772446+00:00
-------------
Batch 0Nm_BPFI_03:37 from Motor2 received. Processing...
FFT for batch 0Nm_BPFI_03:37 published to Enterprise/Site/Area/Motor2/Analysis/Vibration/fft
Prediction for batch 0Nm_BPFI_03:37 published to Enterprise/Site/Area/Motor2/Analysis/Diagnosis/prediction
-----------------------------------------
[Motor3] raw_latency_ms=7497.947
[Motor3] EDGE UTC : 2026-08-12T01:54:45.378586+00:00
[Motor3] CLOUD UTC: 2026-08-12T01:54:52.876533+00:00
-------------
Batch 0Nm_BPFI_03:24 from Motor3 received. Processing...
FFT for batch 0Nm_BPFI_03:24 published to Enterprise/Site/Area/Motor3/Analysis/Vibration/fft
Prediction for batch 0Nm_BPFI_03:24 published to Enterprise/Site/Area/Motor3/Analysis/Diagnosis/prediction
-----------------------------------------
[Motor7] raw_latency_ms=7685.872
[Motor7] EDGE UTC : 2026-08-12T01:54:45.317479+00:00
[Motor7] CLOUD UTC: 2026-08-12T01:54:53.003351+00:00
-------------
Batch 0Nm_BPFI_03:107 from Motor7 received. Processing...
FFT for batch 0Nm_BPFI_03:107 published to Enterprise/Site/Area/Motor7/Analysis/Vibration/fft
Prediction for batch 0Nm_BPFI_03:107 published to Enterprise/Site/Area/Motor7/Analysis/Diagnosis/prediction
-----------------------------------------
[Motor5] raw_latency_ms=7925.989
[Motor5] EDGE UTC : 2026-08-12T01:54:45.187230+00:00
[Motor5] CLOUD UTC: 2026-08-12T01:54:53.113219+00:00
-------------
Batch 0Nm_BPFI_03:154 from Motor5 received. Processing...
FFT for batch 0Nm_BPFI_03:154 published to Enterprise/Site/Area/Motor5/Analysis/Vibration/fft
Prediction for batch 0Nm_BPFI_03:154 published to Enterprise/Site/Area/Motor5/Analysis/Diagnosis/prediction
-----------------------------------------
[Motor8] raw_latency_ms=7761.352
[Motor8] EDGE UTC : 2026-08-12T01:54:45.463124+00:00
[Motor8] CLOUD UTC: 2026-08-12T01:54:53.224476+00:00
-------------
Batch 0Nm_BPFI_03:90 from Motor8 received. Processing...
FFT for batch 0Nm_BPFI_03:90 published to Enterprise/Site/Area/Motor8/Analysis/Vibration/fft
Prediction for batch 0Nm_BPFI_03:90 published to Enterprise/Site/Area/Motor8/Analysis/Diagnosis/prediction
-----------------------------------------
[Motor4] raw_latency_ms=8009.583
[Motor4] EDGE UTC : 2026-08-12T01:54:45.323738+00:00
[Motor4] CLOUD UTC: 2026-08-12T01:54:53.333321+00:00
-------------
Batch 0Nm_BPFI_03:171 from Motor4 received. Processing...
FFT for batch 0Nm_BPFI_03:171 published to Enterprise/Site/Area/Motor4/Analysis/Vibration/fft
Prediction for batch 0Nm_BPFI_03:171 published to Enterprise/Site/Area/Motor4/Analysis/Diagnosis/prediction
-----------------------------------------
[Motor1] raw_latency_ms=7989.769
[Motor1] EDGE UTC : 2026-08-12T01:54:45.454054+00:00
[Motor1] CLOUD UTC: 2026-08-12T01:54:53.443823+00:00
-------------
Batch 0Nm_BPFI_03:58 from Motor1 received. Processing...
FFT for batch 0Nm_BPFI_03:58 published to Enterprise/Site/Area/Motor1/Analysis/Vibration/fft
Prediction for batch 0Nm_BPFI_03:58 published to Enterprise/Site/Area/Motor1/Analysis/Diagnosis/prediction
-----------------------------------------
[Motor6] raw_latency_ms=7783.011
[Motor6] EDGE UTC : 2026-08-12T01:54:45.768610+00:00
[Motor6] CLOUD UTC: 2026-08-12T01:54:53.551621+00:00
-------------
Batch 0Nm_BPFI_03:139 from Motor6 received. Processing...
FFT for batch 0Nm_BPFI_03:139 published to Enterprise/Site/Area/Motor6/Analysis/Vibration/fft
Prediction for batch 0Nm_BPFI_03:139 published to Enterprise/Site/Area/Motor6/Analysis/Diagnosis/prediction
-----------------------------------------
[Motor2] raw_latency_ms=7637.735
[Motor2] EDGE UTC : 2026-08-12T01:54:46.025784+00:00
[Motor2] CLOUD UTC: 2026-08-12T01:54:53.663518+00:00
-------------
Batch 0Nm_BPFI_03:38 from Motor2 received. Processing...
FFT for batch 0Nm_BPFI_03:38 published to Enterprise/Site/Area/Motor2/Analysis/Vibration/fft
Prediction for batch 0Nm_BPFI_03:38 published to Enterprise/Site/Area/Motor2/Analysis/Diagnosis/prediction
-----------------------------------------
[Motor9] raw_latency_ms=7775.080
[Motor9] EDGE UTC : 2026-08-12T01:54:45.997552+00:00
[Motor9] CLOUD UTC: 2026-08-12T01:54:53.772632+00:00
-------------
Batch 0Nm_BPFI_03:74 from Motor9 received. Processing...
FFT for batch 0Nm_BPFI_03:74 published to Enterprise/Site/Area/Motor9/Analysis/Vibration/fft
Prediction for batch 0Nm_BPFI_03:74 published to Enterprise/Site/Area/Motor9/Analysis/Diagnosis/prediction
-----------------------------------------
[Motor3] raw_latency_ms=7495.686
[Motor3] EDGE UTC : 2026-08-12T01:54:46.385797+00:00
[Motor3] CLOUD UTC: 2026-08-12T01:54:53.881483+00:00
-------------
Batch 0Nm_BPFI_03:25 from Motor3 received. Processing...
FFT for batch 0Nm_BPFI_03:25 published to Enterprise/Site/Area/Motor3/Analysis/Vibration/fft
Prediction for batch 0Nm_BPFI_03:25 published to Enterprise/Site/Area/Motor3/Analysis/Diagnosis/prediction
-----------------------------------------
[Motor5] raw_latency_ms=7784.265
[Motor5] EDGE UTC : 2026-08-12T01:54:46.206559+00:00
[Motor5] CLOUD UTC: 2026-08-12T01:54:53.990824+00:00
-------------
Batch 0Nm_BPFI_03:155 from Motor5 received. Processing...
FFT for batch 0Nm_BPFI_03:155 published to Enterprise/Site/Area/Motor5/Analysis/Vibration/fft
Prediction for batch 0Nm_BPFI_03:155 published to Enterprise/Site/Area/Motor5/Analysis/Diagnosis/prediction
-----------------------------------------
[Motor8] raw_latency_ms=7640.225
[Motor8] EDGE UTC : 2026-08-12T01:54:46.482096+00:00
[Motor8] CLOUD UTC: 2026-08-12T01:54:54.122321+00:00
-------------
Batch 0Nm_BPFI_03:91 from Motor8 received. Processing...
FFT for batch 0Nm_BPFI_03:91 published to Enterprise/Site/Area/Motor8/Analysis/Vibration/fft
Prediction for batch 0Nm_BPFI_03:91 published to Enterprise/Site/Area/Motor8/Analysis/Diagnosis/prediction
-----------------------------------------
[Motor7] raw_latency_ms=7871.791
[Motor7] EDGE UTC : 2026-08-12T01:54:46.356398+00:00
[Motor7] CLOUD UTC: 2026-08-12T01:54:54.228189+00:00
-------------
Batch 0Nm_BPFI_03:108 from Motor7 received. Processing...
FFT for batch 0Nm_BPFI_03:108 published to Enterprise/Site/Area/Motor7/Analysis/Vibration/fft
Prediction for batch 0Nm_BPFI_03:108 published to Enterprise/Site/Area/Motor7/Analysis/Diagnosis/prediction
-----------------------------------------
[Motor4] raw_latency_ms=7976.441
[Motor4] EDGE UTC : 2026-08-12T01:54:46.362023+00:00
[Motor4] CLOUD UTC: 2026-08-12T01:54:54.338464+00:00
-------------
Batch 0Nm_BPFI_03:172 from Motor4 received. Processing...
FFT for batch 0Nm_BPFI_03:172 published to Enterprise/Site/Area/Motor4/Analysis/Vibration/fft
Prediction for batch 0Nm_BPFI_03:172 published to Enterprise/Site/Area/Motor4/Analysis/Diagnosis/prediction
-----------------------------------------
[Motor1] raw_latency_ms=7950.805
[Motor1] EDGE UTC : 2026-08-12T01:54:46.492244+00:00
[Motor1] CLOUD UTC: 2026-08-12T01:54:54.443049+00:00
-------------
Batch 0Nm_BPFI_03:59 from Motor1 received. Processing...
FFT for batch 0Nm_BPFI_03:59 published to Enterprise/Site/Area/Motor1/Analysis/Vibration/fft
Prediction for batch 0Nm_BPFI_03:59 published to Enterprise/Site/Area/Motor1/Analysis/Diagnosis/prediction
-----------------------------------------
[Motor6] raw_latency_ms=7777.227
[Motor6] EDGE UTC : 2026-08-12T01:54:46.774760+00:00
[Motor6] CLOUD UTC: 2026-08-12T01:54:54.551987+00:00
-------------
Batch 0Nm_BPFI_03:140 from Motor6 received. Processing...
FFT for batch 0Nm_BPFI_03:140 published to Enterprise/Site/Area/Motor6/Analysis/Vibration/fft
Prediction for batch 0Nm_BPFI_03:140 published to Enterprise/Site/Area/Motor6/Analysis/Diagnosis/prediction
-----------------------------------------
[Motor9] raw_latency_ms=7653.524
[Motor9] EDGE UTC : 2026-08-12T01:54:47.002783+00:00
[Motor9] CLOUD UTC: 2026-08-12T01:54:54.656307+00:00
-------------
Batch 0Nm_BPFI_03:75 from Motor9 received. Processing...
FFT for batch 0Nm_BPFI_03:75 published to Enterprise/Site/Area/Motor9/Analysis/Vibration/fft
Prediction for batch 0Nm_BPFI_03:75 published to Enterprise/Site/Area/Motor9/Analysis/Diagnosis/prediction
-----------------------------------------
[Motor2] raw_latency_ms=7721.045
[Motor2] EDGE UTC : 2026-08-12T01:54:47.044526+00:00
[Motor2] CLOUD UTC: 2026-08-12T01:54:54.765571+00:00
-------------
Batch 0Nm_BPFI_03:39 from Motor2 received. Processing...
FFT for batch 0Nm_BPFI_03:39 published to Enterprise/Site/Area/Motor2/Analysis/Vibration/fft
Prediction for batch 0Nm_BPFI_03:39 published to Enterprise/Site/Area/Motor2/Analysis/Diagnosis/prediction
-----------------------------------------
[Motor3] raw_latency_ms=7478.851
[Motor3] EDGE UTC : 2026-08-12T01:54:47.391979+00:00
[Motor3] CLOUD UTC: 2026-08-12T01:54:54.870830+00:00
-------------
Batch 0Nm_BPFI_03:26 from Motor3 received. Processing...
FFT for batch 0Nm_BPFI_03:26 published to Enterprise/Site/Area/Motor3/Analysis/Vibration/fft
Prediction for batch 0Nm_BPFI_03:26 published to Enterprise/Site/Area/Motor3/Analysis/Diagnosis/prediction
-----------------------------------------
[Motor7] raw_latency_ms=7621.011
[Motor7] EDGE UTC : 2026-08-12T01:54:47.394686+00:00
[Motor7] CLOUD UTC: 2026-08-12T01:54:55.015698+00:00
-------------
Batch 0Nm_BPFI_03:109 from Motor7 received. Processing...
FFT for batch 0Nm_BPFI_03:109 published to Enterprise/Site/Area/Motor7/Analysis/Vibration/fft
Prediction for batch 0Nm_BPFI_03:109 published to Enterprise/Site/Area/Motor7/Analysis/Diagnosis/prediction
-----------------------------------------
[Motor5] raw_latency_ms=7914.245
[Motor5] EDGE UTC : 2026-08-12T01:54:47.225135+00:00
[Motor5] CLOUD UTC: 2026-08-12T01:54:55.139380+00:00
-------------
Batch 0Nm_BPFI_03:156 from Motor5 received. Processing...
FFT for batch 0Nm_BPFI_03:156 published to Enterprise/Site/Area/Motor5/Analysis/Vibration/fft
Prediction for batch 0Nm_BPFI_03:156 published to Enterprise/Site/Area/Motor5/Analysis/Diagnosis/prediction
-----------------------------------------
[Motor8] raw_latency_ms=7753.418
[Motor8] EDGE UTC : 2026-08-12T01:54:47.500931+00:00
[Motor8] CLOUD UTC: 2026-08-12T01:54:55.254349+00:00
-------------
Batch 0Nm_BPFI_03:92 from Motor8 received. Processing...
FFT for batch 0Nm_BPFI_03:92 published to Enterprise/Site/Area/Motor8/Analysis/Vibration/fft
Prediction for batch 0Nm_BPFI_03:92 published to Enterprise/Site/Area/Motor8/Analysis/Diagnosis/prediction
-----------------------------------------
[Motor4] raw_latency_ms=7958.907
[Motor4] EDGE UTC : 2026-08-12T01:54:47.399578+00:00
[Motor4] CLOUD UTC: 2026-08-12T01:54:55.358485+00:00
-------------
Batch 0Nm_BPFI_03:173 from Motor4 received. Processing...
FFT for batch 0Nm_BPFI_03:173 published to Enterprise/Site/Area/Motor4/Analysis/Vibration/fft
Prediction for batch 0Nm_BPFI_03:173 published to Enterprise/Site/Area/Motor4/Analysis/Diagnosis/prediction
-----------------------------------------
[Motor1] raw_latency_ms=7938.768
[Motor1] EDGE UTC : 2026-08-12T01:54:47.530025+00:00
[Motor1] CLOUD UTC: 2026-08-12T01:54:55.468793+00:00
-------------
Batch 0Nm_BPFI_03:60 from Motor1 received. Processing...
FFT for batch 0Nm_BPFI_03:60 published to Enterprise/Site/Area/Motor1/Analysis/Vibration/fft
Prediction for batch 0Nm_BPFI_03:60 published to Enterprise/Site/Area/Motor1/Analysis/Diagnosis/prediction
-----------------------------------------
[Motor6] raw_latency_ms=7793.491
[Motor6] EDGE UTC : 2026-08-12T01:54:47.782402+00:00
[Motor6] CLOUD UTC: 2026-08-12T01:54:55.575893+00:00
-------------
Batch 0Nm_BPFI_03:141 from Motor6 received. Processing...
FFT for batch 0Nm_BPFI_03:141 published to Enterprise/Site/Area/Motor6/Analysis/Vibration/fft
Prediction for batch 0Nm_BPFI_03:141 published to Enterprise/Site/Area/Motor6/Analysis/Diagnosis/prediction
-----------------------------------------
[Motor9] raw_latency_ms=7688.310
[Motor9] EDGE UTC : 2026-08-12T01:54:48.006316+00:00
[Motor9] CLOUD UTC: 2026-08-12T01:54:55.694627+00:00
-------------
Batch 0Nm_BPFI_03:76 from Motor9 received. Processing...
FFT for batch 0Nm_BPFI_03:76 published to Enterprise/Site/Area/Motor9/Analysis/Vibration/fft
Prediction for batch 0Nm_BPFI_03:76 published to Enterprise/Site/Area/Motor9/Analysis/Diagnosis/prediction
-----------------------------------------
[Motor2] raw_latency_ms=7733.827
[Motor2] EDGE UTC : 2026-08-12T01:54:48.067044+00:00
[Motor2] CLOUD UTC: 2026-08-12T01:54:55.800871+00:00
-------------
Batch 0Nm_BPFI_03:40 from Motor2 received. Processing...
FFT for batch 0Nm_BPFI_03:40 published to Enterprise/Site/Area/Motor2/Analysis/Vibration/fft
Prediction for batch 0Nm_BPFI_03:40 published to Enterprise/Site/Area/Motor2/Analysis/Diagnosis/prediction
-----------------------------------------
[Motor8] raw_latency_ms=7390.289
[Motor8] EDGE UTC : 2026-08-12T01:54:48.520010+00:00
[Motor8] CLOUD UTC: 2026-08-12T01:54:55.910299+00:00
-------------
Batch 0Nm_BPFI_03:93 from Motor8 received. Processing...
FFT for batch 0Nm_BPFI_03:93 published to Enterprise/Site/Area/Motor8/Analysis/Vibration/fft
Prediction for batch 0Nm_BPFI_03:93 published to Enterprise/Site/Area/Motor8/Analysis/Diagnosis/prediction
-----------------------------------------
[Motor3] raw_latency_ms=7620.460
[Motor3] EDGE UTC : 2026-08-12T01:54:48.397416+00:00
[Motor3] CLOUD UTC: 2026-08-12T01:54:56.017877+00:00
-------------
Batch 0Nm_BPFI_03:27 from Motor3 received. Processing...
FFT for batch 0Nm_BPFI_03:27 published to Enterprise/Site/Area/Motor3/Analysis/Vibration/fft
Prediction for batch 0Nm_BPFI_03:27 published to Enterprise/Site/Area/Motor3/Analysis/Diagnosis/prediction
-----------------------------------------
[Motor5] raw_latency_ms=7909.333
[Motor5] EDGE UTC : 2026-08-12T01:54:48.247298+00:00
[Motor5] CLOUD UTC: 2026-08-12T01:54:56.156631+00:00
-------------
Batch 0Nm_BPFI_03:157 from Motor5 received. Processing...
FFT for batch 0Nm_BPFI_03:157 published to Enterprise/Site/Area/Motor5/Analysis/Vibration/fft
Prediction for batch 0Nm_BPFI_03:157 published to Enterprise/Site/Area/Motor5/Analysis/Diagnosis/prediction
-----------------------------------------
[Motor7] raw_latency_ms=7830.653
[Motor7] EDGE UTC : 2026-08-12T01:54:48.432627+00:00
[Motor7] CLOUD UTC: 2026-08-12T01:54:56.263280+00:00
-------------
Batch 0Nm_BPFI_03:110 from Motor7 received. Processing...
FFT for batch 0Nm_BPFI_03:110 published to Enterprise/Site/Area/Motor7/Analysis/Vibration/fft
Prediction for batch 0Nm_BPFI_03:110 published to Enterprise/Site/Area/Motor7/Analysis/Diagnosis/prediction
-----------------------------------------
[Motor4] raw_latency_ms=7777.524
[Motor4] EDGE UTC : 2026-08-12T01:54:48.592841+00:00
[Motor4] CLOUD UTC: 2026-08-12T01:54:56.370366+00:00
-------------
Batch 0Nm_BPFI_03:174 from Motor4 received. Processing...
FFT for batch 0Nm_BPFI_03:174 published to Enterprise/Site/Area/Motor4/Analysis/Vibration/fft
Prediction for batch 0Nm_BPFI_03:174 published to Enterprise/Site/Area/Motor4/Analysis/Diagnosis/prediction
-----------------------------------------
[Motor1] raw_latency_ms=7906.367
[Motor1] EDGE UTC : 2026-08-12T01:54:48.567599+00:00
[Motor1] CLOUD UTC: 2026-08-12T01:54:56.473966+00:00
-------------
Batch 0Nm_BPFI_03:61 from Motor1 received. Processing...
FFT for batch 0Nm_BPFI_03:61 published to Enterprise/Site/Area/Motor1/Analysis/Vibration/fft
Prediction for batch 0Nm_BPFI_03:61 published to Enterprise/Site/Area/Motor1/Analysis/Diagnosis/prediction
-----------------------------------------
[Motor6] raw_latency_ms=7795.293
[Motor6] EDGE UTC : 2026-08-12T01:54:48.790675+00:00
[Motor6] CLOUD UTC: 2026-08-12T01:54:56.585968+00:00
-------------
Batch 0Nm_BPFI_03:142 from Motor6 received. Processing...
FFT for batch 0Nm_BPFI_03:142 published to Enterprise/Site/Area/Motor6/Analysis/Vibration/fft
Prediction for batch 0Nm_BPFI_03:142 published to Enterprise/Site/Area/Motor6/Analysis/Diagnosis/prediction
-----------------------------------------
[Motor9] raw_latency_ms=7676.842
[Motor9] EDGE UTC : 2026-08-12T01:54:49.013844+00:00
[Motor9] CLOUD UTC: 2026-08-12T01:54:56.690686+00:00
-------------
Batch 0Nm_BPFI_03:77 from Motor9 received. Processing...
FFT for batch 0Nm_BPFI_03:77 published to Enterprise/Site/Area/Motor9/Analysis/Vibration/fft
Prediction for batch 0Nm_BPFI_03:77 published to Enterprise/Site/Area/Motor9/Analysis/Diagnosis/prediction
-----------------------------------------
[Motor2] raw_latency_ms=7711.257
[Motor2] EDGE UTC : 2026-08-12T01:54:49.085879+00:00
[Motor2] CLOUD UTC: 2026-08-12T01:54:56.797136+00:00
-------------
Batch 0Nm_BPFI_03:41 from Motor2 received. Processing...
FFT for batch 0Nm_BPFI_03:41 published to Enterprise/Site/Area/Motor2/Analysis/Vibration/fft
Prediction for batch 0Nm_BPFI_03:41 published to Enterprise/Site/Area/Motor2/Analysis/Diagnosis/prediction
-----------------------------------------
[Motor3] raw_latency_ms=7499.362
[Motor3] EDGE UTC : 2026-08-12T01:54:49.403012+00:00
[Motor3] CLOUD UTC: 2026-08-12T01:54:56.902373+00:00
-------------
Batch 0Nm_BPFI_03:28 from Motor3 received. Processing...
FFT for batch 0Nm_BPFI_03:28 published to Enterprise/Site/Area/Motor3/Analysis/Vibration/fft
Prediction for batch 0Nm_BPFI_03:28 published to Enterprise/Site/Area/Motor3/Analysis/Diagnosis/prediction
-----------------------------------------
[Motor7] raw_latency_ms=7537.547
[Motor7] EDGE UTC : 2026-08-12T01:54:49.474247+00:00
[Motor7] CLOUD UTC: 2026-08-12T01:54:57.011793+00:00
-------------
Batch 0Nm_BPFI_03:111 from Motor7 received. Processing...
FFT for batch 0Nm_BPFI_03:111 published to Enterprise/Site/Area/Motor7/Analysis/Vibration/fft
Prediction for batch 0Nm_BPFI_03:111 published to Enterprise/Site/Area/Motor7/Analysis/Diagnosis/prediction
-----------------------------------------
[Motor5] raw_latency_ms=7889.226
[Motor5] EDGE UTC : 2026-08-12T01:54:49.268951+00:00
[Motor5] CLOUD UTC: 2026-08-12T01:54:57.158177+00:00
-------------
Batch 0Nm_BPFI_03:158 from Motor5 received. Processing...
FFT for batch 0Nm_BPFI_03:158 published to Enterprise/Site/Area/Motor5/Analysis/Vibration/fft
Prediction for batch 0Nm_BPFI_03:158 published to Enterprise/Site/Area/Motor5/Analysis/Diagnosis/prediction
-----------------------------------------
[Motor8] raw_latency_ms=7734.232
[Motor8] EDGE UTC : 2026-08-12T01:54:49.539002+00:00
[Motor8] CLOUD UTC: 2026-08-12T01:54:57.273234+00:00
-------------
Batch 0Nm_BPFI_03:94 from Motor8 received. Processing...
FFT for batch 0Nm_BPFI_03:94 published to Enterprise/Site/Area/Motor8/Analysis/Vibration/fft
Prediction for batch 0Nm_BPFI_03:94 published to Enterprise/Site/Area/Motor8/Analysis/Diagnosis/prediction
-----------------------------------------
[Motor4] raw_latency_ms=7744.421
[Motor4] EDGE UTC : 2026-08-12T01:54:49.631199+00:00
[Motor4] CLOUD UTC: 2026-08-12T01:54:57.375620+00:00
-------------
Batch 0Nm_BPFI_03:175 from Motor4 received. Processing...
FFT for batch 0Nm_BPFI_03:175 published to Enterprise/Site/Area/Motor4/Analysis/Vibration/fft
Prediction for batch 0Nm_BPFI_03:175 published to Enterprise/Site/Area/Motor4/Analysis/Diagnosis/prediction
-----------------------------------------
[Motor1] raw_latency_ms=7873.003
[Motor1] EDGE UTC : 2026-08-12T01:54:49.608276+00:00
[Motor1] CLOUD UTC: 2026-08-12T01:54:57.481280+00:00
-------------
Batch 0Nm_BPFI_03:62 from Motor1 received. Processing...
FFT for batch 0Nm_BPFI_03:62 published to Enterprise/Site/Area/Motor1/Analysis/Vibration/fft
Prediction for batch 0Nm_BPFI_03:62 published to Enterprise/Site/Area/Motor1/Analysis/Diagnosis/prediction
-----------------------------------------
[Motor6] raw_latency_ms=7789.340
[Motor6] EDGE UTC : 2026-08-12T01:54:49.795917+00:00
[Motor6] CLOUD UTC: 2026-08-12T01:54:57.585257+00:00
-------------
Batch 0Nm_BPFI_03:143 from Motor6 received. Processing...
FFT for batch 0Nm_BPFI_03:143 published to Enterprise/Site/Area/Motor6/Analysis/Vibration/fft
Prediction for batch 0Nm_BPFI_03:143 published to Enterprise/Site/Area/Motor6/Analysis/Diagnosis/prediction
-----------------------------------------
[Motor9] raw_latency_ms=7711.317
[Motor9] EDGE UTC : 2026-08-12T01:54:50.019431+00:00
[Motor9] CLOUD UTC: 2026-08-12T01:54:57.730747+00:00
-------------
Batch 0Nm_BPFI_03:78 from Motor9 received. Processing...
FFT for batch 0Nm_BPFI_03:78 published to Enterprise/Site/Area/Motor9/Analysis/Vibration/fft
Prediction for batch 0Nm_BPFI_03:78 published to Enterprise/Site/Area/Motor9/Analysis/Diagnosis/prediction
-----------------------------------------
[Motor6] raw_latency_ms=7030.855
[Motor6] EDGE UTC : 2026-08-12T01:54:50.802154+00:00
[Motor6] CLOUD UTC: 2026-08-12T01:54:57.833008+00:00
-------------
Batch 0Nm_BPFI_03:144 from Motor6 received. Processing...
FFT for batch 0Nm_BPFI_03:144 published to Enterprise/Site/Area/Motor6/Analysis/Vibration/fft
Prediction for batch 0Nm_BPFI_03:144 published to Enterprise/Site/Area/Motor6/Analysis/Diagnosis/prediction
-----------------------------------------
[Motor9] raw_latency_ms=6924.621
[Motor9] EDGE UTC : 2026-08-12T01:54:51.023176+00:00
[Motor9] CLOUD UTC: 2026-08-12T01:54:57.947797+00:00
-------------
Batch 0Nm_BPFI_03:79 from Motor9 received. Processing...
FFT for batch 0Nm_BPFI_03:79 published to Enterprise/Site/Area/Motor9/Analysis/Vibration/fft
Prediction for batch 0Nm_BPFI_03:79 published to Enterprise/Site/Area/Motor9/Analysis/Diagnosis/prediction
-----------------------------------------
[Motor2] raw_latency_ms=6928.239
[Motor2] EDGE UTC : 2026-08-12T01:54:51.123482+00:00
[Motor2] CLOUD UTC: 2026-08-12T01:54:58.051722+00:00
-------------
Batch 0Nm_BPFI_03:43 from Motor2 received. Processing...
FFT for batch 0Nm_BPFI_03:43 published to Enterprise/Site/Area/Motor2/Analysis/Vibration/fft
Prediction for batch 0Nm_BPFI_03:43 published to Enterprise/Site/Area/Motor2/Analysis/Diagnosis/prediction
-----------------------------------------
[Motor3] raw_latency_ms=6757.936
[Motor3] EDGE UTC : 2026-08-12T01:54:51.413241+00:00
[Motor3] CLOUD UTC: 2026-08-12T01:54:58.171177+00:00
-------------
Batch 0Nm_BPFI_03:30 from Motor3 received. Processing...
FFT for batch 0Nm_BPFI_03:30 published to Enterprise/Site/Area/Motor3/Analysis/Vibration/fft
Prediction for batch 0Nm_BPFI_03:30 published to Enterprise/Site/Area/Motor3/Analysis/Diagnosis/prediction
-----------------------------------------
[Motor7] raw_latency_ms=6731.322
[Motor7] EDGE UTC : 2026-08-12T01:54:51.550465+00:00
[Motor7] CLOUD UTC: 2026-08-12T01:54:58.281787+00:00
-------------
Batch 0Nm_BPFI_03:113 from Motor7 received. Processing...
FFT for batch 0Nm_BPFI_03:113 published to Enterprise/Site/Area/Motor7/Analysis/Vibration/fft
Prediction for batch 0Nm_BPFI_03:113 published to Enterprise/Site/Area/Motor7/Analysis/Diagnosis/prediction
-----------------------------------------
[Motor5] raw_latency_ms=7079.489
[Motor5] EDGE UTC : 2026-08-12T01:54:51.310311+00:00
[Motor5] CLOUD UTC: 2026-08-12T01:54:58.389800+00:00
-------------
Batch 0Nm_BPFI_03:160 from Motor5 received. Processing...
FFT for batch 0Nm_BPFI_03:160 published to Enterprise/Site/Area/Motor5/Analysis/Vibration/fft
Prediction for batch 0Nm_BPFI_03:160 published to Enterprise/Site/Area/Motor5/Analysis/Diagnosis/prediction
-----------------------------------------
[Motor8] raw_latency_ms=6914.785
[Motor8] EDGE UTC : 2026-08-12T01:54:51.579106+00:00
[Motor8] CLOUD UTC: 2026-08-12T01:54:58.493891+00:00
-------------
Batch 0Nm_BPFI_03:96 from Motor8 received. Processing...
FFT for batch 0Nm_BPFI_03:96 published to Enterprise/Site/Area/Motor8/Analysis/Vibration/fft
Prediction for batch 0Nm_BPFI_03:96 published to Enterprise/Site/Area/Motor8/Analysis/Diagnosis/prediction
-----------------------------------------
[Motor6] raw_latency_ms=6794.935
[Motor6] EDGE UTC : 2026-08-12T01:54:51.808763+00:00
[Motor6] CLOUD UTC: 2026-08-12T01:54:58.603698+00:00
-------------
Batch 0Nm_BPFI_03:145 from Motor6 received. Processing...
FFT for batch 0Nm_BPFI_03:145 published to Enterprise/Site/Area/Motor6/Analysis/Vibration/fft
Prediction for batch 0Nm_BPFI_03:145 published to Enterprise/Site/Area/Motor6/Analysis/Diagnosis/prediction
-----------------------------------------
[Motor4] raw_latency_ms=6999.424
[Motor4] EDGE UTC : 2026-08-12T01:54:51.708606+00:00
[Motor4] CLOUD UTC: 2026-08-12T01:54:58.708030+00:00
-------------
Batch 0Nm_BPFI_03:177 from Motor4 received. Processing...
FFT for batch 0Nm_BPFI_03:177 published to Enterprise/Site/Area/Motor4/Analysis/Vibration/fft
Prediction for batch 0Nm_BPFI_03:177 published to Enterprise/Site/Area/Motor4/Analysis/Diagnosis/prediction
-----------------------------------------
[Motor1] raw_latency_ms=7126.219
[Motor1] EDGE UTC : 2026-08-12T01:54:51.694103+00:00
[Motor1] CLOUD UTC: 2026-08-12T01:54:58.820323+00:00
-------------
Batch 0Nm_BPFI_03:64 from Motor1 received. Processing...
FFT for batch 0Nm_BPFI_03:64 published to Enterprise/Site/Area/Motor1/Analysis/Vibration/fft
Prediction for batch 0Nm_BPFI_03:64 published to Enterprise/Site/Area/Motor1/Analysis/Diagnosis/prediction
-----------------------------------------
[Motor9] raw_latency_ms=6895.130
[Motor9] EDGE UTC : 2026-08-12T01:54:52.028546+00:00
[Motor9] CLOUD UTC: 2026-08-12T01:54:58.923676+00:00
-------------
Batch 0Nm_BPFI_03:80 from Motor9 received. Processing...
FFT for batch 0Nm_BPFI_03:80 published to Enterprise/Site/Area/Motor9/Analysis/Vibration/fft
Prediction for batch 0Nm_BPFI_03:80 published to Enterprise/Site/Area/Motor9/Analysis/Diagnosis/prediction
-----------------------------------------
[Motor2] raw_latency_ms=6892.081
[Motor2] EDGE UTC : 2026-08-12T01:54:52.142328+00:00
[Motor2] CLOUD UTC: 2026-08-12T01:54:59.034409+00:00
-------------
Batch 0Nm_BPFI_03:44 from Motor2 received. Processing...
FFT for batch 0Nm_BPFI_03:44 published to Enterprise/Site/Area/Motor2/Analysis/Vibration/fft
Prediction for batch 0Nm_BPFI_03:44 published to Enterprise/Site/Area/Motor2/Analysis/Diagnosis/prediction
-----------------------------------------
[Motor3] raw_latency_ms=6725.175
[Motor3] EDGE UTC : 2026-08-12T01:54:52.418845+00:00
[Motor3] CLOUD UTC: 2026-08-12T01:54:59.144020+00:00
-------------
Batch 0Nm_BPFI_03:31 from Motor3 received. Processing...
FFT for batch 0Nm_BPFI_03:31 published to Enterprise/Site/Area/Motor3/Analysis/Vibration/fft
Prediction for batch 0Nm_BPFI_03:31 published to Enterprise/Site/Area/Motor3/Analysis/Diagnosis/prediction
-----------------------------------------
[Motor5] raw_latency_ms=6937.672
[Motor5] EDGE UTC : 2026-08-12T01:54:52.329036+00:00
[Motor5] CLOUD UTC: 2026-08-12T01:54:59.266708+00:00
-------------
Batch 0Nm_BPFI_03:161 from Motor5 received. Processing...
FFT for batch 0Nm_BPFI_03:161 published to Enterprise/Site/Area/Motor5/Analysis/Vibration/fft
Prediction for batch 0Nm_BPFI_03:161 published to Enterprise/Site/Area/Motor5/Analysis/Diagnosis/prediction
-----------------------------------------
[Motor7] raw_latency_ms=6779.786
[Motor7] EDGE UTC : 2026-08-12T01:54:52.588734+00:00
[Motor7] CLOUD UTC: 2026-08-12T01:54:59.368520+00:00
-------------
Batch 0Nm_BPFI_03:114 from Motor7 received. Processing...
FFT for batch 0Nm_BPFI_03:114 published to Enterprise/Site/Area/Motor7/Analysis/Vibration/fft
Prediction for batch 0Nm_BPFI_03:114 published to Enterprise/Site/Area/Motor7/Analysis/Diagnosis/prediction
-----------------------------------------
[Motor8] raw_latency_ms=6875.325
[Motor8] EDGE UTC : 2026-08-12T01:54:52.598160+00:00
[Motor8] CLOUD UTC: 2026-08-12T01:54:59.473485+00:00
-------------
Batch 0Nm_BPFI_03:97 from Motor8 received. Processing...
FFT for batch 0Nm_BPFI_03:97 published to Enterprise/Site/Area/Motor8/Analysis/Vibration/fft
Prediction for batch 0Nm_BPFI_03:97 published to Enterprise/Site/Area/Motor8/Analysis/Diagnosis/prediction
-----------------------------------------
[Motor6] raw_latency_ms=6766.669
[Motor6] EDGE UTC : 2026-08-12T01:54:52.812162+00:00
[Motor6] CLOUD UTC: 2026-08-12T01:54:59.578831+00:00
-------------
Batch 0Nm_BPFI_03:146 from Motor6 received. Processing...
FFT for batch 0Nm_BPFI_03:146 published to Enterprise/Site/Area/Motor6/Analysis/Vibration/fft
Prediction for batch 0Nm_BPFI_03:146 published to Enterprise/Site/Area/Motor6/Analysis/Diagnosis/prediction
-----------------------------------------
[Motor4] raw_latency_ms=6955.402
[Motor4] EDGE UTC : 2026-08-12T01:54:52.746572+00:00
[Motor4] CLOUD UTC: 2026-08-12T01:54:59.701974+00:00
-------------
Batch 0Nm_BPFI_03:178 from Motor4 received. Processing...
FFT for batch 0Nm_BPFI_03:178 published to Enterprise/Site/Area/Motor4/Analysis/Vibration/fft
Prediction for batch 0Nm_BPFI_03:178 published to Enterprise/Site/Area/Motor4/Analysis/Diagnosis/prediction
-----------------------------------------
[Motor9] raw_latency_ms=6775.438
[Motor9] EDGE UTC : 2026-08-12T01:54:53.031734+00:00
[Motor9] CLOUD UTC: 2026-08-12T01:54:59.807172+00:00
-------------
Batch 0Nm_BPFI_03:81 from Motor9 received. Processing...
FFT for batch 0Nm_BPFI_03:81 published to Enterprise/Site/Area/Motor9/Analysis/Vibration/fft
Prediction for batch 0Nm_BPFI_03:81 published to Enterprise/Site/Area/Motor9/Analysis/Diagnosis/prediction
-----------------------------------------
[Motor1] raw_latency_ms=7179.403
[Motor1] EDGE UTC : 2026-08-12T01:54:52.734317+00:00
[Motor1] CLOUD UTC: 2026-08-12T01:54:59.913720+00:00
-------------
Batch 0Nm_BPFI_03:65 from Motor1 received. Processing...
FFT for batch 0Nm_BPFI_03:65 published to Enterprise/Site/Area/Motor1/Analysis/Vibration/fft
Prediction for batch 0Nm_BPFI_03:65 published to Enterprise/Site/Area/Motor1/Analysis/Diagnosis/prediction
-----------------------------------------
[Motor3] raw_latency_ms=6591.606
[Motor3] EDGE UTC : 2026-08-12T01:54:53.425376+00:00
[Motor3] CLOUD UTC: 2026-08-12T01:55:00.016983+00:00
-------------
Batch 0Nm_BPFI_03:32 from Motor3 received. Processing...
FFT for batch 0Nm_BPFI_03:32 published to Enterprise/Site/Area/Motor3/Analysis/Vibration/fft
Prediction for batch 0Nm_BPFI_03:32 published to Enterprise/Site/Area/Motor3/Analysis/Diagnosis/prediction
-----------------------------------------
[Motor7] raw_latency_ms=6502.124
[Motor7] EDGE UTC : 2026-08-12T01:54:53.626872+00:00
[Motor7] CLOUD UTC: 2026-08-12T01:55:00.128996+00:00
-------------
Batch 0Nm_BPFI_03:115 from Motor7 received. Processing...
FFT for batch 0Nm_BPFI_03:115 published to Enterprise/Site/Area/Motor7/Analysis/Vibration/fft
Prediction for batch 0Nm_BPFI_03:115 published to Enterprise/Site/Area/Motor7/Analysis/Diagnosis/prediction
-----------------------------------------
[Motor5] raw_latency_ms=6895.082
[Motor5] EDGE UTC : 2026-08-12T01:54:53.351169+00:00
[Motor5] CLOUD UTC: 2026-08-12T01:55:00.246251+00:00
-------------
Batch 0Nm_BPFI_03:162 from Motor5 received. Processing...
FFT for batch 0Nm_BPFI_03:162 published to Enterprise/Site/Area/Motor5/Analysis/Vibration/fft
Prediction for batch 0Nm_BPFI_03:162 published to Enterprise/Site/Area/Motor5/Analysis/Diagnosis/prediction
-----------------------------------------
[Motor8] raw_latency_ms=6735.900
[Motor8] EDGE UTC : 2026-08-12T01:54:53.617119+00:00
[Motor8] CLOUD UTC: 2026-08-12T01:55:00.353019+00:00
-------------
Batch 0Nm_BPFI_03:98 from Motor8 received. Processing...
FFT for batch 0Nm_BPFI_03:98 published to Enterprise/Site/Area/Motor8/Analysis/Vibration/fft
Prediction for batch 0Nm_BPFI_03:98 published to Enterprise/Site/Area/Motor8/Analysis/Diagnosis/prediction
-----------------------------------------
[Motor6] raw_latency_ms=6637.950
[Motor6] EDGE UTC : 2026-08-12T01:54:53.817749+00:00
[Motor6] CLOUD UTC: 2026-08-12T01:55:00.455699+00:00
-------------
Batch 0Nm_BPFI_03:147 from Motor6 received. Processing...
FFT for batch 0Nm_BPFI_03:147 published to Enterprise/Site/Area/Motor6/Analysis/Vibration/fft
Prediction for batch 0Nm_BPFI_03:147 published to Enterprise/Site/Area/Motor6/Analysis/Diagnosis/prediction
-----------------------------------------
[Motor9] raw_latency_ms=6565.007
[Motor9] EDGE UTC : 2026-08-12T01:54:54.037352+00:00
[Motor9] CLOUD UTC: 2026-08-12T01:55:00.602359+00:00
-------------
Batch 0Nm_BPFI_03:82 from Motor9 received. Processing...
FFT for batch 0Nm_BPFI_03:82 published to Enterprise/Site/Area/Motor9/Analysis/Vibration/fft
Prediction for batch 0Nm_BPFI_03:82 published to Enterprise/Site/Area/Motor9/Analysis/Diagnosis/prediction
-----------------------------------------
[Motor4] raw_latency_ms=6920.123
[Motor4] EDGE UTC : 2026-08-12T01:54:53.785799+00:00
[Motor4] CLOUD UTC: 2026-08-12T01:55:00.705922+00:00
-------------
Batch 0Nm_BPFI_03:179 from Motor4 received. Processing...
FFT for batch 0Nm_BPFI_03:179 published to Enterprise/Site/Area/Motor4/Analysis/Vibration/fft
Prediction for batch 0Nm_BPFI_03:179 published to Enterprise/Site/Area/Motor4/Analysis/Diagnosis/prediction
-----------------------------------------
[Motor1] raw_latency_ms=7042.700
[Motor1] EDGE UTC : 2026-08-12T01:54:53.774305+00:00
[Motor1] CLOUD UTC: 2026-08-12T01:55:00.817005+00:00
-------------
Batch 0Nm_BPFI_03:66 from Motor1 received. Processing...
FFT for batch 0Nm_BPFI_03:66 published to Enterprise/Site/Area/Motor1/Analysis/Vibration/fft
Prediction for batch 0Nm_BPFI_03:66 published to Enterprise/Site/Area/Motor1/Analysis/Diagnosis/prediction
-----------------------------------------
[Motor2] raw_latency_ms=6742.305
[Motor2] EDGE UTC : 2026-08-12T01:54:54.179704+00:00
[Motor2] CLOUD UTC: 2026-08-12T01:55:00.922010+00:00
-------------
Batch 0Nm_BPFI_03:46 from Motor2 received. Processing...
FFT for batch 0Nm_BPFI_03:46 published to Enterprise/Site/Area/Motor2/Analysis/Vibration/fft
Prediction for batch 0Nm_BPFI_03:46 published to Enterprise/Site/Area/Motor2/Analysis/Diagnosis/prediction
-----------------------------------------
[Motor3] raw_latency_ms=6597.126
[Motor3] EDGE UTC : 2026-08-12T01:54:54.434597+00:00
[Motor3] CLOUD UTC: 2026-08-12T01:55:01.031722+00:00
-------------
Batch 0Nm_BPFI_03:33 from Motor3 received. Processing...
FFT for batch 0Nm_BPFI_03:33 published to Enterprise/Site/Area/Motor3/Analysis/Vibration/fft
Prediction for batch 0Nm_BPFI_03:33 published to Enterprise/Site/Area/Motor3/Analysis/Diagnosis/prediction
-----------------------------------------
[Motor5] raw_latency_ms=6810.471
[Motor5] EDGE UTC : 2026-08-12T01:54:54.373088+00:00
[Motor5] CLOUD UTC: 2026-08-12T01:55:01.183559+00:00
-------------
Batch 0Nm_BPFI_03:163 from Motor5 received. Processing...
FFT for batch 0Nm_BPFI_03:163 published to Enterprise/Site/Area/Motor5/Analysis/Vibration/fft
Prediction for batch 0Nm_BPFI_03:163 published to Enterprise/Site/Area/Motor5/Analysis/Diagnosis/prediction
-----------------------------------------
[Motor7] raw_latency_ms=6700.694
[Motor7] EDGE UTC : 2026-08-12T01:54:54.664920+00:00
[Motor7] CLOUD UTC: 2026-08-12T01:55:01.365614+00:00
-------------
Batch 0Nm_BPFI_03:116 from Motor7 received. Processing...
FFT for batch 0Nm_BPFI_03:116 published to Enterprise/Site/Area/Motor7/Analysis/Vibration/fft
Prediction for batch 0Nm_BPFI_03:116 published to Enterprise/Site/Area/Motor7/Analysis/Diagnosis/prediction
-----------------------------------------
[Motor8] raw_latency_ms=6916.115
[Motor8] EDGE UTC : 2026-08-12T01:54:54.639228+00:00
[Motor8] CLOUD UTC: 2026-08-12T01:55:01.555343+00:00
-------------
Batch 0Nm_BPFI_03:99 from Motor8 received. Processing...
FFT for batch 0Nm_BPFI_03:99 published to Enterprise/Site/Area/Motor8/Analysis/Vibration/fft
Prediction for batch 0Nm_BPFI_03:99 published to Enterprise/Site/Area/Motor8/Analysis/Diagnosis/prediction
-----------------------------------------
[Motor1] raw_latency_ms=6896.972
[Motor1] EDGE UTC : 2026-08-12T01:54:54.815486+00:00
[Motor1] CLOUD UTC: 2026-08-12T01:55:01.712458+00:00
-------------
Batch 0Nm_BPFI_03:67 from Motor1 received. Processing...
FFT for batch 0Nm_BPFI_03:67 published to Enterprise/Site/Area/Motor1/Analysis/Vibration/fft
Prediction for batch 0Nm_BPFI_03:67 published to Enterprise/Site/Area/Motor1/Analysis/Diagnosis/prediction
-----------------------------------------
[Motor6] raw_latency_ms=7083.099
[Motor6] EDGE UTC : 2026-08-12T01:54:54.823332+00:00
[Motor6] CLOUD UTC: 2026-08-12T01:55:01.906431+00:00
-------------
Batch 0Nm_BPFI_03:148 from Motor6 received. Processing...
FFT for batch 0Nm_BPFI_03:148 published to Enterprise/Site/Area/Motor6/Analysis/Vibration/fft
Prediction for batch 0Nm_BPFI_03:148 published to Enterprise/Site/Area/Motor6/Analysis/Diagnosis/prediction
-----------------------------------------
[Motor9] raw_latency_ms=7035.789
[Motor9] EDGE UTC : 2026-08-12T01:54:55.046530+00:00
[Motor9] CLOUD UTC: 2026-08-12T01:55:02.082319+00:00
-------------
Batch 0Nm_BPFI_03:83 from Motor9 received. Processing...
FFT for batch 0Nm_BPFI_03:83 published to Enterprise/Site/Area/Motor9/Analysis/Vibration/fft
Prediction for batch 0Nm_BPFI_03:83 published to Enterprise/Site/Area/Motor9/Analysis/Diagnosis/prediction
-----------------------------------------
[Motor2] raw_latency_ms=7078.471
[Motor2] EDGE UTC : 2026-08-12T01:54:55.198572+00:00
[Motor2] CLOUD UTC: 2026-08-12T01:55:02.277044+00:00
-------------
Batch 0Nm_BPFI_03:47 from Motor2 received. Processing...
FFT for batch 0Nm_BPFI_03:47 published to Enterprise/Site/Area/Motor2/Analysis/Vibration/fft
Prediction for batch 0Nm_BPFI_03:47 published to Enterprise/Site/Area/Motor2/Analysis/Diagnosis/prediction
-----------------------------------------
[Motor3] raw_latency_ms=7056.302
[Motor3] EDGE UTC : 2026-08-12T01:54:55.440599+00:00
[Motor3] CLOUD UTC: 2026-08-12T01:55:02.496902+00:00
-------------
Batch 0Nm_BPFI_03:34 from Motor3 received. Processing...
FFT for batch 0Nm_BPFI_03:34 published to Enterprise/Site/Area/Motor3/Analysis/Vibration/fft
Prediction for batch 0Nm_BPFI_03:34 published to Enterprise/Site/Area/Motor3/Analysis/Diagnosis/prediction
-----------------------------------------
[Motor5] raw_latency_ms=7284.128
[Motor5] EDGE UTC : 2026-08-12T01:54:55.395185+00:00
[Motor5] CLOUD UTC: 2026-08-12T01:55:02.679313+00:00
-------------
Batch 0Nm_BPFI_03:164 from Motor5 received. Processing...
FFT for batch 0Nm_BPFI_03:164 published to Enterprise/Site/Area/Motor5/Analysis/Vibration/fft
Prediction for batch 0Nm_BPFI_03:164 published to Enterprise/Site/Area/Motor5/Analysis/Diagnosis/prediction
-----------------------------------------
[Motor8] raw_latency_ms=7224.184
[Motor8] EDGE UTC : 2026-08-12T01:54:55.658300+00:00
[Motor8] CLOUD UTC: 2026-08-12T01:55:02.882484+00:00
-------------
Batch 0Nm_BPFI_03:100 from Motor8 received. Processing...
FFT for batch 0Nm_BPFI_03:100 published to Enterprise/Site/Area/Motor8/Analysis/Vibration/fft
Prediction for batch 0Nm_BPFI_03:100 published to Enterprise/Site/Area/Motor8/Analysis/Diagnosis/prediction
-----------------------------------------
[Motor7] raw_latency_ms=7306.351
[Motor7] EDGE UTC : 2026-08-12T01:54:55.772542+00:00
[Motor7] CLOUD UTC: 2026-08-12T01:55:03.078893+00:00
-------------
Batch 0Nm_BPFI_03:117 from Motor7 received. Processing...
FFT for batch 0Nm_BPFI_03:117 published to Enterprise/Site/Area/Motor7/Analysis/Vibration/fft
Prediction for batch 0Nm_BPFI_03:117 published to Enterprise/Site/Area/Motor7/Analysis/Diagnosis/prediction
-----------------------------------------
[Motor6] raw_latency_ms=7411.602
[Motor6] EDGE UTC : 2026-08-12T01:54:55.830085+00:00
[Motor6] CLOUD UTC: 2026-08-12T01:55:03.241688+00:00
-------------
Batch 0Nm_BPFI_03:149 from Motor6 received. Processing...
FFT for batch 0Nm_BPFI_03:149 published to Enterprise/Site/Area/Motor6/Analysis/Vibration/fft
Prediction for batch 0Nm_BPFI_03:149 published to Enterprise/Site/Area/Motor6/Analysis/Diagnosis/prediction
-----------------------------------------
[Motor1] raw_latency_ms=7576.481
[Motor1] EDGE UTC : 2026-08-12T01:54:55.862020+00:00
[Motor1] CLOUD UTC: 2026-08-12T01:55:03.438501+00:00
-------------
Batch 0Nm_BPFI_03:68 from Motor1 received. Processing...
FFT for batch 0Nm_BPFI_03:68 published to Enterprise/Site/Area/Motor1/Analysis/Vibration/fft
Prediction for batch 0Nm_BPFI_03:68 published to Enterprise/Site/Area/Motor1/Analysis/Diagnosis/prediction
-----------------------------------------
[Motor9] raw_latency_ms=7566.080
[Motor9] EDGE UTC : 2026-08-12T01:54:56.054908+00:00
[Motor9] CLOUD UTC: 2026-08-12T01:55:03.620987+00:00
-------------
Batch 0Nm_BPFI_03:84 from Motor9 received. Processing...
FFT for batch 0Nm_BPFI_03:84 published to Enterprise/Site/Area/Motor9/Analysis/Vibration/fft
Prediction for batch 0Nm_BPFI_03:84 published to Enterprise/Site/Area/Motor9/Analysis/Diagnosis/prediction
-----------------------------------------
[Motor2] raw_latency_ms=7603.540
[Motor2] EDGE UTC : 2026-08-12T01:54:56.216997+00:00
[Motor2] CLOUD UTC: 2026-08-12T01:55:03.820536+00:00
-------------
Batch 0Nm_BPFI_03:48 from Motor2 received. Processing...
FFT for batch 0Nm_BPFI_03:48 published to Enterprise/Site/Area/Motor2/Analysis/Vibration/fft
Prediction for batch 0Nm_BPFI_03:48 published to Enterprise/Site/Area/Motor2/Analysis/Diagnosis/prediction
-----------------------------------------
[Motor3] raw_latency_ms=7541.682
[Motor3] EDGE UTC : 2026-08-12T01:54:56.446319+00:00
[Motor3] CLOUD UTC: 2026-08-12T01:55:03.988000+00:00
-------------
Batch 0Nm_BPFI_03:35 from Motor3 received. Processing...
FFT for batch 0Nm_BPFI_03:35 published to Enterprise/Site/Area/Motor3/Analysis/Vibration/fft
Prediction for batch 0Nm_BPFI_03:35 published to Enterprise/Site/Area/Motor3/Analysis/Diagnosis/prediction
-----------------------------------------
[Motor5] raw_latency_ms=7734.049
[Motor5] EDGE UTC : 2026-08-12T01:54:56.420563+00:00
[Motor5] CLOUD UTC: 2026-08-12T01:55:04.154612+00:00
-------------
Batch 0Nm_BPFI_03:165 from Motor5 received. Processing...
FFT for batch 0Nm_BPFI_03:165 published to Enterprise/Site/Area/Motor5/Analysis/Vibration/fft
Prediction for batch 0Nm_BPFI_03:165 published to Enterprise/Site/Area/Motor5/Analysis/Diagnosis/prediction
-----------------------------------------
[Motor7] raw_latency_ms=7542.297
[Motor7] EDGE UTC : 2026-08-12T01:54:56.814100+00:00
[Motor7] CLOUD UTC: 2026-08-12T01:55:04.356398+00:00
-------------
Batch 0Nm_BPFI_03:118 from Motor7 received. Processing...
FFT for batch 0Nm_BPFI_03:118 published to Enterprise/Site/Area/Motor7/Analysis/Vibration/fft
Prediction for batch 0Nm_BPFI_03:118 published to Enterprise/Site/Area/Motor7/Analysis/Diagnosis/prediction
-----------------------------------------
[Motor8] raw_latency_ms=7854.579
[Motor8] EDGE UTC : 2026-08-12T01:54:56.677321+00:00
[Motor8] CLOUD UTC: 2026-08-12T01:55:04.531899+00:00
-------------
Batch 0Nm_BPFI_03:101 from Motor8 received. Processing...
FFT for batch 0Nm_BPFI_03:101 published to Enterprise/Site/Area/Motor8/Analysis/Vibration/fft
Prediction for batch 0Nm_BPFI_03:101 published to Enterprise/Site/Area/Motor8/Analysis/Diagnosis/prediction
-----------------------------------------
[Motor6] raw_latency_ms=7862.595
[Motor6] EDGE UTC : 2026-08-12T01:54:56.835831+00:00
[Motor6] CLOUD UTC: 2026-08-12T01:55:04.698427+00:00
-------------
Batch 0Nm_BPFI_03:150 from Motor6 received. Processing...
FFT for batch 0Nm_BPFI_03:150 published to Enterprise/Site/Area/Motor6/Analysis/Vibration/fft
Prediction for batch 0Nm_BPFI_03:150 published to Enterprise/Site/Area/Motor6/Analysis/Diagnosis/prediction
-----------------------------------------
[Motor1] raw_latency_ms=7947.223
[Motor1] EDGE UTC : 2026-08-12T01:54:56.915753+00:00
[Motor1] CLOUD UTC: 2026-08-12T01:55:04.862976+00:00
-------------
Batch 0Nm_BPFI_03:69 from Motor1 received. Processing...
FFT for batch 0Nm_BPFI_03:69 published to Enterprise/Site/Area/Motor1/Analysis/Vibration/fft
Prediction for batch 0Nm_BPFI_03:69 published to Enterprise/Site/Area/Motor1/Analysis/Diagnosis/prediction
-----------------------------------------
[Motor9] raw_latency_ms=7979.791
[Motor9] EDGE UTC : 2026-08-12T01:54:57.059906+00:00
[Motor9] CLOUD UTC: 2026-08-12T01:55:05.039697+00:00
-------------
Batch 0Nm_BPFI_03:85 from Motor9 received. Processing...
FFT for batch 0Nm_BPFI_03:85 published to Enterprise/Site/Area/Motor9/Analysis/Vibration/fft
Prediction for batch 0Nm_BPFI_03:85 published to Enterprise/Site/Area/Motor9/Analysis/Diagnosis/prediction
-----------------------------------------
[Motor2] raw_latency_ms=8004.903
[Motor2] EDGE UTC : 2026-08-12T01:54:57.239064+00:00
[Motor2] CLOUD UTC: 2026-08-12T01:55:05.243968+00:00
-------------
Batch 0Nm_BPFI_03:49 from Motor2 received. Processing...
FFT for batch 0Nm_BPFI_03:49 published to Enterprise/Site/Area/Motor2/Analysis/Vibration/fft
Prediction for batch 0Nm_BPFI_03:49 published to Enterprise/Site/Area/Motor2/Analysis/Diagnosis/prediction
-----------------------------------------
[Motor3] raw_latency_ms=7964.801
[Motor3] EDGE UTC : 2026-08-12T01:54:57.452052+00:00
[Motor3] CLOUD UTC: 2026-08-12T01:55:05.416853+00:00
-------------
Batch 0Nm_BPFI_03:36 from Motor3 received. Processing...
FFT for batch 0Nm_BPFI_03:36 published to Enterprise/Site/Area/Motor3/Analysis/Vibration/fft
Prediction for batch 0Nm_BPFI_03:36 published to Enterprise/Site/Area/Motor3/Analysis/Diagnosis/prediction
-----------------------------------------
[Motor5] raw_latency_ms=8107.535
[Motor5] EDGE UTC : 2026-08-12T01:54:57.439476+00:00
[Motor5] CLOUD UTC: 2026-08-12T01:55:05.547011+00:00
-------------
Batch 0Nm_BPFI_03:166 from Motor5 received. Processing...
FFT for batch 0Nm_BPFI_03:166 published to Enterprise/Site/Area/Motor5/Analysis/Vibration/fft
Prediction for batch 0Nm_BPFI_03:166 published to Enterprise/Site/Area/Motor5/Analysis/Diagnosis/prediction
-----------------------------------------
[Motor8] raw_latency_ms=8003.587
[Motor8] EDGE UTC : 2026-08-12T01:54:57.699164+00:00
[Motor8] CLOUD UTC: 2026-08-12T01:55:05.702751+00:00
-------------
Batch 0Nm_BPFI_03:102 from Motor8 received. Processing...
FFT for batch 0Nm_BPFI_03:102 published to Enterprise/Site/Area/Motor8/Analysis/Vibration/fft
Prediction for batch 0Nm_BPFI_03:102 published to Enterprise/Site/Area/Motor8/Analysis/Diagnosis/prediction
-----------------------------------------
[Motor7] raw_latency_ms=7961.406
[Motor7] EDGE UTC : 2026-08-12T01:54:57.845251+00:00
[Motor7] CLOUD UTC: 2026-08-12T01:55:05.806657+00:00
-------------
Batch 0Nm_BPFI_03:119 from Motor7 received. Processing...
FFT for batch 0Nm_BPFI_03:119 published to Enterprise/Site/Area/Motor7/Analysis/Vibration/fft
Prediction for batch 0Nm_BPFI_03:119 published to Enterprise/Site/Area/Motor7/Analysis/Diagnosis/prediction
-----------------------------------------
[Motor6] raw_latency_ms=8075.228
[Motor6] EDGE UTC : 2026-08-12T01:54:57.841471+00:00
[Motor6] CLOUD UTC: 2026-08-12T01:55:05.916699+00:00
-------------
Batch 0Nm_BPFI_03:151 from Motor6 received. Processing...
FFT for batch 0Nm_BPFI_03:151 published to Enterprise/Site/Area/Motor6/Analysis/Vibration/fft
Prediction for batch 0Nm_BPFI_03:151 published to Enterprise/Site/Area/Motor6/Analysis/Diagnosis/prediction
-----------------------------------------
[Motor9] raw_latency_ms=7957.394
[Motor9] EDGE UTC : 2026-08-12T01:54:58.063317+00:00
[Motor9] CLOUD UTC: 2026-08-12T01:55:06.020710+00:00
-------------
Batch 0Nm_BPFI_03:86 from Motor9 received. Processing...
FFT for batch 0Nm_BPFI_03:86 published to Enterprise/Site/Area/Motor9/Analysis/Vibration/fft
Prediction for batch 0Nm_BPFI_03:86 published to Enterprise/Site/Area/Motor9/Analysis/Diagnosis/prediction
-----------------------------------------
[Motor1] raw_latency_ms=8190.665
[Motor1] EDGE UTC : 2026-08-12T01:54:57.948808+00:00
[Motor1] CLOUD UTC: 2026-08-12T01:55:06.139472+00:00
-------------
Batch 0Nm_BPFI_03:70 from Motor1 received. Processing...
FFT for batch 0Nm_BPFI_03:70 published to Enterprise/Site/Area/Motor1/Analysis/Vibration/fft
Prediction for batch 0Nm_BPFI_03:70 published to Enterprise/Site/Area/Motor1/Analysis/Diagnosis/prediction
-----------------------------------------
[Motor2] raw_latency_ms=7987.702
[Motor2] EDGE UTC : 2026-08-12T01:54:58.260270+00:00
[Motor2] CLOUD UTC: 2026-08-12T01:55:06.247972+00:00
-------------
Batch 0Nm_BPFI_03:50 from Motor2 received. Processing...
FFT for batch 0Nm_BPFI_03:50 published to Enterprise/Site/Area/Motor2/Analysis/Vibration/fft
Prediction for batch 0Nm_BPFI_03:50 published to Enterprise/Site/Area/Motor2/Analysis/Diagnosis/prediction
-----------------------------------------
[Motor3] raw_latency_ms=7901.943
[Motor3] EDGE UTC : 2026-08-12T01:54:58.457372+00:00
[Motor3] CLOUD UTC: 2026-08-12T01:55:06.359315+00:00
-------------
Batch 0Nm_BPFI_03:37 from Motor3 received. Processing...
FFT for batch 0Nm_BPFI_03:37 published to Enterprise/Site/Area/Motor3/Analysis/Vibration/fft
Prediction for batch 0Nm_BPFI_03:37 published to Enterprise/Site/Area/Motor3/Analysis/Diagnosis/prediction
-----------------------------------------
[Motor5] raw_latency_ms=8004.562
[Motor5] EDGE UTC : 2026-08-12T01:54:58.458657+00:00
[Motor5] CLOUD UTC: 2026-08-12T01:55:06.463219+00:00
-------------
Batch 0Nm_BPFI_03:167 from Motor5 received. Processing...
FFT for batch 0Nm_BPFI_03:167 published to Enterprise/Site/Area/Motor5/Analysis/Vibration/fft
Prediction for batch 0Nm_BPFI_03:167 published to Enterprise/Site/Area/Motor5/Analysis/Diagnosis/prediction
-----------------------------------------
[Motor8] raw_latency_ms=7854.121
[Motor8] EDGE UTC : 2026-08-12T01:54:58.718232+00:00
[Motor8] CLOUD UTC: 2026-08-12T01:55:06.572352+00:00
-------------
Batch 0Nm_BPFI_03:103 from Motor8 received. Processing...
FFT for batch 0Nm_BPFI_03:103 published to Enterprise/Site/Area/Motor8/Analysis/Vibration/fft
Prediction for batch 0Nm_BPFI_03:103 published to Enterprise/Site/Area/Motor8/Analysis/Diagnosis/prediction
-----------------------------------------
[Motor7] raw_latency_ms=7842.472
[Motor7] EDGE UTC : 2026-08-12T01:54:58.877261+00:00
[Motor7] CLOUD UTC: 2026-08-12T01:55:06.719734+00:00
-------------
Batch 0Nm_BPFI_03:120 from Motor7 received. Processing...
FFT for batch 0Nm_BPFI_03:120 published to Enterprise/Site/Area/Motor7/Analysis/Vibration/fft
Prediction for batch 0Nm_BPFI_03:120 published to Enterprise/Site/Area/Motor7/Analysis/Diagnosis/prediction
-----------------------------------------
[Motor6] raw_latency_ms=7984.257
[Motor6] EDGE UTC : 2026-08-12T01:54:58.846701+00:00
[Motor6] CLOUD UTC: 2026-08-12T01:55:06.830958+00:00
-------------
Batch 0Nm_BPFI_03:152 from Motor6 received. Processing...
FFT for batch 0Nm_BPFI_03:152 published to Enterprise/Site/Area/Motor6/Analysis/Vibration/fft
Prediction for batch 0Nm_BPFI_03:152 published to Enterprise/Site/Area/Motor6/Analysis/Diagnosis/prediction
-----------------------------------------
[Motor9] raw_latency_ms=7867.254
[Motor9] EDGE UTC : 2026-08-12T01:54:59.069945+00:00
[Motor9] CLOUD UTC: 2026-08-12T01:55:06.937199+00:00
-------------
Batch 0Nm_BPFI_03:87 from Motor9 received. Processing...
FFT for batch 0Nm_BPFI_03:87 published to Enterprise/Site/Area/Motor9/Analysis/Vibration/fft
Prediction for batch 0Nm_BPFI_03:87 published to Enterprise/Site/Area/Motor9/Analysis/Diagnosis/prediction
-----------------------------------------
[Motor1] raw_latency_ms=8061.605
[Motor1] EDGE UTC : 2026-08-12T01:54:58.983392+00:00
[Motor1] CLOUD UTC: 2026-08-12T01:55:07.044997+00:00
-------------
Batch 0Nm_BPFI_03:71 from Motor1 received. Processing...
FFT for batch 0Nm_BPFI_03:71 published to Enterprise/Site/Area/Motor1/Analysis/Vibration/fft
Prediction for batch 0Nm_BPFI_03:71 published to Enterprise/Site/Area/Motor1/Analysis/Diagnosis/prediction
-----------------------------------------
[Motor2] raw_latency_ms=7870.817
[Motor2] EDGE UTC : 2026-08-12T01:54:59.279213+00:00
[Motor2] CLOUD UTC: 2026-08-12T01:55:07.150031+00:00
-------------
Batch 0Nm_BPFI_03:51 from Motor2 received. Processing...
FFT for batch 0Nm_BPFI_03:51 published to Enterprise/Site/Area/Motor2/Analysis/Vibration/fft
Prediction for batch 0Nm_BPFI_03:51 published to Enterprise/Site/Area/Motor2/Analysis/Diagnosis/prediction
-----------------------------------------
[Motor3] raw_latency_ms=7797.426
[Motor3] EDGE UTC : 2026-08-12T01:54:59.462016+00:00
[Motor3] CLOUD UTC: 2026-08-12T01:55:07.259442+00:00
-------------
Batch 0Nm_BPFI_03:38 from Motor3 received. Processing...
FFT for batch 0Nm_BPFI_03:38 published to Enterprise/Site/Area/Motor3/Analysis/Vibration/fft
Prediction for batch 0Nm_BPFI_03:38 published to Enterprise/Site/Area/Motor3/Analysis/Diagnosis/prediction
-----------------------------------------
[Motor8] raw_latency_ms=7626.723
[Motor8] EDGE UTC : 2026-08-12T01:54:59.737025+00:00
[Motor8] CLOUD UTC: 2026-08-12T01:55:07.363748+00:00
-------------
Batch 0Nm_BPFI_03:104 from Motor8 received. Processing...
FFT for batch 0Nm_BPFI_03:104 published to Enterprise/Site/Area/Motor8/Analysis/Vibration/fft
Prediction for batch 0Nm_BPFI_03:104 published to Enterprise/Site/Area/Motor8/Analysis/Diagnosis/prediction
-----------------------------------------
[Motor4] raw_latency_ms=8410.814
[Motor4] EDGE UTC : 2026-08-12T01:54:59.060110+00:00
[Motor4] CLOUD UTC: 2026-08-12T01:55:07.470923+00:00
-------------
Batch 0Nm_BPFI_03:0 from Motor4 received. Processing...
FFT for batch 0Nm_BPFI_03:0 published to Enterprise/Site/Area/Motor4/Analysis/Vibration/fft
Prediction for batch 0Nm_BPFI_03:0 published to Enterprise/Site/Area/Motor4/Analysis/Diagnosis/prediction
-----------------------------------------
[Motor9] raw_latency_ms=7497.406
[Motor9] EDGE UTC : 2026-08-12T01:55:00.076576+00:00
[Motor9] CLOUD UTC: 2026-08-12T01:55:07.573981+00:00
-------------
Batch 0Nm_BPFI_03:88 from Motor9 received. Processing...
FFT for batch 0Nm_BPFI_03:88 published to Enterprise/Site/Area/Motor9/Analysis/Vibration/fft
Prediction for batch 0Nm_BPFI_03:88 published to Enterprise/Site/Area/Motor9/Analysis/Diagnosis/prediction
-----------------------------------------
[Motor5] raw_latency_ms=8207.363
[Motor5] EDGE UTC : 2026-08-12T01:54:59.477535+00:00
[Motor5] CLOUD UTC: 2026-08-12T01:55:07.684898+00:00
-------------
Batch 0Nm_BPFI_03:168 from Motor5 received. Processing...
FFT for batch 0Nm_BPFI_03:168 published to Enterprise/Site/Area/Motor5/Analysis/Vibration/fft
Prediction for batch 0Nm_BPFI_03:168 published to Enterprise/Site/Area/Motor5/Analysis/Diagnosis/prediction
-----------------------------------------
[Motor6] raw_latency_ms=7951.832
[Motor6] EDGE UTC : 2026-08-12T01:54:59.852076+00:00
[Motor6] CLOUD UTC: 2026-08-12T01:55:07.803909+00:00
-------------
Batch 0Nm_BPFI_03:153 from Motor6 received. Processing...
FFT for batch 0Nm_BPFI_03:153 published to Enterprise/Site/Area/Motor6/Analysis/Vibration/fft
Prediction for batch 0Nm_BPFI_03:153 published to Enterprise/Site/Area/Motor6/Analysis/Diagnosis/prediction
-----------------------------------------
[Motor1] raw_latency_ms=7889.160
[Motor1] EDGE UTC : 2026-08-12T01:55:00.022409+00:00
[Motor1] CLOUD UTC: 2026-08-12T01:55:07.911569+00:00
-------------
Batch 0Nm_BPFI_03:72 from Motor1 received. Processing...
FFT for batch 0Nm_BPFI_03:72 published to Enterprise/Site/Area/Motor1/Analysis/Vibration/fft
Prediction for batch 0Nm_BPFI_03:72 published to Enterprise/Site/Area/Motor1/Analysis/Diagnosis/prediction
-----------------------------------------
[Motor7] raw_latency_ms=8098.310
[Motor7] EDGE UTC : 2026-08-12T01:54:59.915976+00:00
[Motor7] CLOUD UTC: 2026-08-12T01:55:08.014285+00:00
-------------
Batch 0Nm_BPFI_03:121 from Motor7 received. Processing...
FFT for batch 0Nm_BPFI_03:121 published to Enterprise/Site/Area/Motor7/Analysis/Vibration/fft
Prediction for batch 0Nm_BPFI_03:121 published to Enterprise/Site/Area/Motor7/Analysis/Diagnosis/prediction
-----------------------------------------
[Motor4] raw_latency_ms=8024.639
[Motor4] EDGE UTC : 2026-08-12T01:55:00.096349+00:00
[Motor4] CLOUD UTC: 2026-08-12T01:55:08.120989+00:00
-------------
Batch 0Nm_BPFI_03:1 from Motor4 received. Processing...
FFT for batch 0Nm_BPFI_03:1 published to Enterprise/Site/Area/Motor4/Analysis/Vibration/fft
Prediction for batch 0Nm_BPFI_03:1 published to Enterprise/Site/Area/Motor4/Analysis/Diagnosis/prediction
-----------------------------------------
[Motor2] raw_latency_ms=7923.562
[Motor2] EDGE UTC : 2026-08-12T01:55:00.297973+00:00
[Motor2] CLOUD UTC: 2026-08-12T01:55:08.221535+00:00
-------------
Batch 0Nm_BPFI_03:52 from Motor2 received. Processing...
FFT for batch 0Nm_BPFI_03:52 published to Enterprise/Site/Area/Motor2/Analysis/Vibration/fft
Prediction for batch 0Nm_BPFI_03:52 published to Enterprise/Site/Area/Motor2/Analysis/Diagnosis/prediction
-----------------------------------------
[Motor3] raw_latency_ms=7869.473
[Motor3] EDGE UTC : 2026-08-12T01:55:00.466561+00:00
[Motor3] CLOUD UTC: 2026-08-12T01:55:08.336034+00:00
-------------
Batch 0Nm_BPFI_03:39 from Motor3 received. Processing...
FFT for batch 0Nm_BPFI_03:39 published to Enterprise/Site/Area/Motor3/Analysis/Vibration/fft
Prediction for batch 0Nm_BPFI_03:39 published to Enterprise/Site/Area/Motor3/Analysis/Diagnosis/prediction
-----------------------------------------
[Motor5] raw_latency_ms=7938.624
[Motor5] EDGE UTC : 2026-08-12T01:55:00.499190+00:00
[Motor5] CLOUD UTC: 2026-08-12T01:55:08.437814+00:00
-------------
Batch 0Nm_BPFI_03:169 from Motor5 received. Processing...
FFT for batch 0Nm_BPFI_03:169 published to Enterprise/Site/Area/Motor5/Analysis/Vibration/fft
Prediction for batch 0Nm_BPFI_03:169 published to Enterprise/Site/Area/Motor5/Analysis/Diagnosis/prediction
-----------------------------------------
[Motor6] raw_latency_ms=7689.037
[Motor6] EDGE UTC : 2026-08-12T01:55:00.857595+00:00
[Motor6] CLOUD UTC: 2026-08-12T01:55:08.546631+00:00
-------------
Batch 0Nm_BPFI_03:154 from Motor6 received. Processing...
FFT for batch 0Nm_BPFI_03:154 published to Enterprise/Site/Area/Motor6/Analysis/Vibration/fft
Prediction for batch 0Nm_BPFI_03:154 published to Enterprise/Site/Area/Motor6/Analysis/Diagnosis/prediction
-----------------------------------------
[Motor8] raw_latency_ms=7899.542
[Motor8] EDGE UTC : 2026-08-12T01:55:00.755801+00:00
[Motor8] CLOUD UTC: 2026-08-12T01:55:08.655343+00:00
-------------
Batch 0Nm_BPFI_03:105 from Motor8 received. Processing...
FFT for batch 0Nm_BPFI_03:105 published to Enterprise/Site/Area/Motor8/Analysis/Vibration/fft
Prediction for batch 0Nm_BPFI_03:105 published to Enterprise/Site/Area/Motor8/Analysis/Diagnosis/prediction
-----------------------------------------
[Motor1] raw_latency_ms=7726.509
[Motor1] EDGE UTC : 2026-08-12T01:55:01.054291+00:00
[Motor1] CLOUD UTC: 2026-08-12T01:55:08.780800+00:00
-------------
Batch 0Nm_BPFI_03:73 from Motor1 received. Processing...
FFT for batch 0Nm_BPFI_03:73 published to Enterprise/Site/Area/Motor1/Analysis/Vibration/fft
Prediction for batch 0Nm_BPFI_03:73 published to Enterprise/Site/Area/Motor1/Analysis/Diagnosis/prediction
-----------------------------------------
[Motor9] raw_latency_ms=7801.819
[Motor9] EDGE UTC : 2026-08-12T01:55:01.080153+00:00
[Motor9] CLOUD UTC: 2026-08-12T01:55:08.881973+00:00
-------------
Batch 0Nm_BPFI_03:89 from Motor9 received. Processing...
FFT for batch 0Nm_BPFI_03:89 published to Enterprise/Site/Area/Motor9/Analysis/Vibration/fft
Prediction for batch 0Nm_BPFI_03:89 published to Enterprise/Site/Area/Motor9/Analysis/Diagnosis/prediction
-----------------------------------------
[Motor4] raw_latency_ms=7863.751
[Motor4] EDGE UTC : 2026-08-12T01:55:01.125694+00:00
[Motor4] CLOUD UTC: 2026-08-12T01:55:08.989446+00:00
-------------
Batch 0Nm_BPFI_03:2 from Motor4 received. Processing...
FFT for batch 0Nm_BPFI_03:2 published to Enterprise/Site/Area/Motor4/Analysis/Vibration/fft
Prediction for batch 0Nm_BPFI_03:2 published to Enterprise/Site/Area/Motor4/Analysis/Diagnosis/prediction
-----------------------------------------
[Motor3] raw_latency_ms=7622.360
[Motor3] EDGE UTC : 2026-08-12T01:55:01.472030+00:00
[Motor3] CLOUD UTC: 2026-08-12T01:55:09.094390+00:00
-------------
Batch 0Nm_BPFI_03:40 from Motor3 received. Processing...
FFT for batch 0Nm_BPFI_03:40 published to Enterprise/Site/Area/Motor3/Analysis/Vibration/fft
Prediction for batch 0Nm_BPFI_03:40 published to Enterprise/Site/Area/Motor3/Analysis/Diagnosis/prediction
-----------------------------------------
[Motor2] raw_latency_ms=7819.242
[Motor2] EDGE UTC : 2026-08-12T01:55:01.394140+00:00
[Motor2] CLOUD UTC: 2026-08-12T01:55:09.213382+00:00
-------------
Batch 0Nm_BPFI_03:53 from Motor2 received. Processing...
FFT for batch 0Nm_BPFI_03:53 published to Enterprise/Site/Area/Motor2/Analysis/Vibration/fft
Prediction for batch 0Nm_BPFI_03:53 published to Enterprise/Site/Area/Motor2/Analysis/Diagnosis/prediction
-----------------------------------------
[Motor7] raw_latency_ms=8371.529
[Motor7] EDGE UTC : 2026-08-12T01:55:00.946041+00:00
[Motor7] CLOUD UTC: 2026-08-12T01:55:09.317570+00:00
-------------
Batch 0Nm_BPFI_03:122 from Motor7 received. Processing...
FFT for batch 0Nm_BPFI_03:122 published to Enterprise/Site/Area/Motor7/Analysis/Vibration/fft
Prediction for batch 0Nm_BPFI_03:122 published to Enterprise/Site/Area/Motor7/Analysis/Diagnosis/prediction
-----------------------------------------
[Motor5] raw_latency_ms=7904.597
[Motor5] EDGE UTC : 2026-08-12T01:55:01.518248+00:00
[Motor5] CLOUD UTC: 2026-08-12T01:55:09.422845+00:00
-------------
Batch 0Nm_BPFI_03:170 from Motor5 received. Processing...
FFT for batch 0Nm_BPFI_03:170 published to Enterprise/Site/Area/Motor5/Analysis/Vibration/fft
Prediction for batch 0Nm_BPFI_03:170 published to Enterprise/Site/Area/Motor5/Analysis/Diagnosis/prediction
-----------------------------------------
[Motor6] raw_latency_ms=7663.384
[Motor6] EDGE UTC : 2026-08-12T01:55:01.862797+00:00
[Motor6] CLOUD UTC: 2026-08-12T01:55:09.526181+00:00
-------------
Batch 0Nm_BPFI_03:155 from Motor6 received. Processing...
FFT for batch 0Nm_BPFI_03:155 published to Enterprise/Site/Area/Motor6/Analysis/Vibration/fft
Prediction for batch 0Nm_BPFI_03:155 published to Enterprise/Site/Area/Motor6/Analysis/Diagnosis/prediction
-----------------------------------------
[Motor8] raw_latency_ms=7860.619
[Motor8] EDGE UTC : 2026-08-12T01:55:01.774848+00:00
[Motor8] CLOUD UTC: 2026-08-12T01:55:09.635467+00:00
-------------
Batch 0Nm_BPFI_03:106 from Motor8 received. Processing...
FFT for batch 0Nm_BPFI_03:106 published to Enterprise/Site/Area/Motor8/Analysis/Vibration/fft
Prediction for batch 0Nm_BPFI_03:106 published to Enterprise/Site/Area/Motor8/Analysis/Diagnosis/prediction
-----------------------------------------
[Motor1] raw_latency_ms=7650.772
[Motor1] EDGE UTC : 2026-08-12T01:55:02.087381+00:00
[Motor1] CLOUD UTC: 2026-08-12T01:55:09.738153+00:00
-------------
Batch 0Nm_BPFI_03:74 from Motor1 received. Processing...
FFT for batch 0Nm_BPFI_03:74 published to Enterprise/Site/Area/Motor1/Analysis/Vibration/fft
Prediction for batch 0Nm_BPFI_03:74 published to Enterprise/Site/Area/Motor1/Analysis/Diagnosis/prediction
-----------------------------------------
[Motor7] raw_latency_ms=7879.887
[Motor7] EDGE UTC : 2026-08-12T01:55:01.976866+00:00
[Motor7] CLOUD UTC: 2026-08-12T01:55:09.856753+00:00
-------------
Batch 0Nm_BPFI_03:123 from Motor7 received. Processing...
FFT for batch 0Nm_BPFI_03:123 published to Enterprise/Site/Area/Motor7/Analysis/Vibration/fft
Prediction for batch 0Nm_BPFI_03:123 published to Enterprise/Site/Area/Motor7/Analysis/Diagnosis/prediction
-----------------------------------------
[Motor9] raw_latency_ms=7879.132
[Motor9] EDGE UTC : 2026-08-12T01:55:02.083584+00:00
[Motor9] CLOUD UTC: 2026-08-12T01:55:09.962716+00:00
-------------
Batch 0Nm_BPFI_03:90 from Motor9 received. Processing...
FFT for batch 0Nm_BPFI_03:90 published to Enterprise/Site/Area/Motor9/Analysis/Vibration/fft
Prediction for batch 0Nm_BPFI_03:90 published to Enterprise/Site/Area/Motor9/Analysis/Diagnosis/prediction
-----------------------------------------
[Motor3] raw_latency_ms=7598.802
[Motor3] EDGE UTC : 2026-08-12T01:55:02.478698+00:00
[Motor3] CLOUD UTC: 2026-08-12T01:55:10.077499+00:00
-------------
Batch 0Nm_BPFI_03:41 from Motor3 received. Processing...
FFT for batch 0Nm_BPFI_03:41 published to Enterprise/Site/Area/Motor3/Analysis/Vibration/fft
Prediction for batch 0Nm_BPFI_03:41 published to Enterprise/Site/Area/Motor3/Analysis/Diagnosis/prediction
-----------------------------------------
[Motor2] raw_latency_ms=7771.043
[Motor2] EDGE UTC : 2026-08-12T01:55:02.412422+00:00
[Motor2] CLOUD UTC: 2026-08-12T01:55:10.183464+00:00
-------------
Batch 0Nm_BPFI_03:54 from Motor2 received. Processing...
FFT for batch 0Nm_BPFI_03:54 published to Enterprise/Site/Area/Motor2/Analysis/Vibration/fft
Prediction for batch 0Nm_BPFI_03:54 published to Enterprise/Site/Area/Motor2/Analysis/Diagnosis/prediction
-----------------------------------------
[Motor4] raw_latency_ms=8135.513
[Motor4] EDGE UTC : 2026-08-12T01:55:02.156783+00:00
[Motor4] CLOUD UTC: 2026-08-12T01:55:10.292297+00:00
-------------
Batch 0Nm_BPFI_03:3 from Motor4 received. Processing...
FFT for batch 0Nm_BPFI_03:3 published to Enterprise/Site/Area/Motor4/Analysis/Vibration/fft
Prediction for batch 0Nm_BPFI_03:3 published to Enterprise/Site/Area/Motor4/Analysis/Diagnosis/prediction
-----------------------------------------
[Motor5] raw_latency_ms=7862.727
[Motor5] EDGE UTC : 2026-08-12T01:55:02.537087+00:00
[Motor5] CLOUD UTC: 2026-08-12T01:55:10.399814+00:00
-------------
Batch 0Nm_BPFI_03:171 from Motor5 received. Processing...
FFT for batch 0Nm_BPFI_03:171 published to Enterprise/Site/Area/Motor5/Analysis/Vibration/fft
Prediction for batch 0Nm_BPFI_03:171 published to Enterprise/Site/Area/Motor5/Analysis/Diagnosis/prediction
-----------------------------------------
[Motor8] raw_latency_ms=7714.432
[Motor8] EDGE UTC : 2026-08-12T01:55:02.793621+00:00
[Motor8] CLOUD UTC: 2026-08-12T01:55:10.508053+00:00
-------------
Batch 0Nm_BPFI_03:107 from Motor8 received. Processing...
FFT for batch 0Nm_BPFI_03:107 published to Enterprise/Site/Area/Motor8/Analysis/Vibration/fft
Prediction for batch 0Nm_BPFI_03:107 published to Enterprise/Site/Area/Motor8/Analysis/Diagnosis/prediction
-----------------------------------------
[Motor6] raw_latency_ms=7746.501
[Motor6] EDGE UTC : 2026-08-12T01:55:02.868632+00:00
[Motor6] CLOUD UTC: 2026-08-12T01:55:10.615133+00:00
-------------
Batch 0Nm_BPFI_03:156 from Motor6 received. Processing...
FFT for batch 0Nm_BPFI_03:156 published to Enterprise/Site/Area/Motor6/Analysis/Vibration/fft
Prediction for batch 0Nm_BPFI_03:156 published to Enterprise/Site/Area/Motor6/Analysis/Diagnosis/prediction
-----------------------------------------
[Motor9] raw_latency_ms=7636.325
[Motor9] EDGE UTC : 2026-08-12T01:55:03.087365+00:00
[Motor9] CLOUD UTC: 2026-08-12T01:55:10.723690+00:00
-------------
Batch 0Nm_BPFI_03:91 from Motor9 received. Processing...
FFT for batch 0Nm_BPFI_03:91 published to Enterprise/Site/Area/Motor9/Analysis/Vibration/fft
Prediction for batch 0Nm_BPFI_03:91 published to Enterprise/Site/Area/Motor9/Analysis/Diagnosis/prediction
-----------------------------------------
[Motor1] raw_latency_ms=7724.379
[Motor1] EDGE UTC : 2026-08-12T01:55:03.116954+00:00
[Motor1] CLOUD UTC: 2026-08-12T01:55:10.841332+00:00
-------------
Batch 0Nm_BPFI_03:75 from Motor1 received. Processing...
FFT for batch 0Nm_BPFI_03:75 published to Enterprise/Site/Area/Motor1/Analysis/Vibration/fft
Prediction for batch 0Nm_BPFI_03:75 published to Enterprise/Site/Area/Motor1/Analysis/Diagnosis/prediction
-----------------------------------------
[Motor7] raw_latency_ms=7950.319
[Motor7] EDGE UTC : 2026-08-12T01:55:03.007241+00:00
[Motor7] CLOUD UTC: 2026-08-12T01:55:10.957560+00:00
-------------
Batch 0Nm_BPFI_03:124 from Motor7 received. Processing...
FFT for batch 0Nm_BPFI_03:124 published to Enterprise/Site/Area/Motor7/Analysis/Vibration/fft
Prediction for batch 0Nm_BPFI_03:124 published to Enterprise/Site/Area/Motor7/Analysis/Diagnosis/prediction
-----------------------------------------
[Motor3] raw_latency_ms=7576.486
[Motor3] EDGE UTC : 2026-08-12T01:55:03.484082+00:00
[Motor3] CLOUD UTC: 2026-08-12T01:55:11.060568+00:00
-------------
Batch 0Nm_BPFI_03:42 from Motor3 received. Processing...
FFT for batch 0Nm_BPFI_03:42 published to Enterprise/Site/Area/Motor3/Analysis/Vibration/fft
Prediction for batch 0Nm_BPFI_03:42 published to Enterprise/Site/Area/Motor3/Analysis/Diagnosis/prediction
-----------------------------------------
[Motor2] raw_latency_ms=7734.821
[Motor2] EDGE UTC : 2026-08-12T01:55:03.431169+00:00
[Motor2] CLOUD UTC: 2026-08-12T01:55:11.165989+00:00
-------------
Batch 0Nm_BPFI_03:55 from Motor2 received. Processing...
FFT for batch 0Nm_BPFI_03:55 published to Enterprise/Site/Area/Motor2/Analysis/Vibration/fft
Prediction for batch 0Nm_BPFI_03:55 published to Enterprise/Site/Area/Motor2/Analysis/Diagnosis/prediction
-----------------------------------------
[Motor4] raw_latency_ms=8089.301
[Motor4] EDGE UTC : 2026-08-12T01:55:03.186295+00:00
[Motor4] CLOUD UTC: 2026-08-12T01:55:11.275595+00:00
-------------
Batch 0Nm_BPFI_03:4 from Motor4 received. Processing...
FFT for batch 0Nm_BPFI_03:4 published to Enterprise/Site/Area/Motor4/Analysis/Vibration/fft
Prediction for batch 0Nm_BPFI_03:4 published to Enterprise/Site/Area/Motor4/Analysis/Diagnosis/prediction
-----------------------------------------
[Motor5] raw_latency_ms=7824.022
[Motor5] EDGE UTC : 2026-08-12T01:55:03.559192+00:00
[Motor5] CLOUD UTC: 2026-08-12T01:55:11.383214+00:00
-------------
Batch 0Nm_BPFI_03:172 from Motor5 received. Processing...
FFT for batch 0Nm_BPFI_03:172 published to Enterprise/Site/Area/Motor5/Analysis/Vibration/fft
Prediction for batch 0Nm_BPFI_03:172 published to Enterprise/Site/Area/Motor5/Analysis/Diagnosis/prediction
-----------------------------------------
[Motor6] raw_latency_ms=7609.977
[Motor6] EDGE UTC : 2026-08-12T01:55:03.875234+00:00
[Motor6] CLOUD UTC: 2026-08-12T01:55:11.485211+00:00
-------------
Batch 0Nm_BPFI_03:157 from Motor6 received. Processing...
FFT for batch 0Nm_BPFI_03:157 published to Enterprise/Site/Area/Motor6/Analysis/Vibration/fft
Prediction for batch 0Nm_BPFI_03:157 published to Enterprise/Site/Area/Motor6/Analysis/Diagnosis/prediction
-----------------------------------------
[Motor8] raw_latency_ms=7782.579
[Motor8] EDGE UTC : 2026-08-12T01:55:03.812731+00:00
[Motor8] CLOUD UTC: 2026-08-12T01:55:11.595310+00:00
-------------
Batch 0Nm_BPFI_03:108 from Motor8 received. Processing...
FFT for batch 0Nm_BPFI_03:108 published to Enterprise/Site/Area/Motor8/Analysis/Vibration/fft
Prediction for batch 0Nm_BPFI_03:108 published to Enterprise/Site/Area/Motor8/Analysis/Diagnosis/prediction
-----------------------------------------
[Motor9] raw_latency_ms=7604.082
[Motor9] EDGE UTC : 2026-08-12T01:55:04.093680+00:00
[Motor9] CLOUD UTC: 2026-08-12T01:55:11.697762+00:00
-------------
Batch 0Nm_BPFI_03:92 from Motor9 received. Processing...
FFT for batch 0Nm_BPFI_03:92 published to Enterprise/Site/Area/Motor9/Analysis/Vibration/fft
Prediction for batch 0Nm_BPFI_03:92 published to Enterprise/Site/Area/Motor9/Analysis/Diagnosis/prediction
-----------------------------------------
[Motor1] raw_latency_ms=7666.239
[Motor1] EDGE UTC : 2026-08-12T01:55:04.139789+00:00
[Motor1] CLOUD UTC: 2026-08-12T01:55:11.806028+00:00
-------------
Batch 0Nm_BPFI_03:76 from Motor1 received. Processing...
FFT for batch 0Nm_BPFI_03:76 published to Enterprise/Site/Area/Motor1/Analysis/Vibration/fft
Prediction for batch 0Nm_BPFI_03:76 published to Enterprise/Site/Area/Motor1/Analysis/Diagnosis/prediction
-----------------------------------------
[Motor3] raw_latency_ms=7433.156
[Motor3] EDGE UTC : 2026-08-12T01:55:04.489454+00:00
[Motor3] CLOUD UTC: 2026-08-12T01:55:11.922610+00:00
-------------
Batch 0Nm_BPFI_03:43 from Motor3 received. Processing...
FFT for batch 0Nm_BPFI_03:43 published to Enterprise/Site/Area/Motor3/Analysis/Vibration/fft
Prediction for batch 0Nm_BPFI_03:43 published to Enterprise/Site/Area/Motor3/Analysis/Diagnosis/prediction
-----------------------------------------
[Motor7] raw_latency_ms=7998.109
[Motor7] EDGE UTC : 2026-08-12T01:55:04.030486+00:00
[Motor7] CLOUD UTC: 2026-08-12T01:55:12.028595+00:00
-------------
Batch 0Nm_BPFI_03:125 from Motor7 received. Processing...
FFT for batch 0Nm_BPFI_03:125 published to Enterprise/Site/Area/Motor7/Analysis/Vibration/fft
Prediction for batch 0Nm_BPFI_03:125 published to Enterprise/Site/Area/Motor7/Analysis/Diagnosis/prediction
-----------------------------------------
[Motor2] raw_latency_ms=7686.793
[Motor2] EDGE UTC : 2026-08-12T01:55:04.452477+00:00
[Motor2] CLOUD UTC: 2026-08-12T01:55:12.139269+00:00
-------------
Batch 0Nm_BPFI_03:56 from Motor2 received. Processing...
FFT for batch 0Nm_BPFI_03:56 published to Enterprise/Site/Area/Motor2/Analysis/Vibration/fft
Prediction for batch 0Nm_BPFI_03:56 published to Enterprise/Site/Area/Motor2/Analysis/Diagnosis/prediction
-----------------------------------------
[Motor4] raw_latency_ms=8042.291
[Motor4] EDGE UTC : 2026-08-12T01:55:04.209201+00:00
[Motor4] CLOUD UTC: 2026-08-12T01:55:12.251492+00:00
-------------
Batch 0Nm_BPFI_03:5 from Motor4 received. Processing...
FFT for batch 0Nm_BPFI_03:5 published to Enterprise/Site/Area/Motor4/Analysis/Vibration/fft
Prediction for batch 0Nm_BPFI_03:5 published to Enterprise/Site/Area/Motor4/Analysis/Diagnosis/prediction
-----------------------------------------
[Motor5] raw_latency_ms=7773.181
[Motor5] EDGE UTC : 2026-08-12T01:55:04.580712+00:00
[Motor5] CLOUD UTC: 2026-08-12T01:55:12.353893+00:00
-------------
Batch 0Nm_BPFI_03:173 from Motor5 received. Processing...
FFT for batch 0Nm_BPFI_03:173 published to Enterprise/Site/Area/Motor5/Analysis/Vibration/fft
Prediction for batch 0Nm_BPFI_03:173 published to Enterprise/Site/Area/Motor5/Analysis/Diagnosis/prediction
-----------------------------------------
[Motor6] raw_latency_ms=7581.241
[Motor6] EDGE UTC : 2026-08-12T01:55:04.878777+00:00
[Motor6] CLOUD UTC: 2026-08-12T01:55:12.460018+00:00
-------------
Batch 0Nm_BPFI_03:158 from Motor6 received. Processing...
FFT for batch 0Nm_BPFI_03:158 published to Enterprise/Site/Area/Motor6/Analysis/Vibration/fft
Prediction for batch 0Nm_BPFI_03:158 published to Enterprise/Site/Area/Motor6/Analysis/Diagnosis/prediction
-----------------------------------------
[Motor8] raw_latency_ms=7727.405
[Motor8] EDGE UTC : 2026-08-12T01:55:04.835146+00:00
[Motor8] CLOUD UTC: 2026-08-12T01:55:12.562551+00:00
-------------
Batch 0Nm_BPFI_03:109 from Motor8 received. Processing...
FFT for batch 0Nm_BPFI_03:109 published to Enterprise/Site/Area/Motor8/Analysis/Vibration/fft
Prediction for batch 0Nm_BPFI_03:109 published to Enterprise/Site/Area/Motor8/Analysis/Diagnosis/prediction
-----------------------------------------
[Motor9] raw_latency_ms=7576.215
[Motor9] EDGE UTC : 2026-08-12T01:55:05.096773+00:00
[Motor9] CLOUD UTC: 2026-08-12T01:55:12.672987+00:00
-------------
Batch 0Nm_BPFI_03:93 from Motor9 received. Processing...
FFT for batch 0Nm_BPFI_03:93 published to Enterprise/Site/Area/Motor9/Analysis/Vibration/fft
Prediction for batch 0Nm_BPFI_03:93 published to Enterprise/Site/Area/Motor9/Analysis/Diagnosis/prediction
-----------------------------------------
[Motor1] raw_latency_ms=7613.412
[Motor1] EDGE UTC : 2026-08-12T01:55:05.162734+00:00
[Motor1] CLOUD UTC: 2026-08-12T01:55:12.776146+00:00
-------------
Batch 0Nm_BPFI_03:77 from Motor1 received. Processing...
FFT for batch 0Nm_BPFI_03:77 published to Enterprise/Site/Area/Motor1/Analysis/Vibration/fft
Prediction for batch 0Nm_BPFI_03:77 published to Enterprise/Site/Area/Motor1/Analysis/Diagnosis/prediction
-----------------------------------------
[Motor7] raw_latency_ms=7830.190
[Motor7] EDGE UTC : 2026-08-12T01:55:05.055968+00:00
[Motor7] CLOUD UTC: 2026-08-12T01:55:12.886158+00:00
-------------
Batch 0Nm_BPFI_03:126 from Motor7 received. Processing...
FFT for batch 0Nm_BPFI_03:126 published to Enterprise/Site/Area/Motor7/Analysis/Vibration/fft
Prediction for batch 0Nm_BPFI_03:126 published to Enterprise/Site/Area/Motor7/Analysis/Diagnosis/prediction
-----------------------------------------
[Motor3] raw_latency_ms=7503.889
[Motor3] EDGE UTC : 2026-08-12T01:55:05.495329+00:00
[Motor3] CLOUD UTC: 2026-08-12T01:55:12.999218+00:00
-------------
Batch 0Nm_BPFI_03:44 from Motor3 received. Processing...
FFT for batch 0Nm_BPFI_03:44 published to Enterprise/Site/Area/Motor3/Analysis/Vibration/fft
Prediction for batch 0Nm_BPFI_03:44 published to Enterprise/Site/Area/Motor3/Analysis/Diagnosis/prediction
-----------------------------------------
[Motor2] raw_latency_ms=7637.535
[Motor2] EDGE UTC : 2026-08-12T01:55:05.475005+00:00
[Motor2] CLOUD UTC: 2026-08-12T01:55:13.112540+00:00
-------------
Batch 0Nm_BPFI_03:57 from Motor2 received. Processing...
FFT for batch 0Nm_BPFI_03:57 published to Enterprise/Site/Area/Motor2/Analysis/Vibration/fft
Prediction for batch 0Nm_BPFI_03:57 published to Enterprise/Site/Area/Motor2/Analysis/Diagnosis/prediction
-----------------------------------------
[Motor4] raw_latency_ms=7984.524
[Motor4] EDGE UTC : 2026-08-12T01:55:05.232192+00:00
[Motor4] CLOUD UTC: 2026-08-12T01:55:13.216716+00:00
-------------
Batch 0Nm_BPFI_03:6 from Motor4 received. Processing...
FFT for batch 0Nm_BPFI_03:6 published to Enterprise/Site/Area/Motor4/Analysis/Vibration/fft
Prediction for batch 0Nm_BPFI_03:6 published to Enterprise/Site/Area/Motor4/Analysis/Diagnosis/prediction
-----------------------------------------
[Motor5] raw_latency_ms=7721.219
[Motor5] EDGE UTC : 2026-08-12T01:55:05.603313+00:00
[Motor5] CLOUD UTC: 2026-08-12T01:55:13.324532+00:00
-------------
Batch 0Nm_BPFI_03:174 from Motor5 received. Processing...
FFT for batch 0Nm_BPFI_03:174 published to Enterprise/Site/Area/Motor5/Analysis/Vibration/fft
Prediction for batch 0Nm_BPFI_03:174 published to Enterprise/Site/Area/Motor5/Analysis/Diagnosis/prediction
-----------------------------------------
[Motor6] raw_latency_ms=7546.110
[Motor6] EDGE UTC : 2026-08-12T01:55:05.884103+00:00
[Motor6] CLOUD UTC: 2026-08-12T01:55:13.430212+00:00
-------------
Batch 0Nm_BPFI_03:159 from Motor6 received. Processing...
FFT for batch 0Nm_BPFI_03:159 published to Enterprise/Site/Area/Motor6/Analysis/Vibration/fft
Prediction for batch 0Nm_BPFI_03:159 published to Enterprise/Site/Area/Motor6/Analysis/Diagnosis/prediction
-----------------------------------------
[Motor9] raw_latency_ms=7437.202
[Motor9] EDGE UTC : 2026-08-12T01:55:06.101576+00:00
[Motor9] CLOUD UTC: 2026-08-12T01:55:13.538778+00:00
-------------
Batch 0Nm_BPFI_03:94 from Motor9 received. Processing...
FFT for batch 0Nm_BPFI_03:94 published to Enterprise/Site/Area/Motor9/Analysis/Vibration/fft
Prediction for batch 0Nm_BPFI_03:94 published to Enterprise/Site/Area/Motor9/Analysis/Diagnosis/prediction
-----------------------------------------
[Motor8] raw_latency_ms=7787.432
[Motor8] EDGE UTC : 2026-08-12T01:55:05.856955+00:00
[Motor8] CLOUD UTC: 2026-08-12T01:55:13.644387+00:00
-------------
Batch 0Nm_BPFI_03:110 from Motor8 received. Processing...
FFT for batch 0Nm_BPFI_03:110 published to Enterprise/Site/Area/Motor8/Analysis/Vibration/fft
Prediction for batch 0Nm_BPFI_03:110 published to Enterprise/Site/Area/Motor8/Analysis/Diagnosis/prediction
-----------------------------------------
[Motor1] raw_latency_ms=7601.850
[Motor1] EDGE UTC : 2026-08-12T01:55:06.185780+00:00
[Motor1] CLOUD UTC: 2026-08-12T01:55:13.787630+00:00
-------------
Batch 0Nm_BPFI_03:78 from Motor1 received. Processing...
FFT for batch 0Nm_BPFI_03:78 published to Enterprise/Site/Area/Motor1/Analysis/Vibration/fft
Prediction for batch 0Nm_BPFI_03:78 published to Enterprise/Site/Area/Motor1/Analysis/Diagnosis/prediction
-----------------------------------------
[Motor7] raw_latency_ms=7812.998
[Motor7] EDGE UTC : 2026-08-12T01:55:06.079479+00:00
[Motor7] CLOUD UTC: 2026-08-12T01:55:13.892478+00:00
-------------
Batch 0Nm_BPFI_03:127 from Motor7 received. Processing...
FFT for batch 0Nm_BPFI_03:127 published to Enterprise/Site/Area/Motor7/Analysis/Vibration/fft
Prediction for batch 0Nm_BPFI_03:127 published to Enterprise/Site/Area/Motor7/Analysis/Diagnosis/prediction
-----------------------------------------
[Motor3] raw_latency_ms=7512.801
[Motor3] EDGE UTC : 2026-08-12T01:55:06.501123+00:00
[Motor3] CLOUD UTC: 2026-08-12T01:55:14.013924+00:00
-------------
Batch 0Nm_BPFI_03:45 from Motor3 received. Processing...
FFT for batch 0Nm_BPFI_03:45 published to Enterprise/Site/Area/Motor3/Analysis/Vibration/fft
Prediction for batch 0Nm_BPFI_03:45 published to Enterprise/Site/Area/Motor3/Analysis/Diagnosis/prediction
-----------------------------------------
[Motor2] raw_latency_ms=7620.288
[Motor2] EDGE UTC : 2026-08-12T01:55:06.500208+00:00
[Motor2] CLOUD UTC: 2026-08-12T01:55:14.120497+00:00
-------------
Batch 0Nm_BPFI_03:58 from Motor2 received. Processing...
FFT for batch 0Nm_BPFI_03:58 published to Enterprise/Site/Area/Motor2/Analysis/Vibration/fft
Prediction for batch 0Nm_BPFI_03:58 published to Enterprise/Site/Area/Motor2/Analysis/Diagnosis/prediction
-----------------------------------------
[Motor4] raw_latency_ms=7974.929
[Motor4] EDGE UTC : 2026-08-12T01:55:06.254980+00:00
[Motor4] CLOUD UTC: 2026-08-12T01:55:14.229909+00:00
-------------
Batch 0Nm_BPFI_03:7 from Motor4 received. Processing...
FFT for batch 0Nm_BPFI_03:7 published to Enterprise/Site/Area/Motor4/Analysis/Vibration/fft
Prediction for batch 0Nm_BPFI_03:7 published to Enterprise/Site/Area/Motor4/Analysis/Diagnosis/prediction
-----------------------------------------
[Motor5] raw_latency_ms=7711.426
[Motor5] EDGE UTC : 2026-08-12T01:55:06.625284+00:00
[Motor5] CLOUD UTC: 2026-08-12T01:55:14.336710+00:00
-------------
Batch 0Nm_BPFI_03:175 from Motor5 received. Processing...
FFT for batch 0Nm_BPFI_03:175 published to Enterprise/Site/Area/Motor5/Analysis/Vibration/fft
Prediction for batch 0Nm_BPFI_03:175 published to Enterprise/Site/Area/Motor5/Analysis/Diagnosis/prediction
-----------------------------------------
[Motor6] raw_latency_ms=7559.532
[Motor6] EDGE UTC : 2026-08-12T01:55:06.890125+00:00
[Motor6] CLOUD UTC: 2026-08-12T01:55:14.449656+00:00
-------------
Batch 0Nm_BPFI_03:160 from Motor6 received. Processing...
FFT for batch 0Nm_BPFI_03:160 published to Enterprise/Site/Area/Motor6/Analysis/Vibration/fft
Prediction for batch 0Nm_BPFI_03:160 published to Enterprise/Site/Area/Motor6/Analysis/Diagnosis/prediction
-----------------------------------------
[Motor8] raw_latency_ms=7673.643
[Motor8] EDGE UTC : 2026-08-12T01:55:06.879109+00:00
[Motor8] CLOUD UTC: 2026-08-12T01:55:14.552752+00:00
-------------
Batch 0Nm_BPFI_03:111 from Motor8 received. Processing...
FFT for batch 0Nm_BPFI_03:111 published to Enterprise/Site/Area/Motor8/Analysis/Vibration/fft
Prediction for batch 0Nm_BPFI_03:111 published to Enterprise/Site/Area/Motor8/Analysis/Diagnosis/prediction
-----------------------------------------
[Motor9] raw_latency_ms=7559.645
[Motor9] EDGE UTC : 2026-08-12T01:55:07.105697+00:00
[Motor9] CLOUD UTC: 2026-08-12T01:55:14.665342+00:00
-------------
Batch 0Nm_BPFI_03:95 from Motor9 received. Processing...
FFT for batch 0Nm_BPFI_03:95 published to Enterprise/Site/Area/Motor9/Analysis/Vibration/fft
Prediction for batch 0Nm_BPFI_03:95 published to Enterprise/Site/Area/Motor9/Analysis/Diagnosis/prediction
-----------------------------------------
[Motor1] raw_latency_ms=7560.071
[Motor1] EDGE UTC : 2026-08-12T01:55:07.209240+00:00
[Motor1] CLOUD UTC: 2026-08-12T01:55:14.769311+00:00
-------------
Batch 0Nm_BPFI_03:79 from Motor1 received. Processing...
FFT for batch 0Nm_BPFI_03:79 published to Enterprise/Site/Area/Motor1/Analysis/Vibration/fft
Prediction for batch 0Nm_BPFI_03:79 published to Enterprise/Site/Area/Motor1/Analysis/Diagnosis/prediction
-----------------------------------------
[Motor7] raw_latency_ms=7775.644
[Motor7] EDGE UTC : 2026-08-12T01:55:07.103543+00:00
[Motor7] CLOUD UTC: 2026-08-12T01:55:14.879186+00:00
-------------
Batch 0Nm_BPFI_03:128 from Motor7 received. Processing...
FFT for batch 0Nm_BPFI_03:128 published to Enterprise/Site/Area/Motor7/Analysis/Vibration/fft
Prediction for batch 0Nm_BPFI_03:128 published to Enterprise/Site/Area/Motor7/Analysis/Diagnosis/prediction
-----------------------------------------
[Motor3] raw_latency_ms=7489.169
[Motor3] EDGE UTC : 2026-08-12T01:55:07.507799+00:00
[Motor3] CLOUD UTC: 2026-08-12T01:55:14.996969+00:00
-------------
Batch 0Nm_BPFI_03:46 from Motor3 received. Processing...
FFT for batch 0Nm_BPFI_03:46 published to Enterprise/Site/Area/Motor3/Analysis/Vibration/fft
Prediction for batch 0Nm_BPFI_03:46 published to Enterprise/Site/Area/Motor3/Analysis/Diagnosis/prediction
-----------------------------------------
[Motor2] raw_latency_ms=7586.751
[Motor2] EDGE UTC : 2026-08-12T01:55:07.518789+00:00
[Motor2] CLOUD UTC: 2026-08-12T01:55:15.105540+00:00
-------------
Batch 0Nm_BPFI_03:59 from Motor2 received. Processing...
FFT for batch 0Nm_BPFI_03:59 published to Enterprise/Site/Area/Motor2/Analysis/Vibration/fft
Prediction for batch 0Nm_BPFI_03:59 published to Enterprise/Site/Area/Motor2/Analysis/Diagnosis/prediction
-----------------------------------------
[Motor4] raw_latency_ms=7930.969
[Motor4] EDGE UTC : 2026-08-12T01:55:07.277866+00:00
[Motor4] CLOUD UTC: 2026-08-12T01:55:15.208835+00:00
-------------
Batch 0Nm_BPFI_03:8 from Motor4 received. Processing...
FFT for batch 0Nm_BPFI_03:8 published to Enterprise/Site/Area/Motor4/Analysis/Vibration/fft
Prediction for batch 0Nm_BPFI_03:8 published to Enterprise/Site/Area/Motor4/Analysis/Diagnosis/prediction
-----------------------------------------
[Motor5] raw_latency_ms=7712.543
[Motor5] EDGE UTC : 2026-08-12T01:55:07.647286+00:00
[Motor5] CLOUD UTC: 2026-08-12T01:55:15.359829+00:00
-------------
Batch 0Nm_BPFI_03:176 from Motor5 received. Processing...
FFT for batch 0Nm_BPFI_03:176 published to Enterprise/Site/Area/Motor5/Analysis/Vibration/fft
Prediction for batch 0Nm_BPFI_03:176 published to Enterprise/Site/Area/Motor5/Analysis/Diagnosis/prediction
-----------------------------------------
[Motor6] raw_latency_ms=7579.922
[Motor6] EDGE UTC : 2026-08-12T01:55:07.895972+00:00
[Motor6] CLOUD UTC: 2026-08-12T01:55:15.475893+00:00
-------------
Batch 0Nm_BPFI_03:161 from Motor6 received. Processing...
FFT for batch 0Nm_BPFI_03:161 published to Enterprise/Site/Area/Motor6/Analysis/Vibration/fft
Prediction for batch 0Nm_BPFI_03:161 published to Enterprise/Site/Area/Motor6/Analysis/Diagnosis/prediction
-----------------------------------------
[Motor8] raw_latency_ms=7749.592
[Motor8] EDGE UTC : 2026-08-12T01:55:07.898367+00:00
[Motor8] CLOUD UTC: 2026-08-12T01:55:15.647959+00:00
-------------
Batch 0Nm_BPFI_03:112 from Motor8 received. Processing...
FFT for batch 0Nm_BPFI_03:112 published to Enterprise/Site/Area/Motor8/Analysis/Vibration/fft
Prediction for batch 0Nm_BPFI_03:112 published to Enterprise/Site/Area/Motor8/Analysis/Diagnosis/prediction
-----------------------------------------
[Motor9] raw_latency_ms=7699.690
[Motor9] EDGE UTC : 2026-08-12T01:55:08.111051+00:00
[Motor9] CLOUD UTC: 2026-08-12T01:55:15.810741+00:00
-------------
Batch 0Nm_BPFI_03:96 from Motor9 received. Processing...
FFT for batch 0Nm_BPFI_03:96 published to Enterprise/Site/Area/Motor9/Analysis/Vibration/fft
Prediction for batch 0Nm_BPFI_03:96 published to Enterprise/Site/Area/Motor9/Analysis/Diagnosis/prediction
-----------------------------------------
[Motor1] raw_latency_ms=7790.957
[Motor1] EDGE UTC : 2026-08-12T01:55:08.232017+00:00
[Motor1] CLOUD UTC: 2026-08-12T01:55:16.022974+00:00
-------------
Batch 0Nm_BPFI_03:80 from Motor1 received. Processing...
FFT for batch 0Nm_BPFI_03:80 published to Enterprise/Site/Area/Motor1/Analysis/Vibration/fft
Prediction for batch 0Nm_BPFI_03:80 published to Enterprise/Site/Area/Motor1/Analysis/Diagnosis/prediction
-----------------------------------------
[Motor7] raw_latency_ms=8073.224
[Motor7] EDGE UTC : 2026-08-12T01:55:08.126963+00:00
[Motor7] CLOUD UTC: 2026-08-12T01:55:16.200187+00:00
-------------
Batch 0Nm_BPFI_03:129 from Motor7 received. Processing...
FFT for batch 0Nm_BPFI_03:129 published to Enterprise/Site/Area/Motor7/Analysis/Vibration/fft
Prediction for batch 0Nm_BPFI_03:129 published to Enterprise/Site/Area/Motor7/Analysis/Diagnosis/prediction
-----------------------------------------
[Motor3] raw_latency_ms=7857.883
[Motor3] EDGE UTC : 2026-08-12T01:55:08.513921+00:00
[Motor3] CLOUD UTC: 2026-08-12T01:55:16.371804+00:00
-------------
Batch 0Nm_BPFI_03:47 from Motor3 received. Processing...
FFT for batch 0Nm_BPFI_03:47 published to Enterprise/Site/Area/Motor3/Analysis/Vibration/fft
Prediction for batch 0Nm_BPFI_03:47 published to Enterprise/Site/Area/Motor3/Analysis/Diagnosis/prediction
-----------------------------------------
[Motor4] raw_latency_ms=8229.693
[Motor4] EDGE UTC : 2026-08-12T01:55:08.300644+00:00
[Motor4] CLOUD UTC: 2026-08-12T01:55:16.530338+00:00
-------------
Batch 0Nm_BPFI_03:9 from Motor4 received. Processing...
FFT for batch 0Nm_BPFI_03:9 published to Enterprise/Site/Area/Motor4/Analysis/Vibration/fft
Prediction for batch 0Nm_BPFI_03:9 published to Enterprise/Site/Area/Motor4/Analysis/Diagnosis/prediction
-----------------------------------------
[Motor2] raw_latency_ms=8171.991
[Motor2] EDGE UTC : 2026-08-12T01:55:08.537449+00:00
[Motor2] CLOUD UTC: 2026-08-12T01:55:16.709440+00:00
-------------
Batch 0Nm_BPFI_03:60 from Motor2 received. Processing...
FFT for batch 0Nm_BPFI_03:60 published to Enterprise/Site/Area/Motor2/Analysis/Vibration/fft
Prediction for batch 0Nm_BPFI_03:60 published to Enterprise/Site/Area/Motor2/Analysis/Diagnosis/prediction
-----------------------------------------
[Motor6] raw_latency_ms=7994.868
[Motor6] EDGE UTC : 2026-08-12T01:55:08.899841+00:00
[Motor6] CLOUD UTC: 2026-08-12T01:55:16.894709+00:00
-------------
Batch 0Nm_BPFI_03:162 from Motor6 received. Processing...
FFT for batch 0Nm_BPFI_03:162 published to Enterprise/Site/Area/Motor6/Analysis/Vibration/fft
Prediction for batch 0Nm_BPFI_03:162 published to Enterprise/Site/Area/Motor6/Analysis/Diagnosis/prediction
-----------------------------------------
[Motor8] raw_latency_ms=8202.652
[Motor8] EDGE UTC : 2026-08-12T01:55:08.917382+00:00
[Motor8] CLOUD UTC: 2026-08-12T01:55:17.120033+00:00
-------------
Batch 0Nm_BPFI_03:113 from Motor8 received. Processing...
FFT for batch 0Nm_BPFI_03:113 published to Enterprise/Site/Area/Motor8/Analysis/Vibration/fft
Prediction for batch 0Nm_BPFI_03:113 published to Enterprise/Site/Area/Motor8/Analysis/Diagnosis/prediction
-----------------------------------------
[Motor9] raw_latency_ms=8171.146
[Motor9] EDGE UTC : 2026-08-12T01:55:09.117528+00:00
[Motor9] CLOUD UTC: 2026-08-12T01:55:17.288674+00:00
-------------
Batch 0Nm_BPFI_03:97 from Motor9 received. Processing...
FFT for batch 0Nm_BPFI_03:97 published to Enterprise/Site/Area/Motor9/Analysis/Vibration/fft
Prediction for batch 0Nm_BPFI_03:97 published to Enterprise/Site/Area/Motor9/Analysis/Diagnosis/prediction
-----------------------------------------
[Motor5] raw_latency_ms=8737.956
[Motor5] EDGE UTC : 2026-08-12T01:55:08.761824+00:00
[Motor5] CLOUD UTC: 2026-08-12T01:55:17.499779+00:00
-------------
Batch 0Nm_BPFI_03:177 from Motor5 received. Processing...
FFT for batch 0Nm_BPFI_03:177 published to Enterprise/Site/Area/Motor5/Analysis/Vibration/fft
Prediction for batch 0Nm_BPFI_03:177 published to Enterprise/Site/Area/Motor5/Analysis/Diagnosis/prediction
-----------------------------------------
[Motor7] raw_latency_ms=8524.033
[Motor7] EDGE UTC : 2026-08-12T01:55:09.150461+00:00
[Motor7] CLOUD UTC: 2026-08-12T01:55:17.674494+00:00
-------------
Batch 0Nm_BPFI_03:130 from Motor7 received. Processing...
FFT for batch 0Nm_BPFI_03:130 published to Enterprise/Site/Area/Motor7/Analysis/Vibration/fft
Prediction for batch 0Nm_BPFI_03:130 published to Enterprise/Site/Area/Motor7/Analysis/Diagnosis/prediction
-----------------------------------------
[Motor1] raw_latency_ms=8620.876
[Motor1] EDGE UTC : 2026-08-12T01:55:09.255058+00:00
[Motor1] CLOUD UTC: 2026-08-12T01:55:17.875933+00:00
-------------
Batch 0Nm_BPFI_03:81 from Motor1 received. Processing...
FFT for batch 0Nm_BPFI_03:81 published to Enterprise/Site/Area/Motor1/Analysis/Vibration/fft
Prediction for batch 0Nm_BPFI_03:81 published to Enterprise/Site/Area/Motor1/Analysis/Diagnosis/prediction
-----------------------------------------
[Motor3] raw_latency_ms=8517.528
[Motor3] EDGE UTC : 2026-08-12T01:55:09.519655+00:00
[Motor3] CLOUD UTC: 2026-08-12T01:55:18.037183+00:00
-------------
Batch 0Nm_BPFI_03:48 from Motor3 received. Processing...
FFT for batch 0Nm_BPFI_03:48 published to Enterprise/Site/Area/Motor3/Analysis/Vibration/fft
Prediction for batch 0Nm_BPFI_03:48 published to Enterprise/Site/Area/Motor3/Analysis/Diagnosis/prediction
-----------------------------------------
[Motor2] raw_latency_ms=8662.957
[Motor2] EDGE UTC : 2026-08-12T01:55:09.558987+00:00
[Motor2] CLOUD UTC: 2026-08-12T01:55:18.221944+00:00
-------------
Batch 0Nm_BPFI_03:61 from Motor2 received. Processing...
FFT for batch 0Nm_BPFI_03:61 published to Enterprise/Site/Area/Motor2/Analysis/Vibration/fft
Prediction for batch 0Nm_BPFI_03:61 published to Enterprise/Site/Area/Motor2/Analysis/Diagnosis/prediction
-----------------------------------------
[Motor4] raw_latency_ms=9064.106
[Motor4] EDGE UTC : 2026-08-12T01:55:09.323390+00:00
[Motor4] CLOUD UTC: 2026-08-12T01:55:18.387496+00:00
-------------
Batch 0Nm_BPFI_03:10 from Motor4 received. Processing...
FFT for batch 0Nm_BPFI_03:10 published to Enterprise/Site/Area/Motor4/Analysis/Vibration/fft
Prediction for batch 0Nm_BPFI_03:10 published to Enterprise/Site/Area/Motor4/Analysis/Diagnosis/prediction
-----------------------------------------
[Motor5] raw_latency_ms=8799.876
[Motor5] EDGE UTC : 2026-08-12T01:55:09.780298+00:00
[Motor5] CLOUD UTC: 2026-08-12T01:55:18.580174+00:00
-------------
Batch 0Nm_BPFI_03:178 from Motor5 received. Processing...
FFT for batch 0Nm_BPFI_03:178 published to Enterprise/Site/Area/Motor5/Analysis/Vibration/fft
Prediction for batch 0Nm_BPFI_03:178 published to Enterprise/Site/Area/Motor5/Analysis/Diagnosis/prediction
-----------------------------------------
[Motor8] raw_latency_ms=8805.621
[Motor8] EDGE UTC : 2026-08-12T01:55:09.936236+00:00
[Motor8] CLOUD UTC: 2026-08-12T01:55:18.741857+00:00
-------------
Batch 0Nm_BPFI_03:114 from Motor8 received. Processing...
FFT for batch 0Nm_BPFI_03:114 published to Enterprise/Site/Area/Motor8/Analysis/Vibration/fft
Prediction for batch 0Nm_BPFI_03:114 published to Enterprise/Site/Area/Motor8/Analysis/Diagnosis/prediction
-----------------------------------------
[Motor6] raw_latency_ms=9044.126
[Motor6] EDGE UTC : 2026-08-12T01:55:09.905210+00:00
[Motor6] CLOUD UTC: 2026-08-12T01:55:18.949336+00:00
-------------
Batch 0Nm_BPFI_03:163 from Motor6 received. Processing...
FFT for batch 0Nm_BPFI_03:163 published to Enterprise/Site/Area/Motor6/Analysis/Vibration/fft
Prediction for batch 0Nm_BPFI_03:163 published to Enterprise/Site/Area/Motor6/Analysis/Diagnosis/prediction
-----------------------------------------
[Motor9] raw_latency_ms=8986.516
[Motor9] EDGE UTC : 2026-08-12T01:55:10.122950+00:00
[Motor9] CLOUD UTC: 2026-08-12T01:55:19.109466+00:00
-------------
Batch 0Nm_BPFI_03:98 from Motor9 received. Processing...
FFT for batch 0Nm_BPFI_03:98 published to Enterprise/Site/Area/Motor9/Analysis/Vibration/fft
Prediction for batch 0Nm_BPFI_03:98 published to Enterprise/Site/Area/Motor9/Analysis/Diagnosis/prediction
-----------------------------------------
[Motor1] raw_latency_ms=9026.030
[Motor1] EDGE UTC : 2026-08-12T01:55:10.292445+00:00
[Motor1] CLOUD UTC: 2026-08-12T01:55:19.318475+00:00
-------------
Batch 0Nm_BPFI_03:82 from Motor1 received. Processing...
FFT for batch 0Nm_BPFI_03:82 published to Enterprise/Site/Area/Motor1/Analysis/Vibration/fft
Prediction for batch 0Nm_BPFI_03:82 published to Enterprise/Site/Area/Motor1/Analysis/Diagnosis/prediction
-----------------------------------------
[Motor7] raw_latency_ms=9327.100
[Motor7] EDGE UTC : 2026-08-12T01:55:10.188880+00:00
[Motor7] CLOUD UTC: 2026-08-12T01:55:19.515980+00:00
-------------
Batch 0Nm_BPFI_03:131 from Motor7 received. Processing...
FFT for batch 0Nm_BPFI_03:131 published to Enterprise/Site/Area/Motor7/Analysis/Vibration/fft
Prediction for batch 0Nm_BPFI_03:131 published to Enterprise/Site/Area/Motor7/Analysis/Diagnosis/prediction
-----------------------------------------
[Motor3] raw_latency_ms=9208.322
[Motor3] EDGE UTC : 2026-08-12T01:55:10.525097+00:00
[Motor3] CLOUD UTC: 2026-08-12T01:55:19.733419+00:00
-------------
Batch 0Nm_BPFI_03:49 from Motor3 received. Processing...
FFT for batch 0Nm_BPFI_03:49 published to Enterprise/Site/Area/Motor3/Analysis/Vibration/fft
Prediction for batch 0Nm_BPFI_03:49 published to Enterprise/Site/Area/Motor3/Analysis/Diagnosis/prediction
-----------------------------------------
[Motor4] raw_latency_ms=9569.910
[Motor4] EDGE UTC : 2026-08-12T01:55:10.360887+00:00
[Motor4] CLOUD UTC: 2026-08-12T01:55:19.930797+00:00
-------------
Batch 0Nm_BPFI_03:11 from Motor4 received. Processing...
FFT for batch 0Nm_BPFI_03:11 published to Enterprise/Site/Area/Motor4/Analysis/Vibration/fft
Prediction for batch 0Nm_BPFI_03:11 published to Enterprise/Site/Area/Motor4/Analysis/Diagnosis/prediction
-----------------------------------------
[Motor2] raw_latency_ms=9461.938
[Motor2] EDGE UTC : 2026-08-12T01:55:10.577580+00:00
[Motor2] CLOUD UTC: 2026-08-12T01:55:20.039519+00:00
-------------
Batch 0Nm_BPFI_03:62 from Motor2 received. Processing...
FFT for batch 0Nm_BPFI_03:62 published to Enterprise/Site/Area/Motor2/Analysis/Vibration/fft
Prediction for batch 0Nm_BPFI_03:62 published to Enterprise/Site/Area/Motor2/Analysis/Diagnosis/prediction
-----------------------------------------
[Motor5] raw_latency_ms=9344.062
[Motor5] EDGE UTC : 2026-08-12T01:55:10.802412+00:00
[Motor5] CLOUD UTC: 2026-08-12T01:55:20.146474+00:00
-------------
Batch 0Nm_BPFI_03:179 from Motor5 received. Processing...
FFT for batch 0Nm_BPFI_03:179 published to Enterprise/Site/Area/Motor5/Analysis/Vibration/fft
Prediction for batch 0Nm_BPFI_03:179 published to Enterprise/Site/Area/Motor5/Analysis/Diagnosis/prediction
-----------------------------------------
[Motor6] raw_latency_ms=9345.339
[Motor6] EDGE UTC : 2026-08-12T01:55:10.911527+00:00
[Motor6] CLOUD UTC: 2026-08-12T01:55:20.256866+00:00
-------------
Batch 0Nm_BPFI_03:164 from Motor6 received. Processing...
FFT for batch 0Nm_BPFI_03:164 published to Enterprise/Site/Area/Motor6/Analysis/Vibration/fft
Prediction for batch 0Nm_BPFI_03:164 published to Enterprise/Site/Area/Motor6/Analysis/Diagnosis/prediction
-----------------------------------------
[Motor9] raw_latency_ms=9248.558
[Motor9] EDGE UTC : 2026-08-12T01:55:11.128437+00:00
[Motor9] CLOUD UTC: 2026-08-12T01:55:20.376994+00:00
-------------
Batch 0Nm_BPFI_03:99 from Motor9 received. Processing...
FFT for batch 0Nm_BPFI_03:99 published to Enterprise/Site/Area/Motor9/Analysis/Vibration/fft
Prediction for batch 0Nm_BPFI_03:99 published to Enterprise/Site/Area/Motor9/Analysis/Diagnosis/prediction
-----------------------------------------
[Motor8] raw_latency_ms=9534.882
[Motor8] EDGE UTC : 2026-08-12T01:55:10.955150+00:00
[Motor8] CLOUD UTC: 2026-08-12T01:55:20.490032+00:00
-------------
Batch 0Nm_BPFI_03:115 from Motor8 received. Processing...
FFT for batch 0Nm_BPFI_03:115 published to Enterprise/Site/Area/Motor8/Analysis/Vibration/fft
Prediction for batch 0Nm_BPFI_03:115 published to Enterprise/Site/Area/Motor8/Analysis/Diagnosis/prediction
-----------------------------------------
[Motor1] raw_latency_ms=9262.591
[Motor1] EDGE UTC : 2026-08-12T01:55:11.330234+00:00
[Motor1] CLOUD UTC: 2026-08-12T01:55:20.592825+00:00
-------------
Batch 0Nm_BPFI_03:83 from Motor1 received. Processing...
FFT for batch 0Nm_BPFI_03:83 published to Enterprise/Site/Area/Motor1/Analysis/Vibration/fft
Prediction for batch 0Nm_BPFI_03:83 published to Enterprise/Site/Area/Motor1/Analysis/Diagnosis/prediction
-----------------------------------------
[Motor3] raw_latency_ms=9172.379
[Motor3] EDGE UTC : 2026-08-12T01:55:11.531040+00:00
[Motor3] CLOUD UTC: 2026-08-12T01:55:20.703419+00:00
-------------
Batch 0Nm_BPFI_03:50 from Motor3 received. Processing...
FFT for batch 0Nm_BPFI_03:50 published to Enterprise/Site/Area/Motor3/Analysis/Vibration/fft
Prediction for batch 0Nm_BPFI_03:50 published to Enterprise/Site/Area/Motor3/Analysis/Diagnosis/prediction
-----------------------------------------
[Motor7] raw_latency_ms=9581.201
[Motor7] EDGE UTC : 2026-08-12T01:55:11.226672+00:00
[Motor7] CLOUD UTC: 2026-08-12T01:55:20.807873+00:00
-------------
Batch 0Nm_BPFI_03:132 from Motor7 received. Processing...
FFT for batch 0Nm_BPFI_03:132 published to Enterprise/Site/Area/Motor7/Analysis/Vibration/fft
Prediction for batch 0Nm_BPFI_03:132 published to Enterprise/Site/Area/Motor7/Analysis/Diagnosis/prediction
-----------------------------------------
[Motor2] raw_latency_ms=9320.085
[Motor2] EDGE UTC : 2026-08-12T01:55:11.598941+00:00
[Motor2] CLOUD UTC: 2026-08-12T01:55:20.919026+00:00
-------------
Batch 0Nm_BPFI_03:63 from Motor2 received. Processing...
FFT for batch 0Nm_BPFI_03:63 published to Enterprise/Site/Area/Motor2/Analysis/Vibration/fft
Prediction for batch 0Nm_BPFI_03:63 published to Enterprise/Site/Area/Motor2/Analysis/Diagnosis/prediction
-----------------------------------------
[Motor4] raw_latency_ms=9624.806
[Motor4] EDGE UTC : 2026-08-12T01:55:11.398796+00:00
[Motor4] CLOUD UTC: 2026-08-12T01:55:21.023602+00:00
-------------
Batch 0Nm_BPFI_03:12 from Motor4 received. Processing...
FFT for batch 0Nm_BPFI_03:12 published to Enterprise/Site/Area/Motor4/Analysis/Vibration/fft
Prediction for batch 0Nm_BPFI_03:12 published to Enterprise/Site/Area/Motor4/Analysis/Diagnosis/prediction
-----------------------------------------
[Motor8] raw_latency_ms=9158.124
[Motor8] EDGE UTC : 2026-08-12T01:55:11.974178+00:00
[Motor8] CLOUD UTC: 2026-08-12T01:55:21.132301+00:00
-------------
Batch 0Nm_BPFI_03:116 from Motor8 received. Processing...
FFT for batch 0Nm_BPFI_03:116 published to Enterprise/Site/Area/Motor8/Analysis/Vibration/fft
Prediction for batch 0Nm_BPFI_03:116 published to Enterprise/Site/Area/Motor8/Analysis/Diagnosis/prediction
-----------------------------------------
[Motor6] raw_latency_ms=9321.109
[Motor6] EDGE UTC : 2026-08-12T01:55:11.918402+00:00
[Motor6] CLOUD UTC: 2026-08-12T01:55:21.239511+00:00
-------------
Batch 0Nm_BPFI_03:165 from Motor6 received. Processing...
FFT for batch 0Nm_BPFI_03:165 published to Enterprise/Site/Area/Motor6/Analysis/Vibration/fft
Prediction for batch 0Nm_BPFI_03:165 published to Enterprise/Site/Area/Motor6/Analysis/Diagnosis/prediction
-----------------------------------------
[Motor9] raw_latency_ms=9232.752
[Motor9] EDGE UTC : 2026-08-12T01:55:12.138241+00:00
[Motor9] CLOUD UTC: 2026-08-12T01:55:21.370994+00:00
-------------
Batch 0Nm_BPFI_03:100 from Motor9 received. Processing...
FFT for batch 0Nm_BPFI_03:100 published to Enterprise/Site/Area/Motor9/Analysis/Vibration/fft
Prediction for batch 0Nm_BPFI_03:100 published to Enterprise/Site/Area/Motor9/Analysis/Diagnosis/prediction
-----------------------------------------
[Motor1] raw_latency_ms=9106.644
[Motor1] EDGE UTC : 2026-08-12T01:55:12.368510+00:00
[Motor1] CLOUD UTC: 2026-08-12T01:55:21.475154+00:00
-------------
Batch 0Nm_BPFI_03:84 from Motor1 received. Processing...
FFT for batch 0Nm_BPFI_03:84 published to Enterprise/Site/Area/Motor1/Analysis/Vibration/fft
Prediction for batch 0Nm_BPFI_03:84 published to Enterprise/Site/Area/Motor1/Analysis/Diagnosis/prediction
-----------------------------------------
[Motor3] raw_latency_ms=9048.653
[Motor3] EDGE UTC : 2026-08-12T01:55:12.538195+00:00
[Motor3] CLOUD UTC: 2026-08-12T01:55:21.586848+00:00
-------------
Batch 0Nm_BPFI_03:51 from Motor3 received. Processing...
FFT for batch 0Nm_BPFI_03:51 published to Enterprise/Site/Area/Motor3/Analysis/Vibration/fft
Prediction for batch 0Nm_BPFI_03:51 published to Enterprise/Site/Area/Motor3/Analysis/Diagnosis/prediction
-----------------------------------------
[Motor7] raw_latency_ms=9428.943
[Motor7] EDGE UTC : 2026-08-12T01:55:12.265463+00:00
[Motor7] CLOUD UTC: 2026-08-12T01:55:21.694405+00:00
-------------
Batch 0Nm_BPFI_03:133 from Motor7 received. Processing...
FFT for batch 0Nm_BPFI_03:133 published to Enterprise/Site/Area/Motor7/Analysis/Vibration/fft
Prediction for batch 0Nm_BPFI_03:133 published to Enterprise/Site/Area/Motor7/Analysis/Diagnosis/prediction
-----------------------------------------
[Motor4] raw_latency_ms=9372.562
[Motor4] EDGE UTC : 2026-08-12T01:55:12.436751+00:00
[Motor4] CLOUD UTC: 2026-08-12T01:55:21.809313+00:00
-------------
Batch 0Nm_BPFI_03:13 from Motor4 received. Processing...
FFT for batch 0Nm_BPFI_03:13 published to Enterprise/Site/Area/Motor4/Analysis/Vibration/fft
Prediction for batch 0Nm_BPFI_03:13 published to Enterprise/Site/Area/Motor4/Analysis/Diagnosis/prediction
-----------------------------------------
[Motor2] raw_latency_ms=9295.374
[Motor2] EDGE UTC : 2026-08-12T01:55:12.617920+00:00
[Motor2] CLOUD UTC: 2026-08-12T01:55:21.913294+00:00
-------------
Batch 0Nm_BPFI_03:64 from Motor2 received. Processing...
FFT for batch 0Nm_BPFI_03:64 published to Enterprise/Site/Area/Motor2/Analysis/Vibration/fft
Prediction for batch 0Nm_BPFI_03:64 published to Enterprise/Site/Area/Motor2/Analysis/Diagnosis/prediction
-----------------------------------------
[Motor6] raw_latency_ms=9098.268
[Motor6] EDGE UTC : 2026-08-12T01:55:12.924425+00:00
[Motor6] CLOUD UTC: 2026-08-12T01:55:22.022693+00:00
-------------
Batch 0Nm_BPFI_03:166 from Motor6 received. Processing...
FFT for batch 0Nm_BPFI_03:166 published to Enterprise/Site/Area/Motor6/Analysis/Vibration/fft
Prediction for batch 0Nm_BPFI_03:166 published to Enterprise/Site/Area/Motor6/Analysis/Diagnosis/prediction
-----------------------------------------
[Motor8] raw_latency_ms=9136.345
[Motor8] EDGE UTC : 2026-08-12T01:55:12.995081+00:00
[Motor8] CLOUD UTC: 2026-08-12T01:55:22.131426+00:00
-------------
Batch 0Nm_BPFI_03:117 from Motor8 received. Processing...
FFT for batch 0Nm_BPFI_03:117 published to Enterprise/Site/Area/Motor8/Analysis/Vibration/fft
Prediction for batch 0Nm_BPFI_03:117 published to Enterprise/Site/Area/Motor8/Analysis/Diagnosis/prediction
-----------------------------------------
[Motor9] raw_latency_ms=9099.833
[Motor9] EDGE UTC : 2026-08-12T01:55:13.144457+00:00
[Motor9] CLOUD UTC: 2026-08-12T01:55:22.244290+00:00
-------------
Batch 0Nm_BPFI_03:101 from Motor9 received. Processing...
FFT for batch 0Nm_BPFI_03:101 published to Enterprise/Site/Area/Motor9/Analysis/Vibration/fft
Prediction for batch 0Nm_BPFI_03:101 published to Enterprise/Site/Area/Motor9/Analysis/Diagnosis/prediction
-----------------------------------------
[Motor7] raw_latency_ms=9086.496
[Motor7] EDGE UTC : 2026-08-12T01:55:13.303738+00:00
[Motor7] CLOUD UTC: 2026-08-12T01:55:22.390233+00:00
-------------
Batch 0Nm_BPFI_03:134 from Motor7 received. Processing...
FFT for batch 0Nm_BPFI_03:134 published to Enterprise/Site/Area/Motor7/Analysis/Vibration/fft
Prediction for batch 0Nm_BPFI_03:134 published to Enterprise/Site/Area/Motor7/Analysis/Diagnosis/prediction
-----------------------------------------
[Motor3] raw_latency_ms=8945.744
[Motor3] EDGE UTC : 2026-08-12T01:55:13.549143+00:00
[Motor3] CLOUD UTC: 2026-08-12T01:55:22.494887+00:00
-------------
Batch 0Nm_BPFI_03:52 from Motor3 received. Processing...
FFT for batch 0Nm_BPFI_03:52 published to Enterprise/Site/Area/Motor3/Analysis/Vibration/fft
Prediction for batch 0Nm_BPFI_03:52 published to Enterprise/Site/Area/Motor3/Analysis/Diagnosis/prediction
-----------------------------------------
[Motor1] raw_latency_ms=9197.821
[Motor1] EDGE UTC : 2026-08-12T01:55:13.406375+00:00
[Motor1] CLOUD UTC: 2026-08-12T01:55:22.604196+00:00
-------------
Batch 0Nm_BPFI_03:85 from Motor1 received. Processing...
FFT for batch 0Nm_BPFI_03:85 published to Enterprise/Site/Area/Motor1/Analysis/Vibration/fft
Prediction for batch 0Nm_BPFI_03:85 published to Enterprise/Site/Area/Motor1/Analysis/Diagnosis/prediction
-----------------------------------------
[Motor2] raw_latency_ms=9065.861
[Motor2] EDGE UTC : 2026-08-12T01:55:13.643657+00:00
[Motor2] CLOUD UTC: 2026-08-12T01:55:22.709518+00:00
-------------
Batch 0Nm_BPFI_03:65 from Motor2 received. Processing...
FFT for batch 0Nm_BPFI_03:65 published to Enterprise/Site/Area/Motor2/Analysis/Vibration/fft
Prediction for batch 0Nm_BPFI_03:65 published to Enterprise/Site/Area/Motor2/Analysis/Diagnosis/prediction
-----------------------------------------
[Motor4] raw_latency_ms=9346.137
[Motor4] EDGE UTC : 2026-08-12T01:55:13.474570+00:00
[Motor4] CLOUD UTC: 2026-08-12T01:55:22.820707+00:00
-------------
Batch 0Nm_BPFI_03:14 from Motor4 received. Processing...
FFT for batch 0Nm_BPFI_03:14 published to Enterprise/Site/Area/Motor4/Analysis/Vibration/fft
Prediction for batch 0Nm_BPFI_03:14 published to Enterprise/Site/Area/Motor4/Analysis/Diagnosis/prediction
-----------------------------------------
[Motor6] raw_latency_ms=8994.883
[Motor6] EDGE UTC : 2026-08-12T01:55:13.930734+00:00
[Motor6] CLOUD UTC: 2026-08-12T01:55:22.925617+00:00
-------------
Batch 0Nm_BPFI_03:167 from Motor6 received. Processing...
FFT for batch 0Nm_BPFI_03:167 published to Enterprise/Site/Area/Motor6/Analysis/Vibration/fft
Prediction for batch 0Nm_BPFI_03:167 published to Enterprise/Site/Area/Motor6/Analysis/Diagnosis/prediction
-----------------------------------------
[Motor9] raw_latency_ms=8886.037
[Motor9] EDGE UTC : 2026-08-12T01:55:14.150580+00:00
[Motor9] CLOUD UTC: 2026-08-12T01:55:23.036618+00:00
-------------
Batch 0Nm_BPFI_03:102 from Motor9 received. Processing...
FFT for batch 0Nm_BPFI_03:102 published to Enterprise/Site/Area/Motor9/Analysis/Vibration/fft
Prediction for batch 0Nm_BPFI_03:102 published to Enterprise/Site/Area/Motor9/Analysis/Diagnosis/prediction
-----------------------------------------
[Motor8] raw_latency_ms=9079.661
[Motor8] EDGE UTC : 2026-08-12T01:55:14.063023+00:00
[Motor8] CLOUD UTC: 2026-08-12T01:55:23.142684+00:00
-------------
Batch 0Nm_BPFI_03:118 from Motor8 received. Processing...
FFT for batch 0Nm_BPFI_03:118 published to Enterprise/Site/Area/Motor8/Analysis/Vibration/fft
Prediction for batch 0Nm_BPFI_03:118 published to Enterprise/Site/Area/Motor8/Analysis/Diagnosis/prediction
-----------------------------------------
[Motor1] raw_latency_ms=8807.764
[Motor1] EDGE UTC : 2026-08-12T01:55:14.444054+00:00
[Motor1] CLOUD UTC: 2026-08-12T01:55:23.251818+00:00
-------------
Batch 0Nm_BPFI_03:86 from Motor1 received. Processing...
FFT for batch 0Nm_BPFI_03:86 published to Enterprise/Site/Area/Motor1/Analysis/Vibration/fft
Prediction for batch 0Nm_BPFI_03:86 published to Enterprise/Site/Area/Motor1/Analysis/Diagnosis/prediction
-----------------------------------------
[Motor3] raw_latency_ms=8800.887
[Motor3] EDGE UTC : 2026-08-12T01:55:14.558899+00:00
[Motor3] CLOUD UTC: 2026-08-12T01:55:23.359787+00:00
-------------
Batch 0Nm_BPFI_03:53 from Motor3 received. Processing...
FFT for batch 0Nm_BPFI_03:53 published to Enterprise/Site/Area/Motor3/Analysis/Vibration/fft
Prediction for batch 0Nm_BPFI_03:53 published to Enterprise/Site/Area/Motor3/Analysis/Diagnosis/prediction
-----------------------------------------
[Motor7] raw_latency_ms=9146.089
[Motor7] EDGE UTC : 2026-08-12T01:55:14.341914+00:00
[Motor7] CLOUD UTC: 2026-08-12T01:55:23.488003+00:00
-------------
Batch 0Nm_BPFI_03:135 from Motor7 received. Processing...
FFT for batch 0Nm_BPFI_03:135 published to Enterprise/Site/Area/Motor7/Analysis/Vibration/fft
Prediction for batch 0Nm_BPFI_03:135 published to Enterprise/Site/Area/Motor7/Analysis/Diagnosis/prediction
-----------------------------------------
[Motor4] raw_latency_ms=9087.824
[Motor4] EDGE UTC : 2026-08-12T01:55:14.512000+00:00
[Motor4] CLOUD UTC: 2026-08-12T01:55:23.599824+00:00
-------------
Batch 0Nm_BPFI_03:15 from Motor4 received. Processing...
FFT for batch 0Nm_BPFI_03:15 published to Enterprise/Site/Area/Motor4/Analysis/Vibration/fft
Prediction for batch 0Nm_BPFI_03:15 published to Enterprise/Site/Area/Motor4/Analysis/Diagnosis/prediction
-----------------------------------------
[Motor2] raw_latency_ms=9082.180
[Motor2] EDGE UTC : 2026-08-12T01:55:14.667529+00:00
[Motor2] CLOUD UTC: 2026-08-12T01:55:23.749709+00:00
-------------
Batch 0Nm_BPFI_03:66 from Motor2 received. Processing...
FFT for batch 0Nm_BPFI_03:66 published to Enterprise/Site/Area/Motor2/Analysis/Vibration/fft
Prediction for batch 0Nm_BPFI_03:66 published to Enterprise/Site/Area/Motor2/Analysis/Diagnosis/prediction
-----------------------------------------
[Motor6] raw_latency_ms=8916.463
[Motor6] EDGE UTC : 2026-08-12T01:55:14.936744+00:00
[Motor6] CLOUD UTC: 2026-08-12T01:55:23.853208+00:00
-------------
Batch 0Nm_BPFI_03:168 from Motor6 received. Processing...
FFT for batch 0Nm_BPFI_03:168 published to Enterprise/Site/Area/Motor6/Analysis/Vibration/fft
Prediction for batch 0Nm_BPFI_03:168 published to Enterprise/Site/Area/Motor6/Analysis/Diagnosis/prediction
-----------------------------------------
[Motor9] raw_latency_ms=8840.691
[Motor9] EDGE UTC : 2026-08-12T01:55:15.157425+00:00
[Motor9] CLOUD UTC: 2026-08-12T01:55:23.998115+00:00
-------------
Batch 0Nm_BPFI_03:103 from Motor9 received. Processing...
FFT for batch 0Nm_BPFI_03:103 published to Enterprise/Site/Area/Motor9/Analysis/Vibration/fft
Prediction for batch 0Nm_BPFI_03:103 published to Enterprise/Site/Area/Motor9/Analysis/Diagnosis/prediction
-----------------------------------------
[Motor8] raw_latency_ms=9007.998
[Motor8] EDGE UTC : 2026-08-12T01:55:15.094162+00:00
[Motor8] CLOUD UTC: 2026-08-12T01:55:24.102160+00:00
-------------
Batch 0Nm_BPFI_03:119 from Motor8 received. Processing...
FFT for batch 0Nm_BPFI_03:119 published to Enterprise/Site/Area/Motor8/Analysis/Vibration/fft
Prediction for batch 0Nm_BPFI_03:119 published to Enterprise/Site/Area/Motor8/Analysis/Diagnosis/prediction
-----------------------------------------
[Motor7] raw_latency_ms=8830.722
[Motor7] EDGE UTC : 2026-08-12T01:55:15.380712+00:00
[Motor7] CLOUD UTC: 2026-08-12T01:55:24.211434+00:00
-------------
Batch 0Nm_BPFI_03:136 from Motor7 received. Processing...
FFT for batch 0Nm_BPFI_03:136 published to Enterprise/Site/Area/Motor7/Analysis/Vibration/fft
Prediction for batch 0Nm_BPFI_03:136 published to Enterprise/Site/Area/Motor7/Analysis/Diagnosis/prediction
-----------------------------------------
[Motor5] raw_latency_ms=9355.620
[Motor5] EDGE UTC : 2026-08-12T01:55:14.963082+00:00
[Motor5] CLOUD UTC: 2026-08-12T01:55:24.318702+00:00
-------------
Batch 0Nm_BPFI_03:0 from Motor5 received. Processing...
FFT for batch 0Nm_BPFI_03:0 published to Enterprise/Site/Area/Motor5/Analysis/Vibration/fft
Prediction for batch 0Nm_BPFI_03:0 published to Enterprise/Site/Area/Motor5/Analysis/Diagnosis/prediction
-----------------------------------------
[Motor3] raw_latency_ms=8877.587
[Motor3] EDGE UTC : 2026-08-12T01:55:15.571534+00:00
[Motor3] CLOUD UTC: 2026-08-12T01:55:24.449121+00:00
-------------
Batch 0Nm_BPFI_03:54 from Motor3 received. Processing...
FFT for batch 0Nm_BPFI_03:54 published to Enterprise/Site/Area/Motor3/Analysis/Vibration/fft
Prediction for batch 0Nm_BPFI_03:54 published to Enterprise/Site/Area/Motor3/Analysis/Diagnosis/prediction
-----------------------------------------
[Motor1] raw_latency_ms=9072.828
[Motor1] EDGE UTC : 2026-08-12T01:55:15.481815+00:00
[Motor1] CLOUD UTC: 2026-08-12T01:55:24.554642+00:00
-------------
Batch 0Nm_BPFI_03:87 from Motor1 received. Processing...
FFT for batch 0Nm_BPFI_03:87 published to Enterprise/Site/Area/Motor1/Analysis/Vibration/fft
Prediction for batch 0Nm_BPFI_03:87 published to Enterprise/Site/Area/Motor1/Analysis/Diagnosis/prediction
-----------------------------------------
[Motor2] raw_latency_ms=8964.698
[Motor2] EDGE UTC : 2026-08-12T01:55:15.703134+00:00
[Motor2] CLOUD UTC: 2026-08-12T01:55:24.667833+00:00
-------------
Batch 0Nm_BPFI_03:67 from Motor2 received. Processing...
FFT for batch 0Nm_BPFI_03:67 published to Enterprise/Site/Area/Motor2/Analysis/Vibration/fft
Prediction for batch 0Nm_BPFI_03:67 published to Enterprise/Site/Area/Motor2/Analysis/Diagnosis/prediction
-----------------------------------------
[Motor4] raw_latency_ms=9224.832
[Motor4] EDGE UTC : 2026-08-12T01:55:15.549731+00:00
[Motor4] CLOUD UTC: 2026-08-12T01:55:24.774563+00:00
-------------
Batch 0Nm_BPFI_03:16 from Motor4 received. Processing...
FFT for batch 0Nm_BPFI_03:16 published to Enterprise/Site/Area/Motor4/Analysis/Vibration/fft
Prediction for batch 0Nm_BPFI_03:16 published to Enterprise/Site/Area/Motor4/Analysis/Diagnosis/prediction
-----------------------------------------
[Motor6] raw_latency_ms=8943.114
[Motor6] EDGE UTC : 2026-08-12T01:55:15.942489+00:00
[Motor6] CLOUD UTC: 2026-08-12T01:55:24.885603+00:00
-------------
Batch 0Nm_BPFI_03:169 from Motor6 received. Processing...
FFT for batch 0Nm_BPFI_03:169 published to Enterprise/Site/Area/Motor6/Analysis/Vibration/fft
Prediction for batch 0Nm_BPFI_03:169 published to Enterprise/Site/Area/Motor6/Analysis/Diagnosis/prediction
-----------------------------------------
[Motor5] raw_latency_ms=8991.993
[Motor5] EDGE UTC : 2026-08-12T01:55:15.997685+00:00
[Motor5] CLOUD UTC: 2026-08-12T01:55:24.989678+00:00
-------------
Batch 0Nm_BPFI_03:1 from Motor5 received. Processing...
FFT for batch 0Nm_BPFI_03:1 published to Enterprise/Site/Area/Motor5/Analysis/Vibration/fft
Prediction for batch 0Nm_BPFI_03:1 published to Enterprise/Site/Area/Motor5/Analysis/Diagnosis/prediction
-----------------------------------------
[Motor9] raw_latency_ms=8939.275
[Motor9] EDGE UTC : 2026-08-12T01:55:16.164393+00:00
[Motor9] CLOUD UTC: 2026-08-12T01:55:25.103668+00:00
-------------
Batch 0Nm_BPFI_03:104 from Motor9 received. Processing...
FFT for batch 0Nm_BPFI_03:104 published to Enterprise/Site/Area/Motor9/Analysis/Vibration/fft
Prediction for batch 0Nm_BPFI_03:104 published to Enterprise/Site/Area/Motor9/Analysis/Diagnosis/prediction
-----------------------------------------
[Motor8] raw_latency_ms=9099.725
[Motor8] EDGE UTC : 2026-08-12T01:55:16.112830+00:00
[Motor8] CLOUD UTC: 2026-08-12T01:55:25.212555+00:00
-------------
Batch 0Nm_BPFI_03:120 from Motor8 received. Processing...
FFT for batch 0Nm_BPFI_03:120 published to Enterprise/Site/Area/Motor8/Analysis/Vibration/fft
Prediction for batch 0Nm_BPFI_03:120 published to Enterprise/Site/Area/Motor8/Analysis/Diagnosis/prediction
-----------------------------------------
[Motor6] raw_latency_ms=8370.667
[Motor6] EDGE UTC : 2026-08-12T01:55:16.951811+00:00
[Motor6] CLOUD UTC: 2026-08-12T01:55:25.322478+00:00
-------------
Batch 0Nm_BPFI_03:170 from Motor6 received. Processing...
FFT for batch 0Nm_BPFI_03:170 published to Enterprise/Site/Area/Motor6/Analysis/Vibration/fft
Prediction for batch 0Nm_BPFI_03:170 published to Enterprise/Site/Area/Motor6/Analysis/Diagnosis/prediction
-----------------------------------------
[Motor9] raw_latency_ms=8258.215
[Motor9] EDGE UTC : 2026-08-12T01:55:17.170567+00:00
[Motor9] CLOUD UTC: 2026-08-12T01:55:25.428782+00:00
-------------
Batch 0Nm_BPFI_03:105 from Motor9 received. Processing...
FFT for batch 0Nm_BPFI_03:105 published to Enterprise/Site/Area/Motor9/Analysis/Vibration/fft
Prediction for batch 0Nm_BPFI_03:105 published to Enterprise/Site/Area/Motor9/Analysis/Diagnosis/prediction
-----------------------------------------
[Motor5] raw_latency_ms=8537.910
[Motor5] EDGE UTC : 2026-08-12T01:55:17.016971+00:00
[Motor5] CLOUD UTC: 2026-08-12T01:55:25.554881+00:00
-------------
Batch 0Nm_BPFI_03:2 from Motor5 received. Processing...
FFT for batch 0Nm_BPFI_03:2 published to Enterprise/Site/Area/Motor5/Analysis/Vibration/fft
Prediction for batch 0Nm_BPFI_03:2 published to Enterprise/Site/Area/Motor5/Analysis/Diagnosis/prediction
-----------------------------------------
[Motor8] raw_latency_ms=8531.061
[Motor8] EDGE UTC : 2026-08-12T01:55:17.132115+00:00
[Motor8] CLOUD UTC: 2026-08-12T01:55:25.663176+00:00
-------------
Batch 0Nm_BPFI_03:121 from Motor8 received. Processing...
FFT for batch 0Nm_BPFI_03:121 published to Enterprise/Site/Area/Motor8/Analysis/Vibration/fft
Prediction for batch 0Nm_BPFI_03:121 published to Enterprise/Site/Area/Motor8/Analysis/Diagnosis/prediction
-----------------------------------------
[Motor3] raw_latency_ms=8190.161
[Motor3] EDGE UTC : 2026-08-12T01:55:17.584107+00:00
[Motor3] CLOUD UTC: 2026-08-12T01:55:25.774268+00:00
-------------
Batch 0Nm_BPFI_03:56 from Motor3 received. Processing...
FFT for batch 0Nm_BPFI_03:56 published to Enterprise/Site/Area/Motor3/Analysis/Vibration/fft
Prediction for batch 0Nm_BPFI_03:56 published to Enterprise/Site/Area/Motor3/Analysis/Diagnosis/prediction
-----------------------------------------
[Motor7] raw_latency_ms=8431.562
[Motor7] EDGE UTC : 2026-08-12T01:55:17.459690+00:00
[Motor7] CLOUD UTC: 2026-08-12T01:55:25.891252+00:00
-------------
Batch 0Nm_BPFI_03:138 from Motor7 received. Processing...
FFT for batch 0Nm_BPFI_03:138 published to Enterprise/Site/Area/Motor7/Analysis/Vibration/fft
Prediction for batch 0Nm_BPFI_03:138 published to Enterprise/Site/Area/Motor7/Analysis/Diagnosis/prediction
-----------------------------------------
[Motor1] raw_latency_ms=8448.753
[Motor1] EDGE UTC : 2026-08-12T01:55:17.558220+00:00
[Motor1] CLOUD UTC: 2026-08-12T01:55:26.006973+00:00
-------------
Batch 0Nm_BPFI_03:89 from Motor1 received. Processing...
FFT for batch 0Nm_BPFI_03:89 published to Enterprise/Site/Area/Motor1/Analysis/Vibration/fft
Prediction for batch 0Nm_BPFI_03:89 published to Enterprise/Site/Area/Motor1/Analysis/Diagnosis/prediction
-----------------------------------------
[Motor2] raw_latency_ms=8375.655
[Motor2] EDGE UTC : 2026-08-12T01:55:17.741027+00:00
[Motor2] CLOUD UTC: 2026-08-12T01:55:26.116682+00:00
-------------
Batch 0Nm_BPFI_03:69 from Motor2 received. Processing...
FFT for batch 0Nm_BPFI_03:69 published to Enterprise/Site/Area/Motor2/Analysis/Vibration/fft
Prediction for batch 0Nm_BPFI_03:69 published to Enterprise/Site/Area/Motor2/Analysis/Diagnosis/prediction
-----------------------------------------
[Motor4] raw_latency_ms=8604.695
[Motor4] EDGE UTC : 2026-08-12T01:55:17.625156+00:00
[Motor4] CLOUD UTC: 2026-08-12T01:55:26.229851+00:00
-------------
Batch 0Nm_BPFI_03:18 from Motor4 received. Processing...
FFT for batch 0Nm_BPFI_03:18 published to Enterprise/Site/Area/Motor4/Analysis/Vibration/fft
Prediction for batch 0Nm_BPFI_03:18 published to Enterprise/Site/Area/Motor4/Analysis/Diagnosis/prediction
-----------------------------------------
[Motor6] raw_latency_ms=8379.859
[Motor6] EDGE UTC : 2026-08-12T01:55:17.960725+00:00
[Motor6] CLOUD UTC: 2026-08-12T01:55:26.340584+00:00
-------------
Batch 0Nm_BPFI_03:171 from Motor6 received. Processing...
FFT for batch 0Nm_BPFI_03:171 published to Enterprise/Site/Area/Motor6/Analysis/Vibration/fft
Prediction for batch 0Nm_BPFI_03:171 published to Enterprise/Site/Area/Motor6/Analysis/Diagnosis/prediction
-----------------------------------------
[Motor9] raw_latency_ms=8272.838
[Motor9] EDGE UTC : 2026-08-12T01:55:18.176366+00:00
[Motor9] CLOUD UTC: 2026-08-12T01:55:26.449204+00:00
-------------
Batch 0Nm_BPFI_03:106 from Motor9 received. Processing...
FFT for batch 0Nm_BPFI_03:106 published to Enterprise/Site/Area/Motor9/Analysis/Vibration/fft
Prediction for batch 0Nm_BPFI_03:106 published to Enterprise/Site/Area/Motor9/Analysis/Diagnosis/prediction
-----------------------------------------
[Motor5] raw_latency_ms=8527.125
[Motor5] EDGE UTC : 2026-08-12T01:55:18.037051+00:00
[Motor5] CLOUD UTC: 2026-08-12T01:55:26.564176+00:00
-------------
Batch 0Nm_BPFI_03:3 from Motor5 received. Processing...
FFT for batch 0Nm_BPFI_03:3 published to Enterprise/Site/Area/Motor5/Analysis/Vibration/fft
Prediction for batch 0Nm_BPFI_03:3 published to Enterprise/Site/Area/Motor5/Analysis/Diagnosis/prediction
-----------------------------------------
[Motor8] raw_latency_ms=8523.957
[Motor8] EDGE UTC : 2026-08-12T01:55:18.152675+00:00
[Motor8] CLOUD UTC: 2026-08-12T01:55:26.676632+00:00
-------------
Batch 0Nm_BPFI_03:122 from Motor8 received. Processing...
FFT for batch 0Nm_BPFI_03:122 published to Enterprise/Site/Area/Motor8/Analysis/Vibration/fft
Prediction for batch 0Nm_BPFI_03:122 published to Enterprise/Site/Area/Motor8/Analysis/Diagnosis/prediction
-----------------------------------------
[Motor1] raw_latency_ms=8184.600
[Motor1] EDGE UTC : 2026-08-12T01:55:18.596200+00:00
[Motor1] CLOUD UTC: 2026-08-12T01:55:26.780800+00:00
-------------
Batch 0Nm_BPFI_03:90 from Motor1 received. Processing...
FFT for batch 0Nm_BPFI_03:90 published to Enterprise/Site/Area/Motor1/Analysis/Vibration/fft
Prediction for batch 0Nm_BPFI_03:90 published to Enterprise/Site/Area/Motor1/Analysis/Diagnosis/prediction
-----------------------------------------
[Motor3] raw_latency_ms=8298.004
[Motor3] EDGE UTC : 2026-08-12T01:55:18.590484+00:00
[Motor3] CLOUD UTC: 2026-08-12T01:55:26.888488+00:00
-------------
Batch 0Nm_BPFI_03:57 from Motor3 received. Processing...
FFT for batch 0Nm_BPFI_03:57 published to Enterprise/Site/Area/Motor3/Analysis/Vibration/fft
Prediction for batch 0Nm_BPFI_03:57 published to Enterprise/Site/Area/Motor3/Analysis/Diagnosis/prediction
-----------------------------------------
[Motor7] raw_latency_ms=8494.067
[Motor7] EDGE UTC : 2026-08-12T01:55:18.497771+00:00
[Motor7] CLOUD UTC: 2026-08-12T01:55:26.991838+00:00
-------------
Batch 0Nm_BPFI_03:139 from Motor7 received. Processing...
FFT for batch 0Nm_BPFI_03:139 published to Enterprise/Site/Area/Motor7/Analysis/Vibration/fft
Prediction for batch 0Nm_BPFI_03:139 published to Enterprise/Site/Area/Motor7/Analysis/Diagnosis/prediction
-----------------------------------------
[Motor4] raw_latency_ms=8437.852
[Motor4] EDGE UTC : 2026-08-12T01:55:18.662734+00:00
[Motor4] CLOUD UTC: 2026-08-12T01:55:27.100586+00:00
-------------
Batch 0Nm_BPFI_03:19 from Motor4 received. Processing...
FFT for batch 0Nm_BPFI_03:19 published to Enterprise/Site/Area/Motor4/Analysis/Vibration/fft
Prediction for batch 0Nm_BPFI_03:19 published to Enterprise/Site/Area/Motor4/Analysis/Diagnosis/prediction
-----------------------------------------
[Motor2] raw_latency_ms=8443.619
[Motor2] EDGE UTC : 2026-08-12T01:55:18.763258+00:00
[Motor2] CLOUD UTC: 2026-08-12T01:55:27.206877+00:00
-------------
Batch 0Nm_BPFI_03:70 from Motor2 received. Processing...
FFT for batch 0Nm_BPFI_03:70 published to Enterprise/Site/Area/Motor2/Analysis/Vibration/fft
Prediction for batch 0Nm_BPFI_03:70 published to Enterprise/Site/Area/Motor2/Analysis/Diagnosis/prediction
-----------------------------------------
[Motor6] raw_latency_ms=8356.926
[Motor6] EDGE UTC : 2026-08-12T01:55:18.966857+00:00
[Motor6] CLOUD UTC: 2026-08-12T01:55:27.323783+00:00
-------------
Batch 0Nm_BPFI_03:172 from Motor6 received. Processing...
FFT for batch 0Nm_BPFI_03:172 published to Enterprise/Site/Area/Motor6/Analysis/Vibration/fft
Prediction for batch 0Nm_BPFI_03:172 published to Enterprise/Site/Area/Motor6/Analysis/Diagnosis/prediction
-----------------------------------------
[Motor9] raw_latency_ms=8243.545
[Motor9] EDGE UTC : 2026-08-12T01:55:19.183640+00:00
[Motor9] CLOUD UTC: 2026-08-12T01:55:27.427185+00:00
-------------
Batch 0Nm_BPFI_03:107 from Motor9 received. Processing...
FFT for batch 0Nm_BPFI_03:107 published to Enterprise/Site/Area/Motor9/Analysis/Vibration/fft
Prediction for batch 0Nm_BPFI_03:107 published to Enterprise/Site/Area/Motor9/Analysis/Diagnosis/prediction
-----------------------------------------
[Motor5] raw_latency_ms=8493.348
[Motor5] EDGE UTC : 2026-08-12T01:55:19.061599+00:00
[Motor5] CLOUD UTC: 2026-08-12T01:55:27.554947+00:00
-------------
Batch 0Nm_BPFI_03:4 from Motor5 received. Processing...
FFT for batch 0Nm_BPFI_03:4 published to Enterprise/Site/Area/Motor5/Analysis/Vibration/fft
Prediction for batch 0Nm_BPFI_03:4 published to Enterprise/Site/Area/Motor5/Analysis/Diagnosis/prediction
-----------------------------------------
[Motor8] raw_latency_ms=8490.052
[Motor8] EDGE UTC : 2026-08-12T01:55:19.173136+00:00
[Motor8] CLOUD UTC: 2026-08-12T01:55:27.663188+00:00
-------------
Batch 0Nm_BPFI_03:123 from Motor8 received. Processing...
FFT for batch 0Nm_BPFI_03:123 published to Enterprise/Site/Area/Motor8/Analysis/Vibration/fft
Prediction for batch 0Nm_BPFI_03:123 published to Enterprise/Site/Area/Motor8/Analysis/Diagnosis/prediction
-----------------------------------------
[Motor3] raw_latency_ms=8175.184
[Motor3] EDGE UTC : 2026-08-12T01:55:19.596870+00:00
[Motor3] CLOUD UTC: 2026-08-12T01:55:27.772054+00:00
-------------
Batch 0Nm_BPFI_03:58 from Motor3 received. Processing...
FFT for batch 0Nm_BPFI_03:58 published to Enterprise/Site/Area/Motor3/Analysis/Vibration/fft
Prediction for batch 0Nm_BPFI_03:58 published to Enterprise/Site/Area/Motor3/Analysis/Diagnosis/prediction
-----------------------------------------
[Motor7] raw_latency_ms=8339.577
[Motor7] EDGE UTC : 2026-08-12T01:55:19.535691+00:00
[Motor7] CLOUD UTC: 2026-08-12T01:55:27.875268+00:00
-------------
Batch 0Nm_BPFI_03:140 from Motor7 received. Processing...
FFT for batch 0Nm_BPFI_03:140 published to Enterprise/Site/Area/Motor7/Analysis/Vibration/fft
Prediction for batch 0Nm_BPFI_03:140 published to Enterprise/Site/Area/Motor7/Analysis/Diagnosis/prediction
-----------------------------------------
[Motor1] raw_latency_ms=8388.068
[Motor1] EDGE UTC : 2026-08-12T01:55:19.633724+00:00
[Motor1] CLOUD UTC: 2026-08-12T01:55:28.021792+00:00
-------------
Batch 0Nm_BPFI_03:91 from Motor1 received. Processing...
FFT for batch 0Nm_BPFI_03:91 published to Enterprise/Site/Area/Motor1/Analysis/Vibration/fft
Prediction for batch 0Nm_BPFI_03:91 published to Enterprise/Site/Area/Motor1/Analysis/Diagnosis/prediction
-----------------------------------------
[Motor2] raw_latency_ms=8317.079
[Motor2] EDGE UTC : 2026-08-12T01:55:19.813522+00:00
[Motor2] CLOUD UTC: 2026-08-12T01:55:28.130601+00:00
-------------
Batch 0Nm_BPFI_03:71 from Motor2 received. Processing...
FFT for batch 0Nm_BPFI_03:71 published to Enterprise/Site/Area/Motor2/Analysis/Vibration/fft
Prediction for batch 0Nm_BPFI_03:71 published to Enterprise/Site/Area/Motor2/Analysis/Diagnosis/prediction
-----------------------------------------
[Motor7] raw_latency_ms=7668.104
[Motor7] EDGE UTC : 2026-08-12T01:55:20.573859+00:00
[Motor7] CLOUD UTC: 2026-08-12T01:55:28.241964+00:00
-------------
Batch 0Nm_BPFI_03:141 from Motor7 received. Processing...
FFT for batch 0Nm_BPFI_03:141 published to Enterprise/Site/Area/Motor7/Analysis/Vibration/fft
Prediction for batch 0Nm_BPFI_03:141 published to Enterprise/Site/Area/Motor7/Analysis/Diagnosis/prediction
-----------------------------------------
[Motor1] raw_latency_ms=7674.091
[Motor1] EDGE UTC : 2026-08-12T01:55:20.671585+00:00
[Motor1] CLOUD UTC: 2026-08-12T01:55:28.345675+00:00
-------------
Batch 0Nm_BPFI_03:92 from Motor1 received. Processing...
FFT for batch 0Nm_BPFI_03:92 published to Enterprise/Site/Area/Motor1/Analysis/Vibration/fft
Prediction for batch 0Nm_BPFI_03:92 published to Enterprise/Site/Area/Motor1/Analysis/Diagnosis/prediction
-----------------------------------------
[Motor3] raw_latency_ms=7854.484
[Motor3] EDGE UTC : 2026-08-12T01:55:20.602981+00:00
[Motor3] CLOUD UTC: 2026-08-12T01:55:28.457465+00:00
-------------
Batch 0Nm_BPFI_03:59 from Motor3 received. Processing...
FFT for batch 0Nm_BPFI_03:59 published to Enterprise/Site/Area/Motor3/Analysis/Vibration/fft
Prediction for batch 0Nm_BPFI_03:59 published to Enterprise/Site/Area/Motor3/Analysis/Diagnosis/prediction
-----------------------------------------
[Motor4] raw_latency_ms=7829.119
[Motor4] EDGE UTC : 2026-08-12T01:55:20.738150+00:00
[Motor4] CLOUD UTC: 2026-08-12T01:55:28.567269+00:00
-------------
Batch 0Nm_BPFI_03:21 from Motor4 received. Processing...
FFT for batch 0Nm_BPFI_03:21 published to Enterprise/Site/Area/Motor4/Analysis/Vibration/fft
Prediction for batch 0Nm_BPFI_03:21 published to Enterprise/Site/Area/Motor4/Analysis/Diagnosis/prediction
-----------------------------------------
[Motor2] raw_latency_ms=7854.230
[Motor2] EDGE UTC : 2026-08-12T01:55:20.832458+00:00
[Motor2] CLOUD UTC: 2026-08-12T01:55:28.686688+00:00
-------------
Batch 0Nm_BPFI_03:72 from Motor2 received. Processing...
FFT for batch 0Nm_BPFI_03:72 published to Enterprise/Site/Area/Motor2/Analysis/Vibration/fft
Prediction for batch 0Nm_BPFI_03:72 published to Enterprise/Site/Area/Motor2/Analysis/Diagnosis/prediction
-----------------------------------------
[Motor9] raw_latency_ms=7596.588
[Motor9] EDGE UTC : 2026-08-12T01:55:21.194601+00:00
[Motor9] CLOUD UTC: 2026-08-12T01:55:28.791189+00:00
-------------
Batch 0Nm_BPFI_03:109 from Motor9 received. Processing...
FFT for batch 0Nm_BPFI_03:109 published to Enterprise/Site/Area/Motor9/Analysis/Vibration/fft
Prediction for batch 0Nm_BPFI_03:109 published to Enterprise/Site/Area/Motor9/Analysis/Diagnosis/prediction
-----------------------------------------
[Motor5] raw_latency_ms=7773.924
[Motor5] EDGE UTC : 2026-08-12T01:55:21.131707+00:00
[Motor5] CLOUD UTC: 2026-08-12T01:55:28.905631+00:00
-------------
Batch 0Nm_BPFI_03:6 from Motor5 received. Processing...
FFT for batch 0Nm_BPFI_03:6 published to Enterprise/Site/Area/Motor5/Analysis/Vibration/fft
Prediction for batch 0Nm_BPFI_03:6 published to Enterprise/Site/Area/Motor5/Analysis/Diagnosis/prediction
-----------------------------------------
[Motor8] raw_latency_ms=7798.399
[Motor8] EDGE UTC : 2026-08-12T01:55:21.211181+00:00
[Motor8] CLOUD UTC: 2026-08-12T01:55:29.009580+00:00
-------------
Batch 0Nm_BPFI_03:125 from Motor8 received. Processing...
FFT for batch 0Nm_BPFI_03:125 published to Enterprise/Site/Area/Motor8/Analysis/Vibration/fft
Prediction for batch 0Nm_BPFI_03:125 published to Enterprise/Site/Area/Motor8/Analysis/Diagnosis/prediction
-----------------------------------------
[Motor7] raw_latency_ms=7543.208
[Motor7] EDGE UTC : 2026-08-12T01:55:21.611799+00:00
[Motor7] CLOUD UTC: 2026-08-12T01:55:29.155007+00:00
-------------
Batch 0Nm_BPFI_03:142 from Motor7 received. Processing...
FFT for batch 0Nm_BPFI_03:142 published to Enterprise/Site/Area/Motor7/Analysis/Vibration/fft
Prediction for batch 0Nm_BPFI_03:142 published to Enterprise/Site/Area/Motor7/Analysis/Diagnosis/prediction
-----------------------------------------
[Motor6] raw_latency_ms=8282.488
[Motor6] EDGE UTC : 2026-08-12T01:55:20.978489+00:00
[Motor6] CLOUD UTC: 2026-08-12T01:55:29.260977+00:00
-------------
Batch 0Nm_BPFI_03:174 from Motor6 received. Processing...
FFT for batch 0Nm_BPFI_03:174 published to Enterprise/Site/Area/Motor6/Analysis/Vibration/fft
Prediction for batch 0Nm_BPFI_03:174 published to Enterprise/Site/Area/Motor6/Analysis/Diagnosis/prediction
-----------------------------------------
[Motor3] raw_latency_ms=7550.826
[Motor3] EDGE UTC : 2026-08-12T01:55:21.817627+00:00
[Motor3] CLOUD UTC: 2026-08-12T01:55:29.368453+00:00
-------------
Batch 0Nm_BPFI_03:60 from Motor3 received. Processing...
FFT for batch 0Nm_BPFI_03:60 published to Enterprise/Site/Area/Motor3/Analysis/Vibration/fft
Prediction for batch 0Nm_BPFI_03:60 published to Enterprise/Site/Area/Motor3/Analysis/Diagnosis/prediction
-----------------------------------------
[Motor1] raw_latency_ms=7764.743
[Motor1] EDGE UTC : 2026-08-12T01:55:21.709399+00:00
[Motor1] CLOUD UTC: 2026-08-12T01:55:29.474142+00:00
-------------
Batch 0Nm_BPFI_03:93 from Motor1 received. Processing...
FFT for batch 0Nm_BPFI_03:93 published to Enterprise/Site/Area/Motor1/Analysis/Vibration/fft
Prediction for batch 0Nm_BPFI_03:93 published to Enterprise/Site/Area/Motor1/Analysis/Diagnosis/prediction
-----------------------------------------
[Motor4] raw_latency_ms=7806.489
[Motor4] EDGE UTC : 2026-08-12T01:55:21.775895+00:00
[Motor4] CLOUD UTC: 2026-08-12T01:55:29.582384+00:00
-------------
Batch 0Nm_BPFI_03:22 from Motor4 received. Processing...
FFT for batch 0Nm_BPFI_03:22 published to Enterprise/Site/Area/Motor4/Analysis/Vibration/fft
Prediction for batch 0Nm_BPFI_03:22 published to Enterprise/Site/Area/Motor4/Analysis/Diagnosis/prediction
-----------------------------------------
[Motor9] raw_latency_ms=7505.290
[Motor9] EDGE UTC : 2026-08-12T01:55:22.198639+00:00
[Motor9] CLOUD UTC: 2026-08-12T01:55:29.703929+00:00
-------------
Batch 0Nm_BPFI_03:110 from Motor9 received. Processing...
FFT for batch 0Nm_BPFI_03:110 published to Enterprise/Site/Area/Motor9/Analysis/Vibration/fft
Prediction for batch 0Nm_BPFI_03:110 published to Enterprise/Site/Area/Motor9/Analysis/Diagnosis/prediction
-----------------------------------------
[Motor5] raw_latency_ms=7661.496
[Motor5] EDGE UTC : 2026-08-12T01:55:22.151999+00:00
[Motor5] CLOUD UTC: 2026-08-12T01:55:29.813494+00:00
-------------
Batch 0Nm_BPFI_03:7 from Motor5 received. Processing...
FFT for batch 0Nm_BPFI_03:7 published to Enterprise/Site/Area/Motor5/Analysis/Vibration/fft
Prediction for batch 0Nm_BPFI_03:7 published to Enterprise/Site/Area/Motor5/Analysis/Diagnosis/prediction
-----------------------------------------
[Motor2] raw_latency_ms=8068.479
[Motor2] EDGE UTC : 2026-08-12T01:55:21.851740+00:00
[Motor2] CLOUD UTC: 2026-08-12T01:55:29.920219+00:00
-------------
Batch 0Nm_BPFI_03:73 from Motor2 received. Processing...
FFT for batch 0Nm_BPFI_03:73 published to Enterprise/Site/Area/Motor2/Analysis/Vibration/fft
Prediction for batch 0Nm_BPFI_03:73 published to Enterprise/Site/Area/Motor2/Analysis/Diagnosis/prediction
-----------------------------------------
[Motor8] raw_latency_ms=7904.522
[Motor8] EDGE UTC : 2026-08-12T01:55:22.230321+00:00
[Motor8] CLOUD UTC: 2026-08-12T01:55:30.134843+00:00
-------------
Batch 0Nm_BPFI_03:126 from Motor8 received. Processing...
FFT for batch 0Nm_BPFI_03:126 published to Enterprise/Site/Area/Motor8/Analysis/Vibration/fft
Prediction for batch 0Nm_BPFI_03:126 published to Enterprise/Site/Area/Motor8/Analysis/Diagnosis/prediction
-----------------------------------------
[Motor7] raw_latency_ms=7648.265
[Motor7] EDGE UTC : 2026-08-12T01:55:22.650626+00:00
[Motor7] CLOUD UTC: 2026-08-12T01:55:30.298891+00:00
-------------
Batch 0Nm_BPFI_03:143 from Motor7 received. Processing...
FFT for batch 0Nm_BPFI_03:143 published to Enterprise/Site/Area/Motor7/Analysis/Vibration/fft
Prediction for batch 0Nm_BPFI_03:143 published to Enterprise/Site/Area/Motor7/Analysis/Diagnosis/prediction
-----------------------------------------
[Motor1] raw_latency_ms=7742.426
[Motor1] EDGE UTC : 2026-08-12T01:55:22.747776+00:00
[Motor1] CLOUD UTC: 2026-08-12T01:55:30.490202+00:00
-------------
Batch 0Nm_BPFI_03:94 from Motor1 received. Processing...
FFT for batch 0Nm_BPFI_03:94 published to Enterprise/Site/Area/Motor1/Analysis/Vibration/fft
Prediction for batch 0Nm_BPFI_03:94 published to Enterprise/Site/Area/Motor1/Analysis/Diagnosis/prediction
-----------------------------------------
[Motor6] raw_latency_ms=8707.837
[Motor6] EDGE UTC : 2026-08-12T01:55:21.982606+00:00
[Motor6] CLOUD UTC: 2026-08-12T01:55:30.690443+00:00
-------------
Batch 0Nm_BPFI_03:175 from Motor6 received. Processing...
FFT for batch 0Nm_BPFI_03:175 published to Enterprise/Site/Area/Motor6/Analysis/Vibration/fft
Prediction for batch 0Nm_BPFI_03:175 published to Enterprise/Site/Area/Motor6/Analysis/Diagnosis/prediction
-----------------------------------------
[Motor3] raw_latency_ms=8031.471
[Motor3] EDGE UTC : 2026-08-12T01:55:22.821660+00:00
[Motor3] CLOUD UTC: 2026-08-12T01:55:30.853131+00:00
-------------
Batch 0Nm_BPFI_03:61 from Motor3 received. Processing...
FFT for batch 0Nm_BPFI_03:61 published to Enterprise/Site/Area/Motor3/Analysis/Vibration/fft
Prediction for batch 0Nm_BPFI_03:61 published to Enterprise/Site/Area/Motor3/Analysis/Diagnosis/prediction
-----------------------------------------
[Motor2] raw_latency_ms=8147.260
[Motor2] EDGE UTC : 2026-08-12T01:55:22.870397+00:00
[Motor2] CLOUD UTC: 2026-08-12T01:55:31.017657+00:00
-------------
Batch 0Nm_BPFI_03:74 from Motor2 received. Processing...
FFT for batch 0Nm_BPFI_03:74 published to Enterprise/Site/Area/Motor2/Analysis/Vibration/fft
Prediction for batch 0Nm_BPFI_03:74 published to Enterprise/Site/Area/Motor2/Analysis/Diagnosis/prediction
-----------------------------------------
[Motor4] raw_latency_ms=8379.536
[Motor4] EDGE UTC : 2026-08-12T01:55:22.814652+00:00
[Motor4] CLOUD UTC: 2026-08-12T01:55:31.194188+00:00
-------------
Batch 0Nm_BPFI_03:23 from Motor4 received. Processing...
FFT for batch 0Nm_BPFI_03:23 published to Enterprise/Site/Area/Motor4/Analysis/Vibration/fft
Prediction for batch 0Nm_BPFI_03:23 published to Enterprise/Site/Area/Motor4/Analysis/Diagnosis/prediction
-----------------------------------------
[Motor8] raw_latency_ms=8140.041
[Motor8] EDGE UTC : 2026-08-12T01:55:23.251267+00:00
[Motor8] CLOUD UTC: 2026-08-12T01:55:31.391308+00:00
-------------
Batch 0Nm_BPFI_03:127 from Motor8 received. Processing...
FFT for batch 0Nm_BPFI_03:127 published to Enterprise/Site/Area/Motor8/Analysis/Vibration/fft
Prediction for batch 0Nm_BPFI_03:127 published to Enterprise/Site/Area/Motor8/Analysis/Diagnosis/prediction
-----------------------------------------
[Motor7] raw_latency_ms=7867.986
[Motor7] EDGE UTC : 2026-08-12T01:55:23.689221+00:00
[Motor7] CLOUD UTC: 2026-08-12T01:55:31.557207+00:00
-------------
Batch 0Nm_BPFI_03:144 from Motor7 received. Processing...
FFT for batch 0Nm_BPFI_03:144 published to Enterprise/Site/Area/Motor7/Analysis/Vibration/fft
Prediction for batch 0Nm_BPFI_03:144 published to Enterprise/Site/Area/Motor7/Analysis/Diagnosis/prediction
-----------------------------------------
[Motor4] raw_latency_ms=7912.969
[Motor4] EDGE UTC : 2026-08-12T01:55:23.852107+00:00
[Motor4] CLOUD UTC: 2026-08-12T01:55:31.765076+00:00
-------------
Batch 0Nm_BPFI_03:24 from Motor4 received. Processing...
FFT for batch 0Nm_BPFI_03:24 published to Enterprise/Site/Area/Motor4/Analysis/Vibration/fft
Prediction for batch 0Nm_BPFI_03:24 published to Enterprise/Site/Area/Motor4/Analysis/Diagnosis/prediction
-----------------------------------------
[Motor3] raw_latency_ms=8134.647
[Motor3] EDGE UTC : 2026-08-12T01:55:23.827134+00:00
[Motor3] CLOUD UTC: 2026-08-12T01:55:31.961782+00:00
-------------
Batch 0Nm_BPFI_03:62 from Motor3 received. Processing...
FFT for batch 0Nm_BPFI_03:62 published to Enterprise/Site/Area/Motor3/Analysis/Vibration/fft
Prediction for batch 0Nm_BPFI_03:62 published to Enterprise/Site/Area/Motor3/Analysis/Diagnosis/prediction
-----------------------------------------
[Motor1] raw_latency_ms=8349.875
[Motor1] EDGE UTC : 2026-08-12T01:55:23.785562+00:00
[Motor1] CLOUD UTC: 2026-08-12T01:55:32.135437+00:00
-------------
Batch 0Nm_BPFI_03:95 from Motor1 received. Processing...
FFT for batch 0Nm_BPFI_03:95 published to Enterprise/Site/Area/Motor1/Analysis/Vibration/fft
Prediction for batch 0Nm_BPFI_03:95 published to Enterprise/Site/Area/Motor1/Analysis/Diagnosis/prediction
-----------------------------------------
[Motor2] raw_latency_ms=8450.072
[Motor2] EDGE UTC : 2026-08-12T01:55:23.888943+00:00
[Motor2] CLOUD UTC: 2026-08-12T01:55:32.339015+00:00
-------------
Batch 0Nm_BPFI_03:75 from Motor2 received. Processing...
FFT for batch 0Nm_BPFI_03:75 published to Enterprise/Site/Area/Motor2/Analysis/Vibration/fft
Prediction for batch 0Nm_BPFI_03:75 published to Enterprise/Site/Area/Motor2/Analysis/Diagnosis/prediction
-----------------------------------------
[Motor6] raw_latency_ms=9544.255
[Motor6] EDGE UTC : 2026-08-12T01:55:22.988467+00:00
[Motor6] CLOUD UTC: 2026-08-12T01:55:32.532722+00:00
-------------
Batch 0Nm_BPFI_03:176 from Motor6 received. Processing...
FFT for batch 0Nm_BPFI_03:176 published to Enterprise/Site/Area/Motor6/Analysis/Vibration/fft
Prediction for batch 0Nm_BPFI_03:176 published to Enterprise/Site/Area/Motor6/Analysis/Diagnosis/prediction
-----------------------------------------
[Motor9] raw_latency_ms=8523.047
[Motor9] EDGE UTC : 2026-08-12T01:55:24.207756+00:00
[Motor9] CLOUD UTC: 2026-08-12T01:55:32.730803+00:00
-------------
Batch 0Nm_BPFI_03:112 from Motor9 received. Processing...
FFT for batch 0Nm_BPFI_03:112 published to Enterprise/Site/Area/Motor9/Analysis/Vibration/fft
Prediction for batch 0Nm_BPFI_03:112 published to Enterprise/Site/Area/Motor9/Analysis/Diagnosis/prediction
-----------------------------------------
[Motor5] raw_latency_ms=8720.542
[Motor5] EDGE UTC : 2026-08-12T01:55:24.194485+00:00
[Motor5] CLOUD UTC: 2026-08-12T01:55:32.915026+00:00
-------------
Batch 0Nm_BPFI_03:9 from Motor5 received. Processing...
FFT for batch 0Nm_BPFI_03:9 published to Enterprise/Site/Area/Motor5/Analysis/Vibration/fft
Prediction for batch 0Nm_BPFI_03:9 published to Enterprise/Site/Area/Motor5/Analysis/Diagnosis/prediction
-----------------------------------------
[Motor8] raw_latency_ms=8800.836
[Motor8] EDGE UTC : 2026-08-12T01:55:24.270535+00:00
[Motor8] CLOUD UTC: 2026-08-12T01:55:33.071371+00:00
-------------
Batch 0Nm_BPFI_03:128 from Motor8 received. Processing...
FFT for batch 0Nm_BPFI_03:128 published to Enterprise/Site/Area/Motor8/Analysis/Vibration/fft
Prediction for batch 0Nm_BPFI_03:128 published to Enterprise/Site/Area/Motor8/Analysis/Diagnosis/prediction
-----------------------------------------
[Motor7] raw_latency_ms=8515.527
[Motor7] EDGE UTC : 2026-08-12T01:55:24.727088+00:00
[Motor7] CLOUD UTC: 2026-08-12T01:55:33.242615+00:00
-------------
Batch 0Nm_BPFI_03:145 from Motor7 received. Processing...
FFT for batch 0Nm_BPFI_03:145 published to Enterprise/Site/Area/Motor7/Analysis/Vibration/fft
Prediction for batch 0Nm_BPFI_03:145 published to Enterprise/Site/Area/Motor7/Analysis/Diagnosis/prediction
-----------------------------------------
[Motor1] raw_latency_ms=8585.287
[Motor1] EDGE UTC : 2026-08-12T01:55:24.823258+00:00
[Motor1] CLOUD UTC: 2026-08-12T01:55:33.408545+00:00
-------------
Batch 0Nm_BPFI_03:96 from Motor1 received. Processing...
FFT for batch 0Nm_BPFI_03:96 published to Enterprise/Site/Area/Motor1/Analysis/Vibration/fft
Prediction for batch 0Nm_BPFI_03:96 published to Enterprise/Site/Area/Motor1/Analysis/Diagnosis/prediction
-----------------------------------------
[Motor4] raw_latency_ms=8706.446
[Motor4] EDGE UTC : 2026-08-12T01:55:24.889546+00:00
[Motor4] CLOUD UTC: 2026-08-12T01:55:33.595992+00:00
-------------
Batch 0Nm_BPFI_03:25 from Motor4 received. Processing...
FFT for batch 0Nm_BPFI_03:25 published to Enterprise/Site/Area/Motor4/Analysis/Vibration/fft
Prediction for batch 0Nm_BPFI_03:25 published to Enterprise/Site/Area/Motor4/Analysis/Diagnosis/prediction
-----------------------------------------
[Motor3] raw_latency_ms=8932.559
[Motor3] EDGE UTC : 2026-08-12T01:55:24.831586+00:00
[Motor3] CLOUD UTC: 2026-08-12T01:55:33.764145+00:00
-------------
Batch 0Nm_BPFI_03:63 from Motor3 received. Processing...
FFT for batch 0Nm_BPFI_03:63 published to Enterprise/Site/Area/Motor3/Analysis/Vibration/fft
Prediction for batch 0Nm_BPFI_03:63 published to Enterprise/Site/Area/Motor3/Analysis/Diagnosis/prediction
-----------------------------------------
[Motor2] raw_latency_ms=9057.581
[Motor2] EDGE UTC : 2026-08-12T01:55:24.911029+00:00
[Motor2] CLOUD UTC: 2026-08-12T01:55:33.968610+00:00
-------------
Batch 0Nm_BPFI_03:76 from Motor2 received. Processing...
FFT for batch 0Nm_BPFI_03:76 published to Enterprise/Site/Area/Motor2/Analysis/Vibration/fft
Prediction for batch 0Nm_BPFI_03:76 published to Enterprise/Site/Area/Motor2/Analysis/Diagnosis/prediction
-----------------------------------------
[Motor6] raw_latency_ms=10146.388
[Motor6] EDGE UTC : 2026-08-12T01:55:23.993962+00:00
[Motor6] CLOUD UTC: 2026-08-12T01:55:34.140350+00:00
-------------
Batch 0Nm_BPFI_03:177 from Motor6 received. Processing...
FFT for batch 0Nm_BPFI_03:177 published to Enterprise/Site/Area/Motor6/Analysis/Vibration/fft
Prediction for batch 0Nm_BPFI_03:177 published to Enterprise/Site/Area/Motor6/Analysis/Diagnosis/prediction
-----------------------------------------
[Motor9] raw_latency_ms=9088.821
[Motor9] EDGE UTC : 2026-08-12T01:55:25.211024+00:00
[Motor9] CLOUD UTC: 2026-08-12T01:55:34.299845+00:00
-------------
Batch 0Nm_BPFI_03:113 from Motor9 received. Processing...
FFT for batch 0Nm_BPFI_03:113 published to Enterprise/Site/Area/Motor9/Analysis/Vibration/fft
Prediction for batch 0Nm_BPFI_03:113 published to Enterprise/Site/Area/Motor9/Analysis/Diagnosis/prediction
-----------------------------------------
[Motor5] raw_latency_ms=9172.997
[Motor5] EDGE UTC : 2026-08-12T01:55:25.233777+00:00
[Motor5] CLOUD UTC: 2026-08-12T01:55:34.406775+00:00
-------------
Batch 0Nm_BPFI_03:10 from Motor5 received. Processing...
FFT for batch 0Nm_BPFI_03:10 published to Enterprise/Site/Area/Motor5/Analysis/Vibration/fft
Prediction for batch 0Nm_BPFI_03:10 published to Enterprise/Site/Area/Motor5/Analysis/Diagnosis/prediction
-----------------------------------------
[Motor8] raw_latency_ms=9203.483
[Motor8] EDGE UTC : 2026-08-12T01:55:25.311575+00:00
[Motor8] CLOUD UTC: 2026-08-12T01:55:34.515059+00:00
-------------
Batch 0Nm_BPFI_03:129 from Motor8 received. Processing...
FFT for batch 0Nm_BPFI_03:129 published to Enterprise/Site/Area/Motor8/Analysis/Vibration/fft
Prediction for batch 0Nm_BPFI_03:129 published to Enterprise/Site/Area/Motor8/Analysis/Diagnosis/prediction
-----------------------------------------
[Motor4] raw_latency_ms=8697.525
[Motor4] EDGE UTC : 2026-08-12T01:55:25.927306+00:00
[Motor4] CLOUD UTC: 2026-08-12T01:55:34.624831+00:00
-------------
Batch 0Nm_BPFI_03:26 from Motor4 received. Processing...
FFT for batch 0Nm_BPFI_03:26 published to Enterprise/Site/Area/Motor4/Analysis/Vibration/fft
Prediction for batch 0Nm_BPFI_03:26 published to Enterprise/Site/Area/Motor4/Analysis/Diagnosis/prediction
-----------------------------------------
[Motor3] raw_latency_ms=8891.839
[Motor3] EDGE UTC : 2026-08-12T01:55:25.836711+00:00
[Motor3] CLOUD UTC: 2026-08-12T01:55:34.728551+00:00
-------------
Batch 0Nm_BPFI_03:64 from Motor3 received. Processing...
FFT for batch 0Nm_BPFI_03:64 published to Enterprise/Site/Area/Motor3/Analysis/Vibration/fft
Prediction for batch 0Nm_BPFI_03:64 published to Enterprise/Site/Area/Motor3/Analysis/Diagnosis/prediction
-----------------------------------------
[Motor7] raw_latency_ms=9071.972
[Motor7] EDGE UTC : 2026-08-12T01:55:25.769725+00:00
[Motor7] CLOUD UTC: 2026-08-12T01:55:34.841696+00:00
-------------
Batch 0Nm_BPFI_03:146 from Motor7 received. Processing...
FFT for batch 0Nm_BPFI_03:146 published to Enterprise/Site/Area/Motor7/Analysis/Vibration/fft
Prediction for batch 0Nm_BPFI_03:146 published to Enterprise/Site/Area/Motor7/Analysis/Diagnosis/prediction
-----------------------------------------
[Motor1] raw_latency_ms=9084.934
[Motor1] EDGE UTC : 2026-08-12T01:55:25.860577+00:00
[Motor1] CLOUD UTC: 2026-08-12T01:55:34.945512+00:00
-------------
Batch 0Nm_BPFI_03:97 from Motor1 received. Processing...
FFT for batch 0Nm_BPFI_03:97 published to Enterprise/Site/Area/Motor1/Analysis/Vibration/fft
Prediction for batch 0Nm_BPFI_03:97 published to Enterprise/Site/Area/Motor1/Analysis/Diagnosis/prediction
-----------------------------------------
[Motor9] raw_latency_ms=8871.001
[Motor9] EDGE UTC : 2026-08-12T01:55:26.214504+00:00
[Motor9] CLOUD UTC: 2026-08-12T01:55:35.085504+00:00
-------------
Batch 0Nm_BPFI_03:114 from Motor9 received. Processing...
FFT for batch 0Nm_BPFI_03:114 published to Enterprise/Site/Area/Motor9/Analysis/Vibration/fft
Prediction for batch 0Nm_BPFI_03:114 published to Enterprise/Site/Area/Motor9/Analysis/Diagnosis/prediction
-----------------------------------------
[Motor2] raw_latency_ms=9232.053
[Motor2] EDGE UTC : 2026-08-12T01:55:25.959297+00:00
[Motor2] CLOUD UTC: 2026-08-12T01:55:35.191350+00:00
-------------
Batch 0Nm_BPFI_03:77 from Motor2 received. Processing...
FFT for batch 0Nm_BPFI_03:77 published to Enterprise/Site/Area/Motor2/Analysis/Vibration/fft
Prediction for batch 0Nm_BPFI_03:77 published to Enterprise/Site/Area/Motor2/Analysis/Diagnosis/prediction
-----------------------------------------
[Motor6] raw_latency_ms=10303.551
[Motor6] EDGE UTC : 2026-08-12T01:55:24.998010+00:00
[Motor6] CLOUD UTC: 2026-08-12T01:55:35.301561+00:00
-------------
Batch 0Nm_BPFI_03:178 from Motor6 received. Processing...
FFT for batch 0Nm_BPFI_03:178 published to Enterprise/Site/Area/Motor6/Analysis/Vibration/fft
Prediction for batch 0Nm_BPFI_03:178 published to Enterprise/Site/Area/Motor6/Analysis/Diagnosis/prediction
-----------------------------------------
[Motor5] raw_latency_ms=9135.439
[Motor5] EDGE UTC : 2026-08-12T01:55:26.280487+00:00
[Motor5] CLOUD UTC: 2026-08-12T01:55:35.415926+00:00
-------------
Batch 0Nm_BPFI_03:11 from Motor5 received. Processing...
FFT for batch 0Nm_BPFI_03:11 published to Enterprise/Site/Area/Motor5/Analysis/Vibration/fft
Prediction for batch 0Nm_BPFI_03:11 published to Enterprise/Site/Area/Motor5/Analysis/Diagnosis/prediction
-----------------------------------------
[Motor8] raw_latency_ms=9177.512
[Motor8] EDGE UTC : 2026-08-12T01:55:26.350000+00:00
[Motor8] CLOUD UTC: 2026-08-12T01:55:35.527512+00:00
-------------
Batch 0Nm_BPFI_03:130 from Motor8 received. Processing...
FFT for batch 0Nm_BPFI_03:130 published to Enterprise/Site/Area/Motor8/Analysis/Vibration/fft
Prediction for batch 0Nm_BPFI_03:130 published to Enterprise/Site/Area/Motor8/Analysis/Diagnosis/prediction
-----------------------------------------
[Motor7] raw_latency_ms=8826.824
[Motor7] EDGE UTC : 2026-08-12T01:55:26.807454+00:00
[Motor7] CLOUD UTC: 2026-08-12T01:55:35.634278+00:00
-------------
Batch 0Nm_BPFI_03:147 from Motor7 received. Processing...
FFT for batch 0Nm_BPFI_03:147 published to Enterprise/Site/Area/Motor7/Analysis/Vibration/fft
Prediction for batch 0Nm_BPFI_03:147 published to Enterprise/Site/Area/Motor7/Analysis/Diagnosis/prediction
-----------------------------------------
[Motor3] raw_latency_ms=8906.828
[Motor3] EDGE UTC : 2026-08-12T01:55:26.842947+00:00
[Motor3] CLOUD UTC: 2026-08-12T01:55:35.749775+00:00
-------------
Batch 0Nm_BPFI_03:65 from Motor3 received. Processing...
FFT for batch 0Nm_BPFI_03:65 published to Enterprise/Site/Area/Motor3/Analysis/Vibration/fft
Prediction for batch 0Nm_BPFI_03:65 published to Enterprise/Site/Area/Motor3/Analysis/Diagnosis/prediction
-----------------------------------------
[Motor1] raw_latency_ms=8956.175
[Motor1] EDGE UTC : 2026-08-12T01:55:26.898434+00:00
[Motor1] CLOUD UTC: 2026-08-12T01:55:35.854609+00:00
-------------
Batch 0Nm_BPFI_03:98 from Motor1 received. Processing...
FFT for batch 0Nm_BPFI_03:98 published to Enterprise/Site/Area/Motor1/Analysis/Vibration/fft
Prediction for batch 0Nm_BPFI_03:98 published to Enterprise/Site/Area/Motor1/Analysis/Diagnosis/prediction
-----------------------------------------
[Motor4] raw_latency_ms=9000.207
[Motor4] EDGE UTC : 2026-08-12T01:55:26.965120+00:00
[Motor4] CLOUD UTC: 2026-08-12T01:55:35.965327+00:00
-------------
Batch 0Nm_BPFI_03:27 from Motor4 received. Processing...
FFT for batch 0Nm_BPFI_03:27 published to Enterprise/Site/Area/Motor4/Analysis/Vibration/fft
Prediction for batch 0Nm_BPFI_03:27 published to Enterprise/Site/Area/Motor4/Analysis/Diagnosis/prediction
-----------------------------------------
[Motor6] raw_latency_ms=10082.668
[Motor6] EDGE UTC : 2026-08-12T01:55:26.004247+00:00
[Motor6] CLOUD UTC: 2026-08-12T01:55:36.086915+00:00
-------------
Batch 0Nm_BPFI_03:179 from Motor6 received. Processing...
FFT for batch 0Nm_BPFI_03:179 published to Enterprise/Site/Area/Motor6/Analysis/Vibration/fft
Prediction for batch 0Nm_BPFI_03:179 published to Enterprise/Site/Area/Motor6/Analysis/Diagnosis/prediction
-----------------------------------------
[Motor9] raw_latency_ms=8979.894
[Motor9] EDGE UTC : 2026-08-12T01:55:27.219706+00:00
[Motor9] CLOUD UTC: 2026-08-12T01:55:36.199600+00:00
-------------
Batch 0Nm_BPFI_03:115 from Motor9 received. Processing...
FFT for batch 0Nm_BPFI_03:115 published to Enterprise/Site/Area/Motor9/Analysis/Vibration/fft
Prediction for batch 0Nm_BPFI_03:115 published to Enterprise/Site/Area/Motor9/Analysis/Diagnosis/prediction
-----------------------------------------
[Motor2] raw_latency_ms=9311.526
[Motor2] EDGE UTC : 2026-08-12T01:55:27.007683+00:00
[Motor2] CLOUD UTC: 2026-08-12T01:55:36.319209+00:00
-------------
Batch 0Nm_BPFI_03:78 from Motor2 received. Processing...
FFT for batch 0Nm_BPFI_03:78 published to Enterprise/Site/Area/Motor2/Analysis/Vibration/fft
Prediction for batch 0Nm_BPFI_03:78 published to Enterprise/Site/Area/Motor2/Analysis/Diagnosis/prediction
-----------------------------------------
[Motor5] raw_latency_ms=9108.541
[Motor5] EDGE UTC : 2026-08-12T01:55:27.327452+00:00
[Motor5] CLOUD UTC: 2026-08-12T01:55:36.435992+00:00
-------------
Batch 0Nm_BPFI_03:12 from Motor5 received. Processing...
FFT for batch 0Nm_BPFI_03:12 published to Enterprise/Site/Area/Motor5/Analysis/Vibration/fft
Prediction for batch 0Nm_BPFI_03:12 published to Enterprise/Site/Area/Motor5/Analysis/Diagnosis/prediction
-----------------------------------------
[Motor8] raw_latency_ms=9153.216
[Motor8] EDGE UTC : 2026-08-12T01:55:27.390036+00:00
[Motor8] CLOUD UTC: 2026-08-12T01:55:36.543252+00:00
-------------
Batch 0Nm_BPFI_03:131 from Motor8 received. Processing...
FFT for batch 0Nm_BPFI_03:131 published to Enterprise/Site/Area/Motor8/Analysis/Vibration/fft
Prediction for batch 0Nm_BPFI_03:131 published to Enterprise/Site/Area/Motor8/Analysis/Diagnosis/prediction
-----------------------------------------
[Motor3] raw_latency_ms=8807.414
[Motor3] EDGE UTC : 2026-08-12T01:55:27.851130+00:00
[Motor3] CLOUD UTC: 2026-08-12T01:55:36.658544+00:00
-------------
Batch 0Nm_BPFI_03:66 from Motor3 received. Processing...
FFT for batch 0Nm_BPFI_03:66 published to Enterprise/Site/Area/Motor3/Analysis/Vibration/fft
Prediction for batch 0Nm_BPFI_03:66 published to Enterprise/Site/Area/Motor3/Analysis/Diagnosis/prediction
-----------------------------------------
[Motor7] raw_latency_ms=8917.588
[Motor7] EDGE UTC : 2026-08-12T01:55:27.846213+00:00
[Motor7] CLOUD UTC: 2026-08-12T01:55:36.763801+00:00
-------------
Batch 0Nm_BPFI_03:148 from Motor7 received. Processing...
FFT for batch 0Nm_BPFI_03:148 published to Enterprise/Site/Area/Motor7/Analysis/Vibration/fft
Prediction for batch 0Nm_BPFI_03:148 published to Enterprise/Site/Area/Motor7/Analysis/Diagnosis/prediction
-----------------------------------------
[Motor9] raw_latency_ms=8655.006
[Motor9] EDGE UTC : 2026-08-12T01:55:28.225270+00:00
[Motor9] CLOUD UTC: 2026-08-12T01:55:36.880276+00:00
-------------
Batch 0Nm_BPFI_03:116 from Motor9 received. Processing...
FFT for batch 0Nm_BPFI_03:116 published to Enterprise/Site/Area/Motor9/Analysis/Vibration/fft
Prediction for batch 0Nm_BPFI_03:116 published to Enterprise/Site/Area/Motor9/Analysis/Diagnosis/prediction
-----------------------------------------
[Motor1] raw_latency_ms=9050.103
[Motor1] EDGE UTC : 2026-08-12T01:55:27.936808+00:00
[Motor1] CLOUD UTC: 2026-08-12T01:55:36.986911+00:00
-------------
Batch 0Nm_BPFI_03:99 from Motor1 received. Processing...
FFT for batch 0Nm_BPFI_03:99 published to Enterprise/Site/Area/Motor1/Analysis/Vibration/fft
Prediction for batch 0Nm_BPFI_03:99 published to Enterprise/Site/Area/Motor1/Analysis/Diagnosis/prediction
-----------------------------------------
[Motor4] raw_latency_ms=9105.754
[Motor4] EDGE UTC : 2026-08-12T01:55:28.003288+00:00
[Motor4] CLOUD UTC: 2026-08-12T01:55:37.109042+00:00
-------------
Batch 0Nm_BPFI_03:28 from Motor4 received. Processing...
FFT for batch 0Nm_BPFI_03:28 published to Enterprise/Site/Area/Motor4/Analysis/Vibration/fft
Prediction for batch 0Nm_BPFI_03:28 published to Enterprise/Site/Area/Motor4/Analysis/Diagnosis/prediction
-----------------------------------------
[Motor2] raw_latency_ms=9146.818
[Motor2] EDGE UTC : 2026-08-12T01:55:28.065897+00:00
[Motor2] CLOUD UTC: 2026-08-12T01:55:37.212715+00:00
-------------
Batch 0Nm_BPFI_03:79 from Motor2 received. Processing...
FFT for batch 0Nm_BPFI_03:79 published to Enterprise/Site/Area/Motor2/Analysis/Vibration/fft
Prediction for batch 0Nm_BPFI_03:79 published to Enterprise/Site/Area/Motor2/Analysis/Diagnosis/prediction
-----------------------------------------
[Motor6] raw_latency_ms=9362.326
[Motor6] EDGE UTC : 2026-08-12T01:55:27.965056+00:00
[Motor6] CLOUD UTC: 2026-08-12T01:55:37.327383+00:00
-------------
Batch 0Nm_BPFI_03:0 from Motor6 received. Processing...
FFT for batch 0Nm_BPFI_03:0 published to Enterprise/Site/Area/Motor6/Analysis/Vibration/fft
Prediction for batch 0Nm_BPFI_03:0 published to Enterprise/Site/Area/Motor6/Analysis/Diagnosis/prediction
-----------------------------------------
[Motor5] raw_latency_ms=9056.922
[Motor5] EDGE UTC : 2026-08-12T01:55:28.374773+00:00
[Motor5] CLOUD UTC: 2026-08-12T01:55:37.431695+00:00
-------------
Batch 0Nm_BPFI_03:13 from Motor5 received. Processing...
FFT for batch 0Nm_BPFI_03:13 published to Enterprise/Site/Area/Motor5/Analysis/Vibration/fft
Prediction for batch 0Nm_BPFI_03:13 published to Enterprise/Site/Area/Motor5/Analysis/Diagnosis/prediction
-----------------------------------------
[Motor8] raw_latency_ms=9101.874
[Motor8] EDGE UTC : 2026-08-12T01:55:28.437927+00:00
[Motor8] CLOUD UTC: 2026-08-12T01:55:37.539801+00:00
-------------
Batch 0Nm_BPFI_03:132 from Motor8 received. Processing...
FFT for batch 0Nm_BPFI_03:132 published to Enterprise/Site/Area/Motor8/Analysis/Vibration/fft
Prediction for batch 0Nm_BPFI_03:132 published to Enterprise/Site/Area/Motor8/Analysis/Diagnosis/prediction
-----------------------------------------
[Motor3] raw_latency_ms=8797.778
[Motor3] EDGE UTC : 2026-08-12T01:55:28.856675+00:00
[Motor3] CLOUD UTC: 2026-08-12T01:55:37.654453+00:00
-------------
Batch 0Nm_BPFI_03:67 from Motor3 received. Processing...
FFT for batch 0Nm_BPFI_03:67 published to Enterprise/Site/Area/Motor3/Analysis/Vibration/fft
Prediction for batch 0Nm_BPFI_03:67 published to Enterprise/Site/Area/Motor3/Analysis/Diagnosis/prediction
-----------------------------------------
[Motor7] raw_latency_ms=8877.193
[Motor7] EDGE UTC : 2026-08-12T01:55:28.884476+00:00
[Motor7] CLOUD UTC: 2026-08-12T01:55:37.761669+00:00
-------------
Batch 0Nm_BPFI_03:149 from Motor7 received. Processing...
FFT for batch 0Nm_BPFI_03:149 published to Enterprise/Site/Area/Motor7/Analysis/Vibration/fft
Prediction for batch 0Nm_BPFI_03:149 published to Enterprise/Site/Area/Motor7/Analysis/Diagnosis/prediction
-----------------------------------------
[Motor1] raw_latency_ms=8889.855
[Motor1] EDGE UTC : 2026-08-12T01:55:28.974488+00:00
[Motor1] CLOUD UTC: 2026-08-12T01:55:37.864342+00:00
-------------
Batch 0Nm_BPFI_03:100 from Motor1 received. Processing...
FFT for batch 0Nm_BPFI_03:100 published to Enterprise/Site/Area/Motor1/Analysis/Vibration/fft
Prediction for batch 0Nm_BPFI_03:100 published to Enterprise/Site/Area/Motor1/Analysis/Diagnosis/prediction
-----------------------------------------
[Motor4] raw_latency_ms=8927.618
[Motor4] EDGE UTC : 2026-08-12T01:55:29.040903+00:00
[Motor4] CLOUD UTC: 2026-08-12T01:55:37.968521+00:00
-------------
Batch 0Nm_BPFI_03:29 from Motor4 received. Processing...
FFT for batch 0Nm_BPFI_03:29 published to Enterprise/Site/Area/Motor4/Analysis/Vibration/fft
Prediction for batch 0Nm_BPFI_03:29 published to Enterprise/Site/Area/Motor4/Analysis/Diagnosis/prediction
-----------------------------------------
[Motor9] raw_latency_ms=8845.828
[Motor9] EDGE UTC : 2026-08-12T01:55:29.232844+00:00
[Motor9] CLOUD UTC: 2026-08-12T01:55:38.078672+00:00
-------------
Batch 0Nm_BPFI_03:117 from Motor9 received. Processing...
FFT for batch 0Nm_BPFI_03:117 published to Enterprise/Site/Area/Motor9/Analysis/Vibration/fft
Prediction for batch 0Nm_BPFI_03:117 published to Enterprise/Site/Area/Motor9/Analysis/Diagnosis/prediction
-----------------------------------------
[Motor3] raw_latency_ms=8330.969
[Motor3] EDGE UTC : 2026-08-12T01:55:29.864629+00:00
[Motor3] CLOUD UTC: 2026-08-12T01:55:38.195598+00:00
-------------
Batch 0Nm_BPFI_03:68 from Motor3 received. Processing...
FFT for batch 0Nm_BPFI_03:68 published to Enterprise/Site/Area/Motor3/Analysis/Vibration/fft
Prediction for batch 0Nm_BPFI_03:68 published to Enterprise/Site/Area/Motor3/Analysis/Diagnosis/prediction
-----------------------------------------
[Motor7] raw_latency_ms=8378.059
[Motor7] EDGE UTC : 2026-08-12T01:55:29.922477+00:00
[Motor7] CLOUD UTC: 2026-08-12T01:55:38.300536+00:00
-------------
Batch 0Nm_BPFI_03:150 from Motor7 received. Processing...
FFT for batch 0Nm_BPFI_03:150 published to Enterprise/Site/Area/Motor7/Analysis/Vibration/fft
Prediction for batch 0Nm_BPFI_03:150 published to Enterprise/Site/Area/Motor7/Analysis/Diagnosis/prediction
-----------------------------------------
[Motor4] raw_latency_ms=8326.582
[Motor4] EDGE UTC : 2026-08-12T01:55:30.078754+00:00
[Motor4] CLOUD UTC: 2026-08-12T01:55:38.405336+00:00
-------------
Batch 0Nm_BPFI_03:30 from Motor4 received. Processing...
FFT for batch 0Nm_BPFI_03:30 published to Enterprise/Site/Area/Motor4/Analysis/Vibration/fft
Prediction for batch 0Nm_BPFI_03:30 published to Enterprise/Site/Area/Motor4/Analysis/Diagnosis/prediction
-----------------------------------------
[Motor9] raw_latency_ms=8269.132
[Motor9] EDGE UTC : 2026-08-12T01:55:30.241070+00:00
[Motor9] CLOUD UTC: 2026-08-12T01:55:38.510203+00:00
-------------
Batch 0Nm_BPFI_03:118 from Motor9 received. Processing...
FFT for batch 0Nm_BPFI_03:118 published to Enterprise/Site/Area/Motor9/Analysis/Vibration/fft
Prediction for batch 0Nm_BPFI_03:118 published to Enterprise/Site/Area/Motor9/Analysis/Diagnosis/prediction
-----------------------------------------
[Motor6] raw_latency_ms=8627.061
[Motor6] EDGE UTC : 2026-08-12T01:55:29.991956+00:00
[Motor6] CLOUD UTC: 2026-08-12T01:55:38.619016+00:00
-------------
Batch 0Nm_BPFI_03:2 from Motor6 received. Processing...
FFT for batch 0Nm_BPFI_03:2 published to Enterprise/Site/Area/Motor6/Analysis/Vibration/fft
Prediction for batch 0Nm_BPFI_03:2 published to Enterprise/Site/Area/Motor6/Analysis/Diagnosis/prediction
-----------------------------------------
[Motor1] raw_latency_ms=8710.520
[Motor1] EDGE UTC : 2026-08-12T01:55:30.012203+00:00
[Motor1] CLOUD UTC: 2026-08-12T01:55:38.722723+00:00
-------------
Batch 0Nm_BPFI_03:101 from Motor1 received. Processing...
FFT for batch 0Nm_BPFI_03:101 published to Enterprise/Site/Area/Motor1/Analysis/Vibration/fft
Prediction for batch 0Nm_BPFI_03:101 published to Enterprise/Site/Area/Motor1/Analysis/Diagnosis/prediction
-----------------------------------------
[Motor2] raw_latency_ms=8692.609
[Motor2] EDGE UTC : 2026-08-12T01:55:30.139020+00:00
[Motor2] CLOUD UTC: 2026-08-12T01:55:38.831629+00:00
-------------
Batch 0Nm_BPFI_03:81 from Motor2 received. Processing...
FFT for batch 0Nm_BPFI_03:81 published to Enterprise/Site/Area/Motor2/Analysis/Vibration/fft
Prediction for batch 0Nm_BPFI_03:81 published to Enterprise/Site/Area/Motor2/Analysis/Diagnosis/prediction
-----------------------------------------
[Motor5] raw_latency_ms=8475.707
[Motor5] EDGE UTC : 2026-08-12T01:55:30.458447+00:00
[Motor5] CLOUD UTC: 2026-08-12T01:55:38.934154+00:00
-------------
Batch 0Nm_BPFI_03:15 from Motor5 received. Processing...
FFT for batch 0Nm_BPFI_03:15 published to Enterprise/Site/Area/Motor5/Analysis/Vibration/fft
Prediction for batch 0Nm_BPFI_03:15 published to Enterprise/Site/Area/Motor5/Analysis/Diagnosis/prediction
-----------------------------------------
[Motor8] raw_latency_ms=8532.521
[Motor8] EDGE UTC : 2026-08-12T01:55:30.508935+00:00
[Motor8] CLOUD UTC: 2026-08-12T01:55:39.041456+00:00
-------------
Batch 0Nm_BPFI_03:134 from Motor8 received. Processing...
FFT for batch 0Nm_BPFI_03:134 published to Enterprise/Site/Area/Motor8/Analysis/Vibration/fft
Prediction for batch 0Nm_BPFI_03:134 published to Enterprise/Site/Area/Motor8/Analysis/Diagnosis/prediction
-----------------------------------------
[Motor3] raw_latency_ms=8286.674
[Motor3] EDGE UTC : 2026-08-12T01:55:30.877592+00:00
[Motor3] CLOUD UTC: 2026-08-12T01:55:39.164266+00:00
-------------
Batch 0Nm_BPFI_03:69 from Motor3 received. Processing...
FFT for batch 0Nm_BPFI_03:69 published to Enterprise/Site/Area/Motor3/Analysis/Vibration/fft
Prediction for batch 0Nm_BPFI_03:69 published to Enterprise/Site/Area/Motor3/Analysis/Diagnosis/prediction
-----------------------------------------
Error processing batch: 'utf-8' codec can't decode byte 0xcf in position 1: invalid continuation byte
[Motor1] raw_latency_ms=8229.978
[Motor1] EDGE UTC : 2026-08-12T01:55:31.050227+00:00
[Motor1] CLOUD UTC: 2026-08-12T01:55:39.280205+00:00
-------------
Batch 0Nm_BPFI_03:102 from Motor1 received. Processing...
FFT for batch 0Nm_BPFI_03:102 published to Enterprise/Site/Area/Motor1/Analysis/Vibration/fft
Prediction for batch 0Nm_BPFI_03:102 published to Enterprise/Site/Area/Motor1/Analysis/Diagnosis/prediction
-----------------------------------------
[Motor4] raw_latency_ms=8268.535
[Motor4] EDGE UTC : 2026-08-12T01:55:31.116902+00:00
[Motor4] CLOUD UTC: 2026-08-12T01:55:39.385436+00:00
-------------
Batch 0Nm_BPFI_03:31 from Motor4 received. Processing...
FFT for batch 0Nm_BPFI_03:31 published to Enterprise/Site/Area/Motor4/Analysis/Vibration/fft
Prediction for batch 0Nm_BPFI_03:31 published to Enterprise/Site/Area/Motor4/Analysis/Diagnosis/prediction
-----------------------------------------
[Motor9] raw_latency_ms=8245.577
[Motor9] EDGE UTC : 2026-08-12T01:55:31.246874+00:00
[Motor9] CLOUD UTC: 2026-08-12T01:55:39.492451+00:00
-------------
Batch 0Nm_BPFI_03:119 from Motor9 received. Processing...
FFT for batch 0Nm_BPFI_03:119 published to Enterprise/Site/Area/Motor9/Analysis/Vibration/fft
Prediction for batch 0Nm_BPFI_03:119 published to Enterprise/Site/Area/Motor9/Analysis/Diagnosis/prediction
-----------------------------------------
[Motor6] raw_latency_ms=8602.691
[Motor6] EDGE UTC : 2026-08-12T01:55:30.997575+00:00
[Motor6] CLOUD UTC: 2026-08-12T01:55:39.600266+00:00
-------------
Batch 0Nm_BPFI_03:3 from Motor6 received. Processing...
FFT for batch 0Nm_BPFI_03:3 published to Enterprise/Site/Area/Motor6/Analysis/Vibration/fft
Prediction for batch 0Nm_BPFI_03:3 published to Enterprise/Site/Area/Motor6/Analysis/Diagnosis/prediction
-----------------------------------------
[Motor2] raw_latency_ms=8551.553
[Motor2] EDGE UTC : 2026-08-12T01:55:31.157750+00:00
[Motor2] CLOUD UTC: 2026-08-12T01:55:39.709303+00:00
-------------
Batch 0Nm_BPFI_03:82 from Motor2 received. Processing...
FFT for batch 0Nm_BPFI_03:82 published to Enterprise/Site/Area/Motor2/Analysis/Vibration/fft
Prediction for batch 0Nm_BPFI_03:82 published to Enterprise/Site/Area/Motor2/Analysis/Diagnosis/prediction
-----------------------------------------
[Motor5] raw_latency_ms=8336.477
[Motor5] EDGE UTC : 2026-08-12T01:55:31.478424+00:00
[Motor5] CLOUD UTC: 2026-08-12T01:55:39.814902+00:00
-------------
Batch 0Nm_BPFI_03:16 from Motor5 received. Processing...
FFT for batch 0Nm_BPFI_03:16 published to Enterprise/Site/Area/Motor5/Analysis/Vibration/fft
Prediction for batch 0Nm_BPFI_03:16 published to Enterprise/Site/Area/Motor5/Analysis/Diagnosis/prediction
-----------------------------------------
[Motor8] raw_latency_ms=8403.944
[Motor8] EDGE UTC : 2026-08-12T01:55:31.529253+00:00
[Motor8] CLOUD UTC: 2026-08-12T01:55:39.933197+00:00
-------------
Batch 0Nm_BPFI_03:135 from Motor8 received. Processing...
FFT for batch 0Nm_BPFI_03:135 published to Enterprise/Site/Area/Motor8/Analysis/Vibration/fft
Prediction for batch 0Nm_BPFI_03:135 published to Enterprise/Site/Area/Motor8/Analysis/Diagnosis/prediction
-----------------------------------------
[Motor3] raw_latency_ms=8151.695
[Motor3] EDGE UTC : 2026-08-12T01:55:31.884037+00:00
[Motor3] CLOUD UTC: 2026-08-12T01:55:40.035732+00:00
-------------
Batch 0Nm_BPFI_03:70 from Motor3 received. Processing...
FFT for batch 0Nm_BPFI_03:70 published to Enterprise/Site/Area/Motor3/Analysis/Vibration/fft
Prediction for batch 0Nm_BPFI_03:70 published to Enterprise/Site/Area/Motor3/Analysis/Diagnosis/prediction
-----------------------------------------
[Motor7] raw_latency_ms=8153.978
[Motor7] EDGE UTC : 2026-08-12T01:55:31.998486+00:00
[Motor7] CLOUD UTC: 2026-08-12T01:55:40.152464+00:00
-------------
Batch 0Nm_BPFI_03:152 from Motor7 received. Processing...
FFT for batch 0Nm_BPFI_03:152 published to Enterprise/Site/Area/Motor7/Analysis/Vibration/fft
Prediction for batch 0Nm_BPFI_03:152 published to Enterprise/Site/Area/Motor7/Analysis/Diagnosis/prediction
-----------------------------------------
[Motor5] raw_latency_ms=7768.201
[Motor5] EDGE UTC : 2026-08-12T01:55:32.500992+00:00
[Motor5] CLOUD UTC: 2026-08-12T01:55:40.269192+00:00
-------------
Batch 0Nm_BPFI_03:17 from Motor5 received. Processing...
FFT for batch 0Nm_BPFI_03:17 published to Enterprise/Site/Area/Motor5/Analysis/Vibration/fft
Prediction for batch 0Nm_BPFI_03:17 published to Enterprise/Site/Area/Motor5/Analysis/Diagnosis/prediction
-----------------------------------------
[Motor8] raw_latency_ms=7826.650
[Motor8] EDGE UTC : 2026-08-12T01:55:32.552157+00:00
[Motor8] CLOUD UTC: 2026-08-12T01:55:40.378808+00:00
-------------
Batch 0Nm_BPFI_03:136 from Motor8 received. Processing...
FFT for batch 0Nm_BPFI_03:136 published to Enterprise/Site/Area/Motor8/Analysis/Vibration/fft
Prediction for batch 0Nm_BPFI_03:136 published to Enterprise/Site/Area/Motor8/Analysis/Diagnosis/prediction
-----------------------------------------
[Motor3] raw_latency_ms=7594.409
[Motor3] EDGE UTC : 2026-08-12T01:55:32.890870+00:00
[Motor3] CLOUD UTC: 2026-08-12T01:55:40.485279+00:00
-------------
Batch 0Nm_BPFI_03:71 from Motor3 received. Processing...
FFT for batch 0Nm_BPFI_03:71 published to Enterprise/Site/Area/Motor3/Analysis/Vibration/fft
Prediction for batch 0Nm_BPFI_03:71 published to Enterprise/Site/Area/Motor3/Analysis/Diagnosis/prediction
-----------------------------------------
[Motor7] raw_latency_ms=7554.219
[Motor7] EDGE UTC : 2026-08-12T01:55:33.037086+00:00
[Motor7] CLOUD UTC: 2026-08-12T01:55:40.591305+00:00
-------------
Batch 0Nm_BPFI_03:153 from Motor7 received. Processing...
FFT for batch 0Nm_BPFI_03:153 published to Enterprise/Site/Area/Motor7/Analysis/Vibration/fft
Prediction for batch 0Nm_BPFI_03:153 published to Enterprise/Site/Area/Motor7/Analysis/Diagnosis/prediction
-----------------------------------------
[Motor1] raw_latency_ms=7567.093
[Motor1] EDGE UTC : 2026-08-12T01:55:33.126671+00:00
[Motor1] CLOUD UTC: 2026-08-12T01:55:40.693764+00:00
-------------
Batch 0Nm_BPFI_03:104 from Motor1 received. Processing...
FFT for batch 0Nm_BPFI_03:104 published to Enterprise/Site/Area/Motor1/Analysis/Vibration/fft
Prediction for batch 0Nm_BPFI_03:104 published to Enterprise/Site/Area/Motor1/Analysis/Diagnosis/prediction
-----------------------------------------
[Motor4] raw_latency_ms=7610.832
[Motor4] EDGE UTC : 2026-08-12T01:55:33.195203+00:00
[Motor4] CLOUD UTC: 2026-08-12T01:55:40.806036+00:00
-------------
Batch 0Nm_BPFI_03:33 from Motor4 received. Processing...
FFT for batch 0Nm_BPFI_03:33 published to Enterprise/Site/Area/Motor4/Analysis/Vibration/fft
Prediction for batch 0Nm_BPFI_03:33 published to Enterprise/Site/Area/Motor4/Analysis/Diagnosis/prediction
-----------------------------------------
[Motor6] raw_latency_ms=7897.415
[Motor6] EDGE UTC : 2026-08-12T01:55:33.010907+00:00
[Motor6] CLOUD UTC: 2026-08-12T01:55:40.908322+00:00
-------------
Batch 0Nm_BPFI_03:5 from Motor6 received. Processing...
FFT for batch 0Nm_BPFI_03:5 published to Enterprise/Site/Area/Motor6/Analysis/Vibration/fft
Prediction for batch 0Nm_BPFI_03:5 published to Enterprise/Site/Area/Motor6/Analysis/Diagnosis/prediction
-----------------------------------------
[Motor2] raw_latency_ms=7813.124
[Motor2] EDGE UTC : 2026-08-12T01:55:33.200089+00:00
[Motor2] CLOUD UTC: 2026-08-12T01:55:41.013212+00:00
-------------
Batch 0Nm_BPFI_03:84 from Motor2 received. Processing...
FFT for batch 0Nm_BPFI_03:84 published to Enterprise/Site/Area/Motor2/Analysis/Vibration/fft
Prediction for batch 0Nm_BPFI_03:84 published to Enterprise/Site/Area/Motor2/Analysis/Diagnosis/prediction
-----------------------------------------
[Motor9] raw_latency_ms=7680.477
[Motor9] EDGE UTC : 2026-08-12T01:55:33.439677+00:00
[Motor9] CLOUD UTC: 2026-08-12T01:55:41.120153+00:00
-------------
Batch 0Nm_BPFI_03:121 from Motor9 received. Processing...
FFT for batch 0Nm_BPFI_03:121 published to Enterprise/Site/Area/Motor9/Analysis/Vibration/fft
Prediction for batch 0Nm_BPFI_03:121 published to Enterprise/Site/Area/Motor9/Analysis/Diagnosis/prediction
-----------------------------------------
[Motor5] raw_latency_ms=7716.950
[Motor5] EDGE UTC : 2026-08-12T01:55:33.522039+00:00
[Motor5] CLOUD UTC: 2026-08-12T01:55:41.238989+00:00
-------------
Batch 0Nm_BPFI_03:18 from Motor5 received. Processing...
FFT for batch 0Nm_BPFI_03:18 published to Enterprise/Site/Area/Motor5/Analysis/Vibration/fft
Prediction for batch 0Nm_BPFI_03:18 published to Enterprise/Site/Area/Motor5/Analysis/Diagnosis/prediction
-----------------------------------------
[Motor8] raw_latency_ms=7773.938
[Motor8] EDGE UTC : 2026-08-12T01:55:33.572107+00:00
[Motor8] CLOUD UTC: 2026-08-12T01:55:41.346045+00:00
-------------
Batch 0Nm_BPFI_03:137 from Motor8 received. Processing...
FFT for batch 0Nm_BPFI_03:137 published to Enterprise/Site/Area/Motor8/Analysis/Vibration/fft
Prediction for batch 0Nm_BPFI_03:137 published to Enterprise/Site/Area/Motor8/Analysis/Diagnosis/prediction
-----------------------------------------
[Motor3] raw_latency_ms=7559.416
[Motor3] EDGE UTC : 2026-08-12T01:55:33.894353+00:00
[Motor3] CLOUD UTC: 2026-08-12T01:55:41.453769+00:00
-------------
Batch 0Nm_BPFI_03:72 from Motor3 received. Processing...
FFT for batch 0Nm_BPFI_03:72 published to Enterprise/Site/Area/Motor3/Analysis/Vibration/fft
Prediction for batch 0Nm_BPFI_03:72 published to Enterprise/Site/Area/Motor3/Analysis/Diagnosis/prediction
-----------------------------------------
[Motor7] raw_latency_ms=7481.745
[Motor7] EDGE UTC : 2026-08-12T01:55:34.075015+00:00
[Motor7] CLOUD UTC: 2026-08-12T01:55:41.556759+00:00
-------------
Batch 0Nm_BPFI_03:154 from Motor7 received. Processing...
FFT for batch 0Nm_BPFI_03:154 published to Enterprise/Site/Area/Motor7/Analysis/Vibration/fft
Prediction for batch 0Nm_BPFI_03:154 published to Enterprise/Site/Area/Motor7/Analysis/Diagnosis/prediction
-----------------------------------------
[Motor4] raw_latency_ms=7441.490
[Motor4] EDGE UTC : 2026-08-12T01:55:34.234907+00:00
[Motor4] CLOUD UTC: 2026-08-12T01:55:41.676397+00:00
-------------
Batch 0Nm_BPFI_03:34 from Motor4 received. Processing...
FFT for batch 0Nm_BPFI_03:34 published to Enterprise/Site/Area/Motor4/Analysis/Vibration/fft
Prediction for batch 0Nm_BPFI_03:34 published to Enterprise/Site/Area/Motor4/Analysis/Diagnosis/prediction
-----------------------------------------
[Motor1] raw_latency_ms=7553.868
[Motor1] EDGE UTC : 2026-08-12T01:55:34.228314+00:00
[Motor1] CLOUD UTC: 2026-08-12T01:55:41.782181+00:00
-------------
Batch 0Nm_BPFI_03:105 from Motor1 received. Processing...
FFT for batch 0Nm_BPFI_03:105 published to Enterprise/Site/Area/Motor1/Analysis/Vibration/fft
Prediction for batch 0Nm_BPFI_03:105 published to Enterprise/Site/Area/Motor1/Analysis/Diagnosis/prediction
-----------------------------------------
[Motor2] raw_latency_ms=7671.486
[Motor2] EDGE UTC : 2026-08-12T01:55:34.219335+00:00
[Motor2] CLOUD UTC: 2026-08-12T01:55:41.890822+00:00
-------------
Batch 0Nm_BPFI_03:85 from Motor2 received. Processing...
FFT for batch 0Nm_BPFI_03:85 published to Enterprise/Site/Area/Motor2/Analysis/Vibration/fft
Prediction for batch 0Nm_BPFI_03:85 published to Enterprise/Site/Area/Motor2/Analysis/Diagnosis/prediction
-----------------------------------------
[Motor9] raw_latency_ms=7548.896
[Motor9] EDGE UTC : 2026-08-12T01:55:34.445480+00:00
[Motor9] CLOUD UTC: 2026-08-12T01:55:41.994376+00:00
-------------
Batch 0Nm_BPFI_03:122 from Motor9 received. Processing...
FFT for batch 0Nm_BPFI_03:122 published to Enterprise/Site/Area/Motor9/Analysis/Vibration/fft
Prediction for batch 0Nm_BPFI_03:122 published to Enterprise/Site/Area/Motor9/Analysis/Diagnosis/prediction
-----------------------------------------
[Motor5] raw_latency_ms=7555.432
[Motor5] EDGE UTC : 2026-08-12T01:55:34.584287+00:00
[Motor5] CLOUD UTC: 2026-08-12T01:55:42.139719+00:00
-------------
Batch 0Nm_BPFI_03:19 from Motor5 received. Processing...
FFT for batch 0Nm_BPFI_03:19 published to Enterprise/Site/Area/Motor5/Analysis/Vibration/fft
Prediction for batch 0Nm_BPFI_03:19 published to Enterprise/Site/Area/Motor5/Analysis/Diagnosis/prediction
-----------------------------------------
[Motor6] raw_latency_ms=8239.555
[Motor6] EDGE UTC : 2026-08-12T01:55:34.018362+00:00
[Motor6] CLOUD UTC: 2026-08-12T01:55:42.257917+00:00
-------------
Batch 0Nm_BPFI_03:6 from Motor6 received. Processing...
FFT for batch 0Nm_BPFI_03:6 published to Enterprise/Site/Area/Motor6/Analysis/Vibration/fft
Prediction for batch 0Nm_BPFI_03:6 published to Enterprise/Site/Area/Motor6/Analysis/Diagnosis/prediction
-----------------------------------------
[Motor8] raw_latency_ms=7739.482
[Motor8] EDGE UTC : 2026-08-12T01:55:34.632081+00:00
[Motor8] CLOUD UTC: 2026-08-12T01:55:42.371563+00:00
-------------
Batch 0Nm_BPFI_03:138 from Motor8 received. Processing...
FFT for batch 0Nm_BPFI_03:138 published to Enterprise/Site/Area/Motor8/Analysis/Vibration/fft
Prediction for batch 0Nm_BPFI_03:138 published to Enterprise/Site/Area/Motor8/Analysis/Diagnosis/prediction
-----------------------------------------
[Motor3] raw_latency_ms=7574.738
[Motor3] EDGE UTC : 2026-08-12T01:55:34.900725+00:00
[Motor3] CLOUD UTC: 2026-08-12T01:55:42.475463+00:00
-------------
Batch 0Nm_BPFI_03:73 from Motor3 received. Processing...
FFT for batch 0Nm_BPFI_03:73 published to Enterprise/Site/Area/Motor3/Analysis/Vibration/fft
Prediction for batch 0Nm_BPFI_03:73 published to Enterprise/Site/Area/Motor3/Analysis/Diagnosis/prediction
-----------------------------------------
[Motor7] raw_latency_ms=7469.864
[Motor7] EDGE UTC : 2026-08-12T01:55:35.113057+00:00
[Motor7] CLOUD UTC: 2026-08-12T01:55:42.582921+00:00
-------------
Batch 0Nm_BPFI_03:155 from Motor7 received. Processing...
FFT for batch 0Nm_BPFI_03:155 published to Enterprise/Site/Area/Motor7/Analysis/Vibration/fft
Prediction for batch 0Nm_BPFI_03:155 published to Enterprise/Site/Area/Motor7/Analysis/Diagnosis/prediction
-----------------------------------------
[Motor1] raw_latency_ms=7419.463
[Motor1] EDGE UTC : 2026-08-12T01:55:35.266661+00:00
[Motor1] CLOUD UTC: 2026-08-12T01:55:42.686125+00:00
-------------
Batch 0Nm_BPFI_03:106 from Motor1 received. Processing...
FFT for batch 0Nm_BPFI_03:106 published to Enterprise/Site/Area/Motor1/Analysis/Vibration/fft
Prediction for batch 0Nm_BPFI_03:106 published to Enterprise/Site/Area/Motor1/Analysis/Diagnosis/prediction
-----------------------------------------
[Motor4] raw_latency_ms=7524.568
[Motor4] EDGE UTC : 2026-08-12T01:55:35.273139+00:00
[Motor4] CLOUD UTC: 2026-08-12T01:55:42.797707+00:00
-------------
Batch 0Nm_BPFI_03:35 from Motor4 received. Processing...
FFT for batch 0Nm_BPFI_03:35 published to Enterprise/Site/Area/Motor4/Analysis/Vibration/fft
Prediction for batch 0Nm_BPFI_03:35 published to Enterprise/Site/Area/Motor4/Analysis/Diagnosis/prediction
-----------------------------------------
[Motor2] raw_latency_ms=7666.281
[Motor2] EDGE UTC : 2026-08-12T01:55:35.240874+00:00
[Motor2] CLOUD UTC: 2026-08-12T01:55:42.907155+00:00
-------------
Batch 0Nm_BPFI_03:86 from Motor2 received. Processing...
FFT for batch 0Nm_BPFI_03:86 published to Enterprise/Site/Area/Motor2/Analysis/Vibration/fft
Prediction for batch 0Nm_BPFI_03:86 published to Enterprise/Site/Area/Motor2/Analysis/Diagnosis/prediction
-----------------------------------------
[Motor5] raw_latency_ms=7411.636
[Motor5] EDGE UTC : 2026-08-12T01:55:35.607688+00:00
[Motor5] CLOUD UTC: 2026-08-12T01:55:43.019323+00:00
-------------
Batch 0Nm_BPFI_03:20 from Motor5 received. Processing...
FFT for batch 0Nm_BPFI_03:20 published to Enterprise/Site/Area/Motor5/Analysis/Vibration/fft
Prediction for batch 0Nm_BPFI_03:20 published to Enterprise/Site/Area/Motor5/Analysis/Diagnosis/prediction
-----------------------------------------
[Motor6] raw_latency_ms=8100.225
[Motor6] EDGE UTC : 2026-08-12T01:55:35.024010+00:00
[Motor6] CLOUD UTC: 2026-08-12T01:55:43.124235+00:00
-------------
Batch 0Nm_BPFI_03:7 from Motor6 received. Processing...
FFT for batch 0Nm_BPFI_03:7 published to Enterprise/Site/Area/Motor6/Analysis/Vibration/fft
Prediction for batch 0Nm_BPFI_03:7 published to Enterprise/Site/Area/Motor6/Analysis/Diagnosis/prediction
-----------------------------------------
[Motor9] raw_latency_ms=7785.589
[Motor9] EDGE UTC : 2026-08-12T01:55:35.450520+00:00
[Motor9] CLOUD UTC: 2026-08-12T01:55:43.236109+00:00
-------------
Batch 0Nm_BPFI_03:123 from Motor9 received. Processing...
FFT for batch 0Nm_BPFI_03:123 published to Enterprise/Site/Area/Motor9/Analysis/Vibration/fft
Prediction for batch 0Nm_BPFI_03:123 published to Enterprise/Site/Area/Motor9/Analysis/Diagnosis/prediction
-----------------------------------------
[Motor8] raw_latency_ms=7707.612
[Motor8] EDGE UTC : 2026-08-12T01:55:35.651838+00:00
[Motor8] CLOUD UTC: 2026-08-12T01:55:43.359450+00:00
-------------
Batch 0Nm_BPFI_03:139 from Motor8 received. Processing...
FFT for batch 0Nm_BPFI_03:139 published to Enterprise/Site/Area/Motor8/Analysis/Vibration/fft
Prediction for batch 0Nm_BPFI_03:139 published to Enterprise/Site/Area/Motor8/Analysis/Diagnosis/prediction
-----------------------------------------
[Motor7] raw_latency_ms=7314.960
[Motor7] EDGE UTC : 2026-08-12T01:55:36.155866+00:00
[Motor7] CLOUD UTC: 2026-08-12T01:55:43.470826+00:00
-------------
Batch 0Nm_BPFI_03:156 from Motor7 received. Processing...
FFT for batch 0Nm_BPFI_03:156 published to Enterprise/Site/Area/Motor7/Analysis/Vibration/fft
Prediction for batch 0Nm_BPFI_03:156 published to Enterprise/Site/Area/Motor7/Analysis/Diagnosis/prediction
-----------------------------------------
[Motor3] raw_latency_ms=7666.552
[Motor3] EDGE UTC : 2026-08-12T01:55:35.906221+00:00
[Motor3] CLOUD UTC: 2026-08-12T01:55:43.572773+00:00
-------------
Batch 0Nm_BPFI_03:74 from Motor3 received. Processing...
FFT for batch 0Nm_BPFI_03:74 published to Enterprise/Site/Area/Motor3/Analysis/Vibration/fft
Prediction for batch 0Nm_BPFI_03:74 published to Enterprise/Site/Area/Motor3/Analysis/Diagnosis/prediction
-----------------------------------------
[Motor1] raw_latency_ms=7374.504
[Motor1] EDGE UTC : 2026-08-12T01:55:36.305045+00:00
[Motor1] CLOUD UTC: 2026-08-12T01:55:43.679549+00:00
-------------
Batch 0Nm_BPFI_03:107 from Motor1 received. Processing...
FFT for batch 0Nm_BPFI_03:107 published to Enterprise/Site/Area/Motor1/Analysis/Vibration/fft
Prediction for batch 0Nm_BPFI_03:107 published to Enterprise/Site/Area/Motor1/Analysis/Diagnosis/prediction
-----------------------------------------
[Motor4] raw_latency_ms=7482.456
[Motor4] EDGE UTC : 2026-08-12T01:55:36.310932+00:00
[Motor4] CLOUD UTC: 2026-08-12T01:55:43.793388+00:00
-------------
Batch 0Nm_BPFI_03:36 from Motor4 received. Processing...
FFT for batch 0Nm_BPFI_03:36 published to Enterprise/Site/Area/Motor4/Analysis/Vibration/fft
Prediction for batch 0Nm_BPFI_03:36 published to Enterprise/Site/Area/Motor4/Analysis/Diagnosis/prediction
-----------------------------------------
[Motor2] raw_latency_ms=7648.923
[Motor2] EDGE UTC : 2026-08-12T01:55:36.259426+00:00
[Motor2] CLOUD UTC: 2026-08-12T01:55:43.908349+00:00
-------------
Batch 0Nm_BPFI_03:87 from Motor2 received. Processing...
FFT for batch 0Nm_BPFI_03:87 published to Enterprise/Site/Area/Motor2/Analysis/Vibration/fft
Prediction for batch 0Nm_BPFI_03:87 published to Enterprise/Site/Area/Motor2/Analysis/Diagnosis/prediction
-----------------------------------------
[Motor5] raw_latency_ms=7383.634
[Motor5] EDGE UTC : 2026-08-12T01:55:36.627981+00:00
[Motor5] CLOUD UTC: 2026-08-12T01:55:44.011616+00:00
-------------
Batch 0Nm_BPFI_03:21 from Motor5 received. Processing...
FFT for batch 0Nm_BPFI_03:21 published to Enterprise/Site/Area/Motor5/Analysis/Vibration/fft
Prediction for batch 0Nm_BPFI_03:21 published to Enterprise/Site/Area/Motor5/Analysis/Diagnosis/prediction
-----------------------------------------
[Motor6] raw_latency_ms=8100.364
[Motor6] EDGE UTC : 2026-08-12T01:55:36.030158+00:00
[Motor6] CLOUD UTC: 2026-08-12T01:55:44.130522+00:00
-------------
Batch 0Nm_BPFI_03:8 from Motor6 received. Processing...
FFT for batch 0Nm_BPFI_03:8 published to Enterprise/Site/Area/Motor6/Analysis/Vibration/fft
Prediction for batch 0Nm_BPFI_03:8 published to Enterprise/Site/Area/Motor6/Analysis/Diagnosis/prediction
-----------------------------------------
[Motor8] raw_latency_ms=7560.082
[Motor8] EDGE UTC : 2026-08-12T01:55:36.671927+00:00
[Motor8] CLOUD UTC: 2026-08-12T01:55:44.232009+00:00
-------------
Batch 0Nm_BPFI_03:140 from Motor8 received. Processing...
FFT for batch 0Nm_BPFI_03:140 published to Enterprise/Site/Area/Motor8/Analysis/Vibration/fft
Prediction for batch 0Nm_BPFI_03:140 published to Enterprise/Site/Area/Motor8/Analysis/Diagnosis/prediction
-----------------------------------------
[Motor9] raw_latency_ms=7936.793
[Motor9] EDGE UTC : 2026-08-12T01:55:36.454519+00:00
[Motor9] CLOUD UTC: 2026-08-12T01:55:44.391312+00:00
-------------
Batch 0Nm_BPFI_03:124 from Motor9 received. Processing...
FFT for batch 0Nm_BPFI_03:124 published to Enterprise/Site/Area/Motor9/Analysis/Vibration/fft
Prediction for batch 0Nm_BPFI_03:124 published to Enterprise/Site/Area/Motor9/Analysis/Diagnosis/prediction
-----------------------------------------
[Motor1] raw_latency_ms=7240.682
[Motor1] EDGE UTC : 2026-08-12T01:55:37.343889+00:00
[Motor1] CLOUD UTC: 2026-08-12T01:55:44.584571+00:00
-------------
Batch 0Nm_BPFI_03:108 from Motor1 received. Processing...
FFT for batch 0Nm_BPFI_03:108 published to Enterprise/Site/Area/Motor1/Analysis/Vibration/fft
Prediction for batch 0Nm_BPFI_03:108 published to Enterprise/Site/Area/Motor1/Analysis/Diagnosis/prediction
-----------------------------------------
[Motor4] raw_latency_ms=7394.286
[Motor4] EDGE UTC : 2026-08-12T01:55:37.350161+00:00
[Motor4] CLOUD UTC: 2026-08-12T01:55:44.744448+00:00
-------------
Batch 0Nm_BPFI_03:37 from Motor4 received. Processing...
FFT for batch 0Nm_BPFI_03:37 published to Enterprise/Site/Area/Motor4/Analysis/Vibration/fft
Prediction for batch 0Nm_BPFI_03:37 published to Enterprise/Site/Area/Motor4/Analysis/Diagnosis/prediction
-----------------------------------------
[Motor7] raw_latency_ms=7702.828
[Motor7] EDGE UTC : 2026-08-12T01:55:37.194228+00:00
[Motor7] CLOUD UTC: 2026-08-12T01:55:44.897056+00:00
-------------
Batch 0Nm_BPFI_03:157 from Motor7 received. Processing...
FFT for batch 0Nm_BPFI_03:157 published to Enterprise/Site/Area/Motor7/Analysis/Vibration/fft
Prediction for batch 0Nm_BPFI_03:157 published to Enterprise/Site/Area/Motor7/Analysis/Diagnosis/prediction
-----------------------------------------
[Motor3] raw_latency_ms=8170.909
[Motor3] EDGE UTC : 2026-08-12T01:55:36.913632+00:00
[Motor3] CLOUD UTC: 2026-08-12T01:55:45.084541+00:00
-------------
Batch 0Nm_BPFI_03:75 from Motor3 received. Processing...
FFT for batch 0Nm_BPFI_03:75 published to Enterprise/Site/Area/Motor3/Analysis/Vibration/fft
Prediction for batch 0Nm_BPFI_03:75 published to Enterprise/Site/Area/Motor3/Analysis/Diagnosis/prediction
-----------------------------------------
[Motor2] raw_latency_ms=7964.916
[Motor2] EDGE UTC : 2026-08-12T01:55:37.280750+00:00
[Motor2] CLOUD UTC: 2026-08-12T01:55:45.245666+00:00
-------------
Batch 0Nm_BPFI_03:88 from Motor2 received. Processing...
FFT for batch 0Nm_BPFI_03:88 published to Enterprise/Site/Area/Motor2/Analysis/Vibration/fft
Prediction for batch 0Nm_BPFI_03:88 published to Enterprise/Site/Area/Motor2/Analysis/Diagnosis/prediction
-----------------------------------------
[Motor5] raw_latency_ms=7773.269
[Motor5] EDGE UTC : 2026-08-12T01:55:37.649257+00:00
[Motor5] CLOUD UTC: 2026-08-12T01:55:45.422526+00:00
-------------
Batch 0Nm_BPFI_03:22 from Motor5 received. Processing...
FFT for batch 0Nm_BPFI_03:22 published to Enterprise/Site/Area/Motor5/Analysis/Vibration/fft
Prediction for batch 0Nm_BPFI_03:22 published to Enterprise/Site/Area/Motor5/Analysis/Diagnosis/prediction
-----------------------------------------
[Motor8] raw_latency_ms=7888.369
[Motor8] EDGE UTC : 2026-08-12T01:55:37.692039+00:00
[Motor8] CLOUD UTC: 2026-08-12T01:55:45.580408+00:00
-------------
Batch 0Nm_BPFI_03:141 from Motor8 received. Processing...
FFT for batch 0Nm_BPFI_03:141 published to Enterprise/Site/Area/Motor8/Analysis/Vibration/fft
Prediction for batch 0Nm_BPFI_03:141 published to Enterprise/Site/Area/Motor8/Analysis/Diagnosis/prediction
-----------------------------------------
[Motor9] raw_latency_ms=8319.633
[Motor9] EDGE UTC : 2026-08-12T01:55:37.459789+00:00
[Motor9] CLOUD UTC: 2026-08-12T01:55:45.779423+00:00
-------------
Batch 0Nm_BPFI_03:125 from Motor9 received. Processing...
FFT for batch 0Nm_BPFI_03:125 published to Enterprise/Site/Area/Motor9/Analysis/Vibration/fft
Prediction for batch 0Nm_BPFI_03:125 published to Enterprise/Site/Area/Motor9/Analysis/Diagnosis/prediction
-----------------------------------------
[Motor7] raw_latency_ms=7720.375
[Motor7] EDGE UTC : 2026-08-12T01:55:38.232100+00:00
[Motor7] CLOUD UTC: 2026-08-12T01:55:45.952475+00:00
-------------
Batch 0Nm_BPFI_03:158 from Motor7 received. Processing...
FFT for batch 0Nm_BPFI_03:158 published to Enterprise/Site/Area/Motor7/Analysis/Vibration/fft
Prediction for batch 0Nm_BPFI_03:158 published to Enterprise/Site/Area/Motor7/Analysis/Diagnosis/prediction
-----------------------------------------
[Motor4] raw_latency_ms=7724.966
[Motor4] EDGE UTC : 2026-08-12T01:55:38.400513+00:00
[Motor4] CLOUD UTC: 2026-08-12T01:55:46.125479+00:00
-------------
Batch 0Nm_BPFI_03:38 from Motor4 received. Processing...
FFT for batch 0Nm_BPFI_03:38 published to Enterprise/Site/Area/Motor4/Analysis/Vibration/fft
Prediction for batch 0Nm_BPFI_03:38 published to Enterprise/Site/Area/Motor4/Analysis/Diagnosis/prediction
-----------------------------------------
[Motor2] raw_latency_ms=8027.294
[Motor2] EDGE UTC : 2026-08-12T01:55:38.299417+00:00
[Motor2] CLOUD UTC: 2026-08-12T01:55:46.326711+00:00
-------------
Batch 0Nm_BPFI_03:89 from Motor2 received. Processing...
FFT for batch 0Nm_BPFI_03:89 published to Enterprise/Site/Area/Motor2/Analysis/Vibration/fft
Prediction for batch 0Nm_BPFI_03:89 published to Enterprise/Site/Area/Motor2/Analysis/Diagnosis/prediction
-----------------------------------------
[Motor1] raw_latency_ms=8115.727
[Motor1] EDGE UTC : 2026-08-12T01:55:38.385135+00:00
[Motor1] CLOUD UTC: 2026-08-12T01:55:46.500863+00:00
-------------
Batch 0Nm_BPFI_03:109 from Motor1 received. Processing...
FFT for batch 0Nm_BPFI_03:109 published to Enterprise/Site/Area/Motor1/Analysis/Vibration/fft
Prediction for batch 0Nm_BPFI_03:109 published to Enterprise/Site/Area/Motor1/Analysis/Diagnosis/prediction
-----------------------------------------
[Motor6] raw_latency_ms=9657.135
[Motor6] EDGE UTC : 2026-08-12T01:55:37.036515+00:00
[Motor6] CLOUD UTC: 2026-08-12T01:55:46.693650+00:00
-------------
Batch 0Nm_BPFI_03:9 from Motor6 received. Processing...
FFT for batch 0Nm_BPFI_03:9 published to Enterprise/Site/Area/Motor6/Analysis/Vibration/fft
Prediction for batch 0Nm_BPFI_03:9 published to Enterprise/Site/Area/Motor6/Analysis/Diagnosis/prediction
-----------------------------------------
[Motor3] raw_latency_ms=8936.654
[Motor3] EDGE UTC : 2026-08-12T01:55:37.919143+00:00
[Motor3] CLOUD UTC: 2026-08-12T01:55:46.855798+00:00
-------------
Batch 0Nm_BPFI_03:76 from Motor3 received. Processing...
FFT for batch 0Nm_BPFI_03:76 published to Enterprise/Site/Area/Motor3/Analysis/Vibration/fft
Prediction for batch 0Nm_BPFI_03:76 published to Enterprise/Site/Area/Motor3/Analysis/Diagnosis/prediction
-----------------------------------------
[Motor5] raw_latency_ms=8361.785
[Motor5] EDGE UTC : 2026-08-12T01:55:38.669993+00:00
[Motor5] CLOUD UTC: 2026-08-12T01:55:47.031778+00:00
-------------
Batch 0Nm_BPFI_03:23 from Motor5 received. Processing...
FFT for batch 0Nm_BPFI_03:23 published to Enterprise/Site/Area/Motor5/Analysis/Vibration/fft
Prediction for batch 0Nm_BPFI_03:23 published to Enterprise/Site/Area/Motor5/Analysis/Diagnosis/prediction
-----------------------------------------
[Motor8] raw_latency_ms=8517.117
[Motor8] EDGE UTC : 2026-08-12T01:55:38.712139+00:00
[Motor8] CLOUD UTC: 2026-08-12T01:55:47.229256+00:00
-------------
Batch 0Nm_BPFI_03:142 from Motor8 received. Processing...
FFT for batch 0Nm_BPFI_03:142 published to Enterprise/Site/Area/Motor8/Analysis/Vibration/fft
Prediction for batch 0Nm_BPFI_03:142 published to Enterprise/Site/Area/Motor8/Analysis/Diagnosis/prediction
-----------------------------------------
[Motor6] raw_latency_ms=9356.779
[Motor6] EDGE UTC : 2026-08-12T01:55:38.041532+00:00
[Motor6] CLOUD UTC: 2026-08-12T01:55:47.398311+00:00
-------------
Batch 0Nm_BPFI_03:10 from Motor6 received. Processing...
FFT for batch 0Nm_BPFI_03:10 published to Enterprise/Site/Area/Motor6/Analysis/Vibration/fft
Prediction for batch 0Nm_BPFI_03:10 published to Enterprise/Site/Area/Motor6/Analysis/Diagnosis/prediction
-----------------------------------------
[Motor7] raw_latency_ms=8335.808
[Motor7] EDGE UTC : 2026-08-12T01:55:39.270198+00:00
[Motor7] CLOUD UTC: 2026-08-12T01:55:47.606006+00:00
-------------
Batch 0Nm_BPFI_03:159 from Motor7 received. Processing...
FFT for batch 0Nm_BPFI_03:159 published to Enterprise/Site/Area/Motor7/Analysis/Vibration/fft
Prediction for batch 0Nm_BPFI_03:159 published to Enterprise/Site/Area/Motor7/Analysis/Diagnosis/prediction
-----------------------------------------
[Motor9] raw_latency_ms=9306.994
[Motor9] EDGE UTC : 2026-08-12T01:55:38.471500+00:00
[Motor9] CLOUD UTC: 2026-08-12T01:55:47.778494+00:00
-------------
Batch 0Nm_BPFI_03:126 from Motor9 received. Processing...
FFT for batch 0Nm_BPFI_03:126 published to Enterprise/Site/Area/Motor9/Analysis/Vibration/fft
Prediction for batch 0Nm_BPFI_03:126 published to Enterprise/Site/Area/Motor9/Analysis/Diagnosis/prediction
-----------------------------------------
[Motor1] raw_latency_ms=8511.732
[Motor1] EDGE UTC : 2026-08-12T01:55:39.425986+00:00
[Motor1] CLOUD UTC: 2026-08-12T01:55:47.937717+00:00
-------------
Batch 0Nm_BPFI_03:110 from Motor1 received. Processing...
FFT for batch 0Nm_BPFI_03:110 published to Enterprise/Site/Area/Motor1/Analysis/Vibration/fft
Prediction for batch 0Nm_BPFI_03:110 published to Enterprise/Site/Area/Motor1/Analysis/Diagnosis/prediction
-----------------------------------------
[Motor2] raw_latency_ms=8814.720
[Motor2] EDGE UTC : 2026-08-12T01:55:39.318060+00:00
[Motor2] CLOUD UTC: 2026-08-12T01:55:48.132780+00:00
-------------
Batch 0Nm_BPFI_03:90 from Motor2 received. Processing...
FFT for batch 0Nm_BPFI_03:90 published to Enterprise/Site/Area/Motor2/Analysis/Vibration/fft
Prediction for batch 0Nm_BPFI_03:90 published to Enterprise/Site/Area/Motor2/Analysis/Diagnosis/prediction
-----------------------------------------
[Motor3] raw_latency_ms=9415.412
[Motor3] EDGE UTC : 2026-08-12T01:55:38.924792+00:00
[Motor3] CLOUD UTC: 2026-08-12T01:55:48.340204+00:00
-------------
Batch 0Nm_BPFI_03:77 from Motor3 received. Processing...
FFT for batch 0Nm_BPFI_03:77 published to Enterprise/Site/Area/Motor3/Analysis/Vibration/fft
Prediction for batch 0Nm_BPFI_03:77 published to Enterprise/Site/Area/Motor3/Analysis/Diagnosis/prediction
-----------------------------------------
[Motor5] raw_latency_ms=8814.634
[Motor5] EDGE UTC : 2026-08-12T01:55:39.726774+00:00
[Motor5] CLOUD UTC: 2026-08-12T01:55:48.541409+00:00
-------------
Batch 0Nm_BPFI_03:24 from Motor5 received. Processing...
FFT for batch 0Nm_BPFI_03:24 published to Enterprise/Site/Area/Motor5/Analysis/Vibration/fft
Prediction for batch 0Nm_BPFI_03:24 published to Enterprise/Site/Area/Motor5/Analysis/Diagnosis/prediction
-----------------------------------------
[Motor8] raw_latency_ms=8944.962
[Motor8] EDGE UTC : 2026-08-12T01:55:39.777987+00:00
[Motor8] CLOUD UTC: 2026-08-12T01:55:48.722949+00:00
-------------
Batch 0Nm_BPFI_03:143 from Motor8 received. Processing...
FFT for batch 0Nm_BPFI_03:143 published to Enterprise/Site/Area/Motor8/Analysis/Vibration/fft
Prediction for batch 0Nm_BPFI_03:143 published to Enterprise/Site/Area/Motor8/Analysis/Diagnosis/prediction
-----------------------------------------
[Motor6] raw_latency_ms=9789.932
[Motor6] EDGE UTC : 2026-08-12T01:55:39.044955+00:00
[Motor6] CLOUD UTC: 2026-08-12T01:55:48.834887+00:00
-------------
Batch 0Nm_BPFI_03:11 from Motor6 received. Processing...
FFT for batch 0Nm_BPFI_03:11 published to Enterprise/Site/Area/Motor6/Analysis/Vibration/fft
Prediction for batch 0Nm_BPFI_03:11 published to Enterprise/Site/Area/Motor6/Analysis/Diagnosis/prediction
-----------------------------------------
[Motor9] raw_latency_ms=9458.553
[Motor9] EDGE UTC : 2026-08-12T01:55:39.477105+00:00
[Motor9] CLOUD UTC: 2026-08-12T01:55:48.935657+00:00
-------------
Batch 0Nm_BPFI_03:127 from Motor9 received. Processing...
FFT for batch 0Nm_BPFI_03:127 published to Enterprise/Site/Area/Motor9/Analysis/Vibration/fft
Prediction for batch 0Nm_BPFI_03:127 published to Enterprise/Site/Area/Motor9/Analysis/Diagnosis/prediction
-----------------------------------------
[Motor4] raw_latency_ms=8565.042
[Motor4] EDGE UTC : 2026-08-12T01:55:40.476539+00:00
[Motor4] CLOUD UTC: 2026-08-12T01:55:49.041580+00:00
-------------
Batch 0Nm_BPFI_03:40 from Motor4 received. Processing...
FFT for batch 0Nm_BPFI_03:40 published to Enterprise/Site/Area/Motor4/Analysis/Vibration/fft
Prediction for batch 0Nm_BPFI_03:40 published to Enterprise/Site/Area/Motor4/Analysis/Diagnosis/prediction
-----------------------------------------
[Motor7] raw_latency_ms=8840.737
[Motor7] EDGE UTC : 2026-08-12T01:55:40.308667+00:00
[Motor7] CLOUD UTC: 2026-08-12T01:55:49.149405+00:00
-------------
Batch 0Nm_BPFI_03:160 from Motor7 received. Processing...
FFT for batch 0Nm_BPFI_03:160 published to Enterprise/Site/Area/Motor7/Analysis/Vibration/fft
Prediction for batch 0Nm_BPFI_03:160 published to Enterprise/Site/Area/Motor7/Analysis/Diagnosis/prediction
-----------------------------------------
[Motor2] raw_latency_ms=8920.927
[Motor2] EDGE UTC : 2026-08-12T01:55:40.336668+00:00
[Motor2] CLOUD UTC: 2026-08-12T01:55:49.257595+00:00
-------------
Batch 0Nm_BPFI_03:91 from Motor2 received. Processing...
FFT for batch 0Nm_BPFI_03:91 published to Enterprise/Site/Area/Motor2/Analysis/Vibration/fft
Prediction for batch 0Nm_BPFI_03:91 published to Enterprise/Site/Area/Motor2/Analysis/Diagnosis/prediction
-----------------------------------------
[Motor1] raw_latency_ms=8893.024
[Motor1] EDGE UTC : 2026-08-12T01:55:40.468728+00:00
[Motor1] CLOUD UTC: 2026-08-12T01:55:49.361751+00:00
-------------
Batch 0Nm_BPFI_03:111 from Motor1 received. Processing...
FFT for batch 0Nm_BPFI_03:111 published to Enterprise/Site/Area/Motor1/Analysis/Vibration/fft
Prediction for batch 0Nm_BPFI_03:111 published to Enterprise/Site/Area/Motor1/Analysis/Diagnosis/prediction
-----------------------------------------
[Motor5] raw_latency_ms=8719.104
[Motor5] EDGE UTC : 2026-08-12T01:55:40.749582+00:00
[Motor5] CLOUD UTC: 2026-08-12T01:55:49.468686+00:00
-------------
Batch 0Nm_BPFI_03:25 from Motor5 received. Processing...
FFT for batch 0Nm_BPFI_03:25 published to Enterprise/Site/Area/Motor5/Analysis/Vibration/fft
Prediction for batch 0Nm_BPFI_03:25 published to Enterprise/Site/Area/Motor5/Analysis/Diagnosis/prediction
-----------------------------------------
[Motor3] raw_latency_ms=9642.276
[Motor3] EDGE UTC : 2026-08-12T01:55:39.928011+00:00
[Motor3] CLOUD UTC: 2026-08-12T01:55:49.570288+00:00
-------------
Batch 0Nm_BPFI_03:78 from Motor3 received. Processing...
FFT for batch 0Nm_BPFI_03:78 published to Enterprise/Site/Area/Motor3/Analysis/Vibration/fft
Prediction for batch 0Nm_BPFI_03:78 published to Enterprise/Site/Area/Motor3/Analysis/Diagnosis/prediction
-----------------------------------------
[Motor8] raw_latency_ms=8931.119
[Motor8] EDGE UTC : 2026-08-12T01:55:40.799228+00:00
[Motor8] CLOUD UTC: 2026-08-12T01:55:49.730347+00:00
-------------
Batch 0Nm_BPFI_03:144 from Motor8 received. Processing...
FFT for batch 0Nm_BPFI_03:144 published to Enterprise/Site/Area/Motor8/Analysis/Vibration/fft
Prediction for batch 0Nm_BPFI_03:144 published to Enterprise/Site/Area/Motor8/Analysis/Diagnosis/prediction
-----------------------------------------
[Motor6] raw_latency_ms=9785.964
[Motor6] EDGE UTC : 2026-08-12T01:55:40.055274+00:00
[Motor6] CLOUD UTC: 2026-08-12T01:55:49.841238+00:00
-------------
Batch 0Nm_BPFI_03:12 from Motor6 received. Processing...
FFT for batch 0Nm_BPFI_03:12 published to Enterprise/Site/Area/Motor6/Analysis/Vibration/fft
Prediction for batch 0Nm_BPFI_03:12 published to Enterprise/Site/Area/Motor6/Analysis/Diagnosis/prediction
-----------------------------------------
[Motor7] raw_latency_ms=8599.806
[Motor7] EDGE UTC : 2026-08-12T01:55:41.346861+00:00
[Motor7] CLOUD UTC: 2026-08-12T01:55:49.946667+00:00
-------------
Batch 0Nm_BPFI_03:161 from Motor7 received. Processing...
FFT for batch 0Nm_BPFI_03:161 published to Enterprise/Site/Area/Motor7/Analysis/Vibration/fft
Prediction for batch 0Nm_BPFI_03:161 published to Enterprise/Site/Area/Motor7/Analysis/Diagnosis/prediction
-----------------------------------------
[Motor1] raw_latency_ms=8545.718
[Motor1] EDGE UTC : 2026-08-12T01:55:41.510203+00:00
[Motor1] CLOUD UTC: 2026-08-12T01:55:50.055920+00:00
-------------
Batch 0Nm_BPFI_03:112 from Motor1 received. Processing...
FFT for batch 0Nm_BPFI_03:112 published to Enterprise/Site/Area/Motor1/Analysis/Vibration/fft
Prediction for batch 0Nm_BPFI_03:112 published to Enterprise/Site/Area/Motor1/Analysis/Diagnosis/prediction
-----------------------------------------
[Motor4] raw_latency_ms=8651.210
[Motor4] EDGE UTC : 2026-08-12T01:55:41.514605+00:00
[Motor4] CLOUD UTC: 2026-08-12T01:55:50.165815+00:00
-------------
Batch 0Nm_BPFI_03:41 from Motor4 received. Processing...
FFT for batch 0Nm_BPFI_03:41 published to Enterprise/Site/Area/Motor4/Analysis/Vibration/fft
Prediction for batch 0Nm_BPFI_03:41 published to Enterprise/Site/Area/Motor4/Analysis/Diagnosis/prediction
-----------------------------------------
[Motor9] raw_latency_ms=9792.522
[Motor9] EDGE UTC : 2026-08-12T01:55:40.480606+00:00
[Motor9] CLOUD UTC: 2026-08-12T01:55:50.273128+00:00
-------------
Batch 0Nm_BPFI_03:128 from Motor9 received. Processing...
FFT for batch 0Nm_BPFI_03:128 published to Enterprise/Site/Area/Motor9/Analysis/Vibration/fft
Prediction for batch 0Nm_BPFI_03:128 published to Enterprise/Site/Area/Motor9/Analysis/Diagnosis/prediction
-----------------------------------------
[Motor5] raw_latency_ms=8609.160
[Motor5] EDGE UTC : 2026-08-12T01:55:41.770257+00:00
[Motor5] CLOUD UTC: 2026-08-12T01:55:50.379418+00:00
-------------
Batch 0Nm_BPFI_03:26 from Motor5 received. Processing...
FFT for batch 0Nm_BPFI_03:26 published to Enterprise/Site/Area/Motor5/Analysis/Vibration/fft
Prediction for batch 0Nm_BPFI_03:26 published to Enterprise/Site/Area/Motor5/Analysis/Diagnosis/prediction
-----------------------------------------
[Motor8] raw_latency_ms=8672.024
[Motor8] EDGE UTC : 2026-08-12T01:55:41.819482+00:00
[Motor8] CLOUD UTC: 2026-08-12T01:55:50.491506+00:00
-------------
Batch 0Nm_BPFI_03:145 from Motor8 received. Processing...
FFT for batch 0Nm_BPFI_03:145 published to Enterprise/Site/Area/Motor8/Analysis/Vibration/fft
Prediction for batch 0Nm_BPFI_03:145 published to Enterprise/Site/Area/Motor8/Analysis/Diagnosis/prediction
-----------------------------------------
[Motor3] raw_latency_ms=9663.674
[Motor3] EDGE UTC : 2026-08-12T01:55:40.934141+00:00
[Motor3] CLOUD UTC: 2026-08-12T01:55:50.597815+00:00
-------------
Batch 0Nm_BPFI_03:79 from Motor3 received. Processing...
FFT for batch 0Nm_BPFI_03:79 published to Enterprise/Site/Area/Motor3/Analysis/Vibration/fft
Prediction for batch 0Nm_BPFI_03:79 published to Enterprise/Site/Area/Motor3/Analysis/Diagnosis/prediction
-----------------------------------------
[Motor6] raw_latency_ms=9690.661
[Motor6] EDGE UTC : 2026-08-12T01:55:41.061543+00:00
[Motor6] CLOUD UTC: 2026-08-12T01:55:50.752203+00:00
-------------
Batch 0Nm_BPFI_03:13 from Motor6 received. Processing...
FFT for batch 0Nm_BPFI_03:13 published to Enterprise/Site/Area/Motor6/Analysis/Vibration/fft
Prediction for batch 0Nm_BPFI_03:13 published to Enterprise/Site/Area/Motor6/Analysis/Diagnosis/prediction
-----------------------------------------
[Motor4] raw_latency_ms=8304.869
[Motor4] EDGE UTC : 2026-08-12T01:55:42.553329+00:00
[Motor4] CLOUD UTC: 2026-08-12T01:55:50.858198+00:00
-------------
Batch 0Nm_BPFI_03:42 from Motor4 received. Processing...
FFT for batch 0Nm_BPFI_03:42 published to Enterprise/Site/Area/Motor4/Analysis/Vibration/fft
Prediction for batch 0Nm_BPFI_03:42 published to Enterprise/Site/Area/Motor4/Analysis/Diagnosis/prediction
-----------------------------------------
[Motor9] raw_latency_ms=9480.253
[Motor9] EDGE UTC : 2026-08-12T01:55:41.486208+00:00
[Motor9] CLOUD UTC: 2026-08-12T01:55:50.966461+00:00
-------------
Batch 0Nm_BPFI_03:129 from Motor9 received. Processing...
FFT for batch 0Nm_BPFI_03:129 published to Enterprise/Site/Area/Motor9/Analysis/Vibration/fft
Prediction for batch 0Nm_BPFI_03:129 published to Enterprise/Site/Area/Motor9/Analysis/Diagnosis/prediction
-----------------------------------------
[Motor7] raw_latency_ms=8684.759
[Motor7] EDGE UTC : 2026-08-12T01:55:42.384720+00:00
[Motor7] CLOUD UTC: 2026-08-12T01:55:51.069480+00:00
-------------
Batch 0Nm_BPFI_03:162 from Motor7 received. Processing...
FFT for batch 0Nm_BPFI_03:162 published to Enterprise/Site/Area/Motor7/Analysis/Vibration/fft
Prediction for batch 0Nm_BPFI_03:162 published to Enterprise/Site/Area/Motor7/Analysis/Diagnosis/prediction
-----------------------------------------
[Motor2] raw_latency_ms=8798.868
[Motor2] EDGE UTC : 2026-08-12T01:55:42.380782+00:00
[Motor2] CLOUD UTC: 2026-08-12T01:55:51.179650+00:00
-------------
Batch 0Nm_BPFI_03:93 from Motor2 received. Processing...
FFT for batch 0Nm_BPFI_03:93 published to Enterprise/Site/Area/Motor2/Analysis/Vibration/fft
Prediction for batch 0Nm_BPFI_03:93 published to Enterprise/Site/Area/Motor2/Analysis/Diagnosis/prediction
-----------------------------------------
[Motor1] raw_latency_ms=8736.593
[Motor1] EDGE UTC : 2026-08-12T01:55:42.553361+00:00
[Motor1] CLOUD UTC: 2026-08-12T01:55:51.289954+00:00
-------------
Batch 0Nm_BPFI_03:113 from Motor1 received. Processing...
FFT for batch 0Nm_BPFI_03:113 published to Enterprise/Site/Area/Motor1/Analysis/Vibration/fft
Prediction for batch 0Nm_BPFI_03:113 published to Enterprise/Site/Area/Motor1/Analysis/Diagnosis/prediction
-----------------------------------------
[Motor5] raw_latency_ms=8610.416
[Motor5] EDGE UTC : 2026-08-12T01:55:42.790111+00:00
[Motor5] CLOUD UTC: 2026-08-12T01:55:51.400527+00:00
-------------
Batch 0Nm_BPFI_03:27 from Motor5 received. Processing...
FFT for batch 0Nm_BPFI_03:27 published to Enterprise/Site/Area/Motor5/Analysis/Vibration/fft
Prediction for batch 0Nm_BPFI_03:27 published to Enterprise/Site/Area/Motor5/Analysis/Diagnosis/prediction
-----------------------------------------
[Motor8] raw_latency_ms=8665.600
[Motor8] EDGE UTC : 2026-08-12T01:55:42.839583+00:00
[Motor8] CLOUD UTC: 2026-08-12T01:55:51.505184+00:00
-------------
Batch 0Nm_BPFI_03:146 from Motor8 received. Processing...
FFT for batch 0Nm_BPFI_03:146 published to Enterprise/Site/Area/Motor8/Analysis/Vibration/fft
Prediction for batch 0Nm_BPFI_03:146 published to Enterprise/Site/Area/Motor8/Analysis/Diagnosis/prediction
-----------------------------------------
[Motor3] raw_latency_ms=9671.624
[Motor3] EDGE UTC : 2026-08-12T01:55:41.940319+00:00
[Motor3] CLOUD UTC: 2026-08-12T01:55:51.611942+00:00
-------------
Batch 0Nm_BPFI_03:80 from Motor3 received. Processing...
FFT for batch 0Nm_BPFI_03:80 published to Enterprise/Site/Area/Motor3/Analysis/Vibration/fft
Prediction for batch 0Nm_BPFI_03:80 published to Enterprise/Site/Area/Motor3/Analysis/Diagnosis/prediction
-----------------------------------------
[Motor7] raw_latency_ms=8291.624
[Motor7] EDGE UTC : 2026-08-12T01:55:43.423022+00:00
[Motor7] CLOUD UTC: 2026-08-12T01:55:51.714646+00:00
-------------
Batch 0Nm_BPFI_03:163 from Motor7 received. Processing...
FFT for batch 0Nm_BPFI_03:163 published to Enterprise/Site/Area/Motor7/Analysis/Vibration/fft
Prediction for batch 0Nm_BPFI_03:163 published to Enterprise/Site/Area/Motor7/Analysis/Diagnosis/prediction
-----------------------------------------
[Motor6] raw_latency_ms=9774.365
[Motor6] EDGE UTC : 2026-08-12T01:55:42.067256+00:00
[Motor6] CLOUD UTC: 2026-08-12T01:55:51.841621+00:00
-------------
Batch 0Nm_BPFI_03:14 from Motor6 received. Processing...
FFT for batch 0Nm_BPFI_03:14 published to Enterprise/Site/Area/Motor6/Analysis/Vibration/fft
Prediction for batch 0Nm_BPFI_03:14 published to Enterprise/Site/Area/Motor6/Analysis/Diagnosis/prediction
-----------------------------------------
[Motor4] raw_latency_ms=8354.291
[Motor4] EDGE UTC : 2026-08-12T01:55:43.592496+00:00
[Motor4] CLOUD UTC: 2026-08-12T01:55:51.946787+00:00
-------------
Batch 0Nm_BPFI_03:43 from Motor4 received. Processing...
FFT for batch 0Nm_BPFI_03:43 published to Enterprise/Site/Area/Motor4/Analysis/Vibration/fft
Prediction for batch 0Nm_BPFI_03:43 published to Enterprise/Site/Area/Motor4/Analysis/Diagnosis/prediction
-----------------------------------------
[Motor5] raw_latency_ms=8244.378
[Motor5] EDGE UTC : 2026-08-12T01:55:43.812099+00:00
[Motor5] CLOUD UTC: 2026-08-12T01:55:52.056477+00:00
-------------
Batch 0Nm_BPFI_03:28 from Motor5 received. Processing...
FFT for batch 0Nm_BPFI_03:28 published to Enterprise/Site/Area/Motor5/Analysis/Vibration/fft
Prediction for batch 0Nm_BPFI_03:28 published to Enterprise/Site/Area/Motor5/Analysis/Diagnosis/prediction
-----------------------------------------
[Motor8] raw_latency_ms=8310.934
[Motor8] EDGE UTC : 2026-08-12T01:55:43.862010+00:00
[Motor8] CLOUD UTC: 2026-08-12T01:55:52.172944+00:00
-------------
Batch 0Nm_BPFI_03:147 from Motor8 received. Processing...
FFT for batch 0Nm_BPFI_03:147 published to Enterprise/Site/Area/Motor8/Analysis/Vibration/fft
Prediction for batch 0Nm_BPFI_03:147 published to Enterprise/Site/Area/Motor8/Analysis/Diagnosis/prediction
-----------------------------------------
[Motor3] raw_latency_ms=9333.310
[Motor3] EDGE UTC : 2026-08-12T01:55:42.947124+00:00
[Motor3] CLOUD UTC: 2026-08-12T01:55:52.280434+00:00
-------------
Batch 0Nm_BPFI_03:81 from Motor3 received. Processing...
FFT for batch 0Nm_BPFI_03:81 published to Enterprise/Site/Area/Motor3/Analysis/Vibration/fft
Prediction for batch 0Nm_BPFI_03:81 published to Enterprise/Site/Area/Motor3/Analysis/Diagnosis/prediction
-----------------------------------------
[Motor6] raw_latency_ms=9312.224
[Motor6] EDGE UTC : 2026-08-12T01:55:43.073958+00:00
[Motor6] CLOUD UTC: 2026-08-12T01:55:52.386182+00:00
-------------
Batch 0Nm_BPFI_03:15 from Motor6 received. Processing...
FFT for batch 0Nm_BPFI_03:15 published to Enterprise/Site/Area/Motor6/Analysis/Vibration/fft
Prediction for batch 0Nm_BPFI_03:15 published to Enterprise/Site/Area/Motor6/Analysis/Diagnosis/prediction
-----------------------------------------
[Motor4] raw_latency_ms=7863.613
[Motor4] EDGE UTC : 2026-08-12T01:55:44.630799+00:00
[Motor4] CLOUD UTC: 2026-08-12T01:55:52.494412+00:00
-------------
Batch 0Nm_BPFI_03:44 from Motor4 received. Processing...
FFT for batch 0Nm_BPFI_03:44 published to Enterprise/Site/Area/Motor4/Analysis/Vibration/fft
Prediction for batch 0Nm_BPFI_03:44 published to Enterprise/Site/Area/Motor4/Analysis/Diagnosis/prediction
-----------------------------------------
[Motor7] raw_latency_ms=8143.505
[Motor7] EDGE UTC : 2026-08-12T01:55:44.461405+00:00
[Motor7] CLOUD UTC: 2026-08-12T01:55:52.604910+00:00
-------------
Batch 0Nm_BPFI_03:164 from Motor7 received. Processing...
FFT for batch 0Nm_BPFI_03:164 published to Enterprise/Site/Area/Motor7/Analysis/Vibration/fft
Prediction for batch 0Nm_BPFI_03:164 published to Enterprise/Site/Area/Motor7/Analysis/Diagnosis/prediction
-----------------------------------------
[Motor9] raw_latency_ms=9225.142
[Motor9] EDGE UTC : 2026-08-12T01:55:43.495719+00:00
[Motor9] CLOUD UTC: 2026-08-12T01:55:52.720861+00:00
-------------
Batch 0Nm_BPFI_03:131 from Motor9 received. Processing...
FFT for batch 0Nm_BPFI_03:131 published to Enterprise/Site/Area/Motor9/Analysis/Vibration/fft
Prediction for batch 0Nm_BPFI_03:131 published to Enterprise/Site/Area/Motor9/Analysis/Diagnosis/prediction
-----------------------------------------
[Motor2] raw_latency_ms=8416.766
[Motor2] EDGE UTC : 2026-08-12T01:55:44.421581+00:00
[Motor2] CLOUD UTC: 2026-08-12T01:55:52.838346+00:00
-------------
Batch 0Nm_BPFI_03:95 from Motor2 received. Processing...
FFT for batch 0Nm_BPFI_03:95 published to Enterprise/Site/Area/Motor2/Analysis/Vibration/fft
Prediction for batch 0Nm_BPFI_03:95 published to Enterprise/Site/Area/Motor2/Analysis/Diagnosis/prediction
-----------------------------------------
[Motor1] raw_latency_ms=8299.103
[Motor1] EDGE UTC : 2026-08-12T01:55:44.645632+00:00
[Motor1] CLOUD UTC: 2026-08-12T01:55:52.944735+00:00
-------------
Batch 0Nm_BPFI_03:115 from Motor1 received. Processing...
FFT for batch 0Nm_BPFI_03:115 published to Enterprise/Site/Area/Motor1/Analysis/Vibration/fft
Prediction for batch 0Nm_BPFI_03:115 published to Enterprise/Site/Area/Motor1/Analysis/Diagnosis/prediction
-----------------------------------------
[Motor8] raw_latency_ms=8148.215
[Motor8] EDGE UTC : 2026-08-12T01:55:44.904296+00:00
[Motor8] CLOUD UTC: 2026-08-12T01:55:53.052511+00:00
-------------
Batch 0Nm_BPFI_03:148 from Motor8 received. Processing...
FFT for batch 0Nm_BPFI_03:148 published to Enterprise/Site/Area/Motor8/Analysis/Vibration/fft
Prediction for batch 0Nm_BPFI_03:148 published to Enterprise/Site/Area/Motor8/Analysis/Diagnosis/prediction
-----------------------------------------
[Motor5] raw_latency_ms=8350.288
[Motor5] EDGE UTC : 2026-08-12T01:55:44.858175+00:00
[Motor5] CLOUD UTC: 2026-08-12T01:55:53.208463+00:00
-------------
Batch 0Nm_BPFI_03:29 from Motor5 received. Processing...
FFT for batch 0Nm_BPFI_03:29 published to Enterprise/Site/Area/Motor5/Analysis/Vibration/fft
Prediction for batch 0Nm_BPFI_03:29 published to Enterprise/Site/Area/Motor5/Analysis/Diagnosis/prediction
-----------------------------------------
[Motor3] raw_latency_ms=9361.993
[Motor3] EDGE UTC : 2026-08-12T01:55:43.952710+00:00
[Motor3] CLOUD UTC: 2026-08-12T01:55:53.314703+00:00
-------------
Batch 0Nm_BPFI_03:82 from Motor3 received. Processing...
FFT for batch 0Nm_BPFI_03:82 published to Enterprise/Site/Area/Motor3/Analysis/Vibration/fft
Prediction for batch 0Nm_BPFI_03:82 published to Enterprise/Site/Area/Motor3/Analysis/Diagnosis/prediction
-----------------------------------------
[Motor6] raw_latency_ms=9349.712
[Motor6] EDGE UTC : 2026-08-12T01:55:44.080114+00:00
[Motor6] CLOUD UTC: 2026-08-12T01:55:53.429826+00:00
-------------
Batch 0Nm_BPFI_03:16 from Motor6 received. Processing...
FFT for batch 0Nm_BPFI_03:16 published to Enterprise/Site/Area/Motor6/Analysis/Vibration/fft
Prediction for batch 0Nm_BPFI_03:16 published to Enterprise/Site/Area/Motor6/Analysis/Diagnosis/prediction
-----------------------------------------
[Motor4] raw_latency_ms=7864.184
[Motor4] EDGE UTC : 2026-08-12T01:55:45.668985+00:00
[Motor4] CLOUD UTC: 2026-08-12T01:55:53.533170+00:00
-------------
Batch 0Nm_BPFI_03:45 from Motor4 received. Processing...
FFT for batch 0Nm_BPFI_03:45 published to Enterprise/Site/Area/Motor4/Analysis/Vibration/fft
Prediction for batch 0Nm_BPFI_03:45 published to Enterprise/Site/Area/Motor4/Analysis/Diagnosis/prediction
-----------------------------------------
[Motor6] raw_latency_ms=8552.396
[Motor6] EDGE UTC : 2026-08-12T01:55:45.086987+00:00
[Motor6] CLOUD UTC: 2026-08-12T01:55:53.639384+00:00
-------------
Batch 0Nm_BPFI_03:17 from Motor6 received. Processing...
FFT for batch 0Nm_BPFI_03:17 published to Enterprise/Site/Area/Motor6/Analysis/Vibration/fft
Prediction for batch 0Nm_BPFI_03:17 published to Enterprise/Site/Area/Motor6/Analysis/Diagnosis/prediction
-----------------------------------------
[Motor9] raw_latency_ms=8232.002
[Motor9] EDGE UTC : 2026-08-12T01:55:45.510580+00:00
[Motor9] CLOUD UTC: 2026-08-12T01:55:53.742583+00:00
-------------
Batch 0Nm_BPFI_03:133 from Motor9 received. Processing...
FFT for batch 0Nm_BPFI_03:133 published to Enterprise/Site/Area/Motor9/Analysis/Vibration/fft
Prediction for batch 0Nm_BPFI_03:133 published to Enterprise/Site/Area/Motor9/Analysis/Diagnosis/prediction
-----------------------------------------
[Motor4] raw_latency_ms=7161.252
[Motor4] EDGE UTC : 2026-08-12T01:55:46.707004+00:00
[Motor4] CLOUD UTC: 2026-08-12T01:55:53.868256+00:00
-------------
Batch 0Nm_BPFI_03:46 from Motor4 received. Processing...
FFT for batch 0Nm_BPFI_03:46 published to Enterprise/Site/Area/Motor4/Analysis/Vibration/fft
Prediction for batch 0Nm_BPFI_03:46 published to Enterprise/Site/Area/Motor4/Analysis/Diagnosis/prediction
-----------------------------------------
[Motor2] raw_latency_ms=7514.849
[Motor2] EDGE UTC : 2026-08-12T01:55:46.464792+00:00
[Motor2] CLOUD UTC: 2026-08-12T01:55:53.979641+00:00
-------------
Batch 0Nm_BPFI_03:97 from Motor2 received. Processing...
FFT for batch 0Nm_BPFI_03:97 published to Enterprise/Site/Area/Motor2/Analysis/Vibration/fft
Prediction for batch 0Nm_BPFI_03:97 published to Enterprise/Site/Area/Motor2/Analysis/Diagnosis/prediction
-----------------------------------------
[Motor7] raw_latency_ms=7551.010
[Motor7] EDGE UTC : 2026-08-12T01:55:46.537771+00:00
[Motor7] CLOUD UTC: 2026-08-12T01:55:54.088780+00:00
-------------
Batch 0Nm_BPFI_03:166 from Motor7 received. Processing...
FFT for batch 0Nm_BPFI_03:166 published to Enterprise/Site/Area/Motor7/Analysis/Vibration/fft
Prediction for batch 0Nm_BPFI_03:166 published to Enterprise/Site/Area/Motor7/Analysis/Diagnosis/prediction
-----------------------------------------
[Motor1] raw_latency_ms=7454.693
[Motor1] EDGE UTC : 2026-08-12T01:55:46.738445+00:00
[Motor1] CLOUD UTC: 2026-08-12T01:55:54.193137+00:00
-------------
Batch 0Nm_BPFI_03:117 from Motor1 received. Processing...
FFT for batch 0Nm_BPFI_03:117 published to Enterprise/Site/Area/Motor1/Analysis/Vibration/fft
Prediction for batch 0Nm_BPFI_03:117 published to Enterprise/Site/Area/Motor1/Analysis/Diagnosis/prediction
-----------------------------------------
[Motor3] raw_latency_ms=8344.626
[Motor3] EDGE UTC : 2026-08-12T01:55:45.964593+00:00
[Motor3] CLOUD UTC: 2026-08-12T01:55:54.309219+00:00
-------------
Batch 0Nm_BPFI_03:84 from Motor3 received. Processing...
FFT for batch 0Nm_BPFI_03:84 published to Enterprise/Site/Area/Motor3/Analysis/Vibration/fft
Prediction for batch 0Nm_BPFI_03:84 published to Enterprise/Site/Area/Motor3/Analysis/Diagnosis/prediction
-----------------------------------------
[Motor8] raw_latency_ms=7463.623
[Motor8] EDGE UTC : 2026-08-12T01:55:46.951152+00:00
[Motor8] CLOUD UTC: 2026-08-12T01:55:54.414775+00:00
-------------
Batch 0Nm_BPFI_03:150 from Motor8 received. Processing...
FFT for batch 0Nm_BPFI_03:150 published to Enterprise/Site/Area/Motor8/Analysis/Vibration/fft
Prediction for batch 0Nm_BPFI_03:150 published to Enterprise/Site/Area/Motor8/Analysis/Diagnosis/prediction
-----------------------------------------
[Motor6] raw_latency_ms=8437.173
[Motor6] EDGE UTC : 2026-08-12T01:55:46.093078+00:00
[Motor6] CLOUD UTC: 2026-08-12T01:55:54.530251+00:00
-------------
Batch 0Nm_BPFI_03:18 from Motor6 received. Processing...
FFT for batch 0Nm_BPFI_03:18 published to Enterprise/Site/Area/Motor6/Analysis/Vibration/fft
Prediction for batch 0Nm_BPFI_03:18 published to Enterprise/Site/Area/Motor6/Analysis/Diagnosis/prediction
-----------------------------------------
[Motor5] raw_latency_ms=7739.682
[Motor5] EDGE UTC : 2026-08-12T01:55:46.897662+00:00
[Motor5] CLOUD UTC: 2026-08-12T01:55:54.637344+00:00
-------------
Batch 0Nm_BPFI_03:31 from Motor5 received. Processing...
FFT for batch 0Nm_BPFI_03:31 published to Enterprise/Site/Area/Motor5/Analysis/Vibration/fft
Prediction for batch 0Nm_BPFI_03:31 published to Enterprise/Site/Area/Motor5/Analysis/Diagnosis/prediction
-----------------------------------------
[Motor9] raw_latency_ms=8229.327
[Motor9] EDGE UTC : 2026-08-12T01:55:46.516156+00:00
[Motor9] CLOUD UTC: 2026-08-12T01:55:54.745482+00:00
-------------
Batch 0Nm_BPFI_03:134 from Motor9 received. Processing...
FFT for batch 0Nm_BPFI_03:134 published to Enterprise/Site/Area/Motor9/Analysis/Vibration/fft
Prediction for batch 0Nm_BPFI_03:134 published to Enterprise/Site/Area/Motor9/Analysis/Diagnosis/prediction
-----------------------------------------
[Motor3] raw_latency_ms=7889.322
[Motor3] EDGE UTC : 2026-08-12T01:55:46.970867+00:00
[Motor3] CLOUD UTC: 2026-08-12T01:55:54.860189+00:00
-------------
Batch 0Nm_BPFI_03:85 from Motor3 received. Processing...
FFT for batch 0Nm_BPFI_03:85 published to Enterprise/Site/Area/Motor3/Analysis/Vibration/fft
Prediction for batch 0Nm_BPFI_03:85 published to Enterprise/Site/Area/Motor3/Analysis/Diagnosis/prediction
-----------------------------------------
[Motor6] raw_latency_ms=7871.011
[Motor6] EDGE UTC : 2026-08-12T01:55:47.099583+00:00
[Motor6] CLOUD UTC: 2026-08-12T01:55:54.970594+00:00
-------------
Batch 0Nm_BPFI_03:19 from Motor6 received. Processing...
FFT for batch 0Nm_BPFI_03:19 published to Enterprise/Site/Area/Motor6/Analysis/Vibration/fft
Prediction for batch 0Nm_BPFI_03:19 published to Enterprise/Site/Area/Motor6/Analysis/Diagnosis/prediction
-----------------------------------------
[Motor9] raw_latency_ms=7550.352
[Motor9] EDGE UTC : 2026-08-12T01:55:47.522202+00:00
[Motor9] CLOUD UTC: 2026-08-12T01:55:55.072554+00:00
-------------
Batch 0Nm_BPFI_03:135 from Motor9 received. Processing...
FFT for batch 0Nm_BPFI_03:135 published to Enterprise/Site/Area/Motor9/Analysis/Vibration/fft
Prediction for batch 0Nm_BPFI_03:135 published to Enterprise/Site/Area/Motor9/Analysis/Diagnosis/prediction
-----------------------------------------
[Motor7] raw_latency_ms=6570.478
[Motor7] EDGE UTC : 2026-08-12T01:55:48.614214+00:00
[Motor7] CLOUD UTC: 2026-08-12T01:55:55.184693+00:00
-------------
Batch 0Nm_BPFI_03:168 from Motor7 received. Processing...
FFT for batch 0Nm_BPFI_03:168 published to Enterprise/Site/Area/Motor7/Analysis/Vibration/fft
Prediction for batch 0Nm_BPFI_03:168 published to Enterprise/Site/Area/Motor7/Analysis/Diagnosis/prediction
-----------------------------------------
[Motor2] raw_latency_ms=6785.200
[Motor2] EDGE UTC : 2026-08-12T01:55:48.505570+00:00
[Motor2] CLOUD UTC: 2026-08-12T01:55:55.290771+00:00
-------------
Batch 0Nm_BPFI_03:99 from Motor2 received. Processing...
FFT for batch 0Nm_BPFI_03:99 published to Enterprise/Site/Area/Motor2/Analysis/Vibration/fft
Prediction for batch 0Nm_BPFI_03:99 published to Enterprise/Site/Area/Motor2/Analysis/Diagnosis/prediction
-----------------------------------------
Error processing batch: 'utf-8' codec can't decode byte 0xec in position 5: invalid continuation byte
[Motor9] raw_latency_ms=6918.390
[Motor9] EDGE UTC : 2026-08-12T01:55:48.527878+00:00
[Motor9] CLOUD UTC: 2026-08-12T01:55:55.446267+00:00
-------------
Batch 0Nm_BPFI_03:136 from Motor9 received. Processing...
FFT for batch 0Nm_BPFI_03:136 published to Enterprise/Site/Area/Motor9/Analysis/Vibration/fft
Prediction for batch 0Nm_BPFI_03:136 published to Enterprise/Site/Area/Motor9/Analysis/Diagnosis/prediction
-----------------------------------------
[Motor5] raw_latency_ms=6607.120
[Motor5] EDGE UTC : 2026-08-12T01:55:48.942724+00:00
[Motor5] CLOUD UTC: 2026-08-12T01:55:55.549843+00:00
-------------
Batch 0Nm_BPFI_03:33 from Motor5 received. Processing...
FFT for batch 0Nm_BPFI_03:33 published to Enterprise/Site/Area/Motor5/Analysis/Vibration/fft
Prediction for batch 0Nm_BPFI_03:33 published to Enterprise/Site/Area/Motor5/Analysis/Diagnosis/prediction
-----------------------------------------
[Motor8] raw_latency_ms=6662.408
[Motor8] EDGE UTC : 2026-08-12T01:55:48.996580+00:00
[Motor8] CLOUD UTC: 2026-08-12T01:55:55.658989+00:00
-------------
Batch 0Nm_BPFI_03:152 from Motor8 received. Processing...
FFT for batch 0Nm_BPFI_03:152 published to Enterprise/Site/Area/Motor8/Analysis/Vibration/fft
Prediction for batch 0Nm_BPFI_03:152 published to Enterprise/Site/Area/Motor8/Analysis/Diagnosis/prediction
-----------------------------------------
[Motor1] raw_latency_ms=6931.979
[Motor1] EDGE UTC : 2026-08-12T01:55:48.834576+00:00
[Motor1] CLOUD UTC: 2026-08-12T01:55:55.766555+00:00
-------------
Batch 0Nm_BPFI_03:119 from Motor1 received. Processing...
FFT for batch 0Nm_BPFI_03:119 published to Enterprise/Site/Area/Motor1/Analysis/Vibration/fft
Prediction for batch 0Nm_BPFI_03:119 published to Enterprise/Site/Area/Motor1/Analysis/Diagnosis/prediction
-----------------------------------------
[Motor3] raw_latency_ms=6897.872
[Motor3] EDGE UTC : 2026-08-12T01:55:48.980327+00:00
[Motor3] CLOUD UTC: 2026-08-12T01:55:55.878200+00:00
-------------
Batch 0Nm_BPFI_03:87 from Motor3 received. Processing...
FFT for batch 0Nm_BPFI_03:87 published to Enterprise/Site/Area/Motor3/Analysis/Vibration/fft
Prediction for batch 0Nm_BPFI_03:87 published to Enterprise/Site/Area/Motor3/Analysis/Diagnosis/prediction
-----------------------------------------
[Motor6] raw_latency_ms=6880.538
[Motor6] EDGE UTC : 2026-08-12T01:55:49.109096+00:00
[Motor6] CLOUD UTC: 2026-08-12T01:55:55.989634+00:00
-------------
Batch 0Nm_BPFI_03:21 from Motor6 received. Processing...
FFT for batch 0Nm_BPFI_03:21 published to Enterprise/Site/Area/Motor6/Analysis/Vibration/fft
Prediction for batch 0Nm_BPFI_03:21 published to Enterprise/Site/Area/Motor6/Analysis/Diagnosis/prediction
-----------------------------------------
[Motor7] raw_latency_ms=6446.414
[Motor7] EDGE UTC : 2026-08-12T01:55:49.656265+00:00
[Motor7] CLOUD UTC: 2026-08-12T01:55:56.102678+00:00
-------------
Batch 0Nm_BPFI_03:169 from Motor7 received. Processing...
FFT for batch 0Nm_BPFI_03:169 published to Enterprise/Site/Area/Motor7/Analysis/Vibration/fft
Prediction for batch 0Nm_BPFI_03:169 published to Enterprise/Site/Area/Motor7/Analysis/Diagnosis/prediction
-----------------------------------------
[Motor9] raw_latency_ms=6678.708
[Motor9] EDGE UTC : 2026-08-12T01:55:49.531045+00:00
[Motor9] CLOUD UTC: 2026-08-12T01:55:56.209753+00:00
-------------
Batch 0Nm_BPFI_03:137 from Motor9 received. Processing...
FFT for batch 0Nm_BPFI_03:137 published to Enterprise/Site/Area/Motor9/Analysis/Vibration/fft
Prediction for batch 0Nm_BPFI_03:137 published to Enterprise/Site/Area/Motor9/Analysis/Diagnosis/prediction
-----------------------------------------
[Motor2] raw_latency_ms=6791.965
[Motor2] EDGE UTC : 2026-08-12T01:55:49.526953+00:00
[Motor2] CLOUD UTC: 2026-08-12T01:55:56.318918+00:00
-------------
Batch 0Nm_BPFI_03:100 from Motor2 received. Processing...
FFT for batch 0Nm_BPFI_03:100 published to Enterprise/Site/Area/Motor2/Analysis/Vibration/fft
Prediction for batch 0Nm_BPFI_03:100 published to Enterprise/Site/Area/Motor2/Analysis/Diagnosis/prediction
-----------------------------------------
[Motor4] raw_latency_ms=6567.734
[Motor4] EDGE UTC : 2026-08-12T01:55:49.857875+00:00
[Motor4] CLOUD UTC: 2026-08-12T01:55:56.425609+00:00
-------------
Batch 0Nm_BPFI_03:49 from Motor4 received. Processing...
FFT for batch 0Nm_BPFI_03:49 published to Enterprise/Site/Area/Motor4/Analysis/Vibration/fft
Prediction for batch 0Nm_BPFI_03:49 published to Enterprise/Site/Area/Motor4/Analysis/Diagnosis/prediction
-----------------------------------------
[Motor5] raw_latency_ms=6589.092
[Motor5] EDGE UTC : 2026-08-12T01:55:49.981104+00:00
[Motor5] CLOUD UTC: 2026-08-12T01:55:56.570196+00:00
-------------
Batch 0Nm_BPFI_03:34 from Motor5 received. Processing...
FFT for batch 0Nm_BPFI_03:34 published to Enterprise/Site/Area/Motor5/Analysis/Vibration/fft
Prediction for batch 0Nm_BPFI_03:34 published to Enterprise/Site/Area/Motor5/Analysis/Diagnosis/prediction
-----------------------------------------
[Motor3] raw_latency_ms=6688.726
[Motor3] EDGE UTC : 2026-08-12T01:55:49.984294+00:00
[Motor3] CLOUD UTC: 2026-08-12T01:55:56.673020+00:00
-------------
Batch 0Nm_BPFI_03:88 from Motor3 received. Processing...
FFT for batch 0Nm_BPFI_03:88 published to Enterprise/Site/Area/Motor3/Analysis/Vibration/fft
Prediction for batch 0Nm_BPFI_03:88 published to Enterprise/Site/Area/Motor3/Analysis/Diagnosis/prediction
-----------------------------------------
[Motor1] raw_latency_ms=6903.170
[Motor1] EDGE UTC : 2026-08-12T01:55:49.876938+00:00
[Motor1] CLOUD UTC: 2026-08-12T01:55:56.780108+00:00
-------------
Batch 0Nm_BPFI_03:120 from Motor1 received. Processing...
FFT for batch 0Nm_BPFI_03:120 published to Enterprise/Site/Area/Motor1/Analysis/Vibration/fft
Prediction for batch 0Nm_BPFI_03:120 published to Enterprise/Site/Area/Motor1/Analysis/Diagnosis/prediction
-----------------------------------------
[Motor6] raw_latency_ms=6771.625
[Motor6] EDGE UTC : 2026-08-12T01:55:50.113621+00:00
[Motor6] CLOUD UTC: 2026-08-12T01:55:56.885247+00:00
-------------
Batch 0Nm_BPFI_03:22 from Motor6 received. Processing...
FFT for batch 0Nm_BPFI_03:22 published to Enterprise/Site/Area/Motor6/Analysis/Vibration/fft
Prediction for batch 0Nm_BPFI_03:22 published to Enterprise/Site/Area/Motor6/Analysis/Diagnosis/prediction
-----------------------------------------
[Motor9] raw_latency_ms=6471.704
[Motor9] EDGE UTC : 2026-08-12T01:55:50.536847+00:00
[Motor9] CLOUD UTC: 2026-08-12T01:55:57.008550+00:00
-------------
Batch 0Nm_BPFI_03:138 from Motor9 received. Processing...
FFT for batch 0Nm_BPFI_03:138 published to Enterprise/Site/Area/Motor9/Analysis/Vibration/fft
Prediction for batch 0Nm_BPFI_03:138 published to Enterprise/Site/Area/Motor9/Analysis/Diagnosis/prediction
-----------------------------------------
[Motor8] raw_latency_ms=7089.367
[Motor8] EDGE UTC : 2026-08-12T01:55:50.023306+00:00
[Motor8] CLOUD UTC: 2026-08-12T01:55:57.112673+00:00
-------------
Batch 0Nm_BPFI_03:153 from Motor8 received. Processing...
FFT for batch 0Nm_BPFI_03:153 published to Enterprise/Site/Area/Motor8/Analysis/Vibration/fft
Prediction for batch 0Nm_BPFI_03:153 published to Enterprise/Site/Area/Motor8/Analysis/Diagnosis/prediction
-----------------------------------------
[Motor7] raw_latency_ms=6565.005
[Motor7] EDGE UTC : 2026-08-12T01:55:50.694201+00:00
[Motor7] CLOUD UTC: 2026-08-12T01:55:57.259206+00:00
-------------
Batch 0Nm_BPFI_03:170 from Motor7 received. Processing...
FFT for batch 0Nm_BPFI_03:170 published to Enterprise/Site/Area/Motor7/Analysis/Vibration/fft
Prediction for batch 0Nm_BPFI_03:170 published to Enterprise/Site/Area/Motor7/Analysis/Diagnosis/prediction
-----------------------------------------
[Motor2] raw_latency_ms=6814.337
[Motor2] EDGE UTC : 2026-08-12T01:55:50.548677+00:00
[Motor2] CLOUD UTC: 2026-08-12T01:55:57.363014+00:00
-------------
Batch 0Nm_BPFI_03:101 from Motor2 received. Processing...
FFT for batch 0Nm_BPFI_03:101 published to Enterprise/Site/Area/Motor2/Analysis/Vibration/fft
Prediction for batch 0Nm_BPFI_03:101 published to Enterprise/Site/Area/Motor2/Analysis/Diagnosis/prediction
-----------------------------------------
[Motor4] raw_latency_ms=6576.495
[Motor4] EDGE UTC : 2026-08-12T01:55:50.895980+00:00
[Motor4] CLOUD UTC: 2026-08-12T01:55:57.472475+00:00
-------------
Batch 0Nm_BPFI_03:50 from Motor4 received. Processing...
FFT for batch 0Nm_BPFI_03:50 published to Enterprise/Site/Area/Motor4/Analysis/Vibration/fft
Prediction for batch 0Nm_BPFI_03:50 published to Enterprise/Site/Area/Motor4/Analysis/Diagnosis/prediction
-----------------------------------------
