Streaming output truncated to the last 5000 lines.
[Motor2] CLOUD UTC: 2026-08-11T13:02:01.887016+00:00
-------------
Batch 0Nm_BPFI_03:20 from Motor2 received. Processing...
FFT for batch 0Nm_BPFI_03:20 published to Enterprise/Site/Area/Motor2/Analysis/Vibration/fft
Prediction for batch 0Nm_BPFI_03:20 published to Enterprise/Site/Area/Motor2/Analysis/Diagnosis/prediction
-----------------------------------------
[Motor3] raw_latency_ms=396.310
[Motor3] EDGE UTC : 2026-08-11T13:02:01.597816+00:00
[Motor3] CLOUD UTC: 2026-08-11T13:02:01.994126+00:00
-------------
Batch 0Nm_BPFI_03:107 from Motor3 received. Processing...
FFT for batch 0Nm_BPFI_03:107 published to Enterprise/Site/Area/Motor3/Analysis/Vibration/fft
Prediction for batch 0Nm_BPFI_03:107 published to Enterprise/Site/Area/Motor3/Analysis/Diagnosis/prediction
-----------------------------------------
[Motor1] raw_latency_ms=542.104
[Motor1] EDGE UTC : 2026-08-11T13:02:01.563680+00:00
[Motor1] CLOUD UTC: 2026-08-11T13:02:02.105784+00:00
-------------
Batch 0Nm_BPFI_03:16 from Motor1 received. Processing...
FFT for batch 0Nm_BPFI_03:16 published to Enterprise/Site/Area/Motor1/Analysis/Vibration/fft
Prediction for batch 0Nm_BPFI_03:16 published to Enterprise/Site/Area/Motor1/Analysis/Diagnosis/prediction
-----------------------------------------
[Motor2] raw_latency_ms=485.641
[Motor2] EDGE UTC : 2026-08-11T13:02:02.424058+00:00
[Motor2] CLOUD UTC: 2026-08-11T13:02:02.909699+00:00
-------------
Batch 0Nm_BPFI_03:21 from Motor2 received. Processing...
FFT for batch 0Nm_BPFI_03:21 published to Enterprise/Site/Area/Motor2/Analysis/Vibration/fft
Prediction for batch 0Nm_BPFI_03:21 published to Enterprise/Site/Area/Motor2/Analysis/Diagnosis/prediction
-----------------------------------------
[Motor3] raw_latency_ms=415.172
[Motor3] EDGE UTC : 2026-08-11T13:02:02.601200+00:00
[Motor3] CLOUD UTC: 2026-08-11T13:02:03.016372+00:00
-------------
Batch 0Nm_BPFI_03:108 from Motor3 received. Processing...
FFT for batch 0Nm_BPFI_03:108 published to Enterprise/Site/Area/Motor3/Analysis/Vibration/fft
Prediction for batch 0Nm_BPFI_03:108 published to Enterprise/Site/Area/Motor3/Analysis/Diagnosis/prediction
-----------------------------------------
[Motor1] raw_latency_ms=524.836
[Motor1] EDGE UTC : 2026-08-11T13:02:02.601907+00:00
[Motor1] CLOUD UTC: 2026-08-11T13:02:03.126743+00:00
-------------
Batch 0Nm_BPFI_03:17 from Motor1 received. Processing...
FFT for batch 0Nm_BPFI_03:17 published to Enterprise/Site/Area/Motor1/Analysis/Vibration/fft
Prediction for batch 0Nm_BPFI_03:17 published to Enterprise/Site/Area/Motor1/Analysis/Diagnosis/prediction
-----------------------------------------
[Motor2] raw_latency_ms=482.171
[Motor2] EDGE UTC : 2026-08-11T13:02:03.442320+00:00
[Motor2] CLOUD UTC: 2026-08-11T13:02:03.924491+00:00
-------------
Batch 0Nm_BPFI_03:22 from Motor2 received. Processing...
FFT for batch 0Nm_BPFI_03:22 published to Enterprise/Site/Area/Motor2/Analysis/Vibration/fft
Prediction for batch 0Nm_BPFI_03:22 published to Enterprise/Site/Area/Motor2/Analysis/Diagnosis/prediction
-----------------------------------------
[Motor3] raw_latency_ms=424.979
[Motor3] EDGE UTC : 2026-08-11T13:02:03.607004+00:00
[Motor3] CLOUD UTC: 2026-08-11T13:02:04.031984+00:00
-------------
Batch 0Nm_BPFI_03:109 from Motor3 received. Processing...
FFT for batch 0Nm_BPFI_03:109 published to Enterprise/Site/Area/Motor3/Analysis/Vibration/fft
Prediction for batch 0Nm_BPFI_03:109 published to Enterprise/Site/Area/Motor3/Analysis/Diagnosis/prediction
-----------------------------------------
[Motor1] raw_latency_ms=535.642
[Motor1] EDGE UTC : 2026-08-11T13:02:03.639907+00:00
[Motor1] CLOUD UTC: 2026-08-11T13:02:04.175549+00:00
-------------
Batch 0Nm_BPFI_03:18 from Motor1 received. Processing...
FFT for batch 0Nm_BPFI_03:18 published to Enterprise/Site/Area/Motor1/Analysis/Vibration/fft
Prediction for batch 0Nm_BPFI_03:18 published to Enterprise/Site/Area/Motor1/Analysis/Diagnosis/prediction
-----------------------------------------
[Motor2] raw_latency_ms=472.777
[Motor2] EDGE UTC : 2026-08-11T13:02:04.460946+00:00
[Motor2] CLOUD UTC: 2026-08-11T13:02:04.933723+00:00
-------------
Batch 0Nm_BPFI_03:23 from Motor2 received. Processing...
FFT for batch 0Nm_BPFI_03:23 published to Enterprise/Site/Area/Motor2/Analysis/Vibration/fft
Prediction for batch 0Nm_BPFI_03:23 published to Enterprise/Site/Area/Motor2/Analysis/Diagnosis/prediction
-----------------------------------------
[Motor3] raw_latency_ms=467.666
[Motor3] EDGE UTC : 2026-08-11T13:02:04.614260+00:00
[Motor3] CLOUD UTC: 2026-08-11T13:02:05.081926+00:00
-------------
Batch 0Nm_BPFI_03:110 from Motor3 received. Processing...
FFT for batch 0Nm_BPFI_03:110 published to Enterprise/Site/Area/Motor3/Analysis/Vibration/fft
Prediction for batch 0Nm_BPFI_03:110 published to Enterprise/Site/Area/Motor3/Analysis/Diagnosis/prediction
-----------------------------------------
[Motor1] raw_latency_ms=516.360
[Motor1] EDGE UTC : 2026-08-11T13:02:04.677817+00:00
[Motor1] CLOUD UTC: 2026-08-11T13:02:05.194176+00:00
-------------
Batch 0Nm_BPFI_03:19 from Motor1 received. Processing...
FFT for batch 0Nm_BPFI_03:19 published to Enterprise/Site/Area/Motor1/Analysis/Vibration/fft
Prediction for batch 0Nm_BPFI_03:19 published to Enterprise/Site/Area/Motor1/Analysis/Diagnosis/prediction
-----------------------------------------
[Motor2] raw_latency_ms=513.698
[Motor2] EDGE UTC : 2026-08-11T13:02:05.515018+00:00
[Motor2] CLOUD UTC: 2026-08-11T13:02:06.028716+00:00
-------------
Batch 0Nm_BPFI_03:24 from Motor2 received. Processing...
FFT for batch 0Nm_BPFI_03:24 published to Enterprise/Site/Area/Motor2/Analysis/Vibration/fft
Prediction for batch 0Nm_BPFI_03:24 published to Enterprise/Site/Area/Motor2/Analysis/Diagnosis/prediction
-----------------------------------------
[Motor3] raw_latency_ms=589.403
[Motor3] EDGE UTC : 2026-08-11T13:02:05.620435+00:00
[Motor3] CLOUD UTC: 2026-08-11T13:02:06.209839+00:00
-------------
Batch 0Nm_BPFI_03:111 from Motor3 received. Processing...
FFT for batch 0Nm_BPFI_03:111 published to Enterprise/Site/Area/Motor3/Analysis/Vibration/fft
Prediction for batch 0Nm_BPFI_03:111 published to Enterprise/Site/Area/Motor3/Analysis/Diagnosis/prediction
-----------------------------------------
[Motor1] raw_latency_ms=745.211
[Motor1] EDGE UTC : 2026-08-11T13:02:05.716156+00:00
[Motor1] CLOUD UTC: 2026-08-11T13:02:06.461367+00:00
-------------
Batch 0Nm_BPFI_03:20 from Motor1 received. Processing...
FFT for batch 0Nm_BPFI_03:20 published to Enterprise/Site/Area/Motor1/Analysis/Vibration/fft
Prediction for batch 0Nm_BPFI_03:20 published to Enterprise/Site/Area/Motor1/Analysis/Diagnosis/prediction
-----------------------------------------
[Motor2] raw_latency_ms=490.802
[Motor2] EDGE UTC : 2026-08-11T13:02:06.562774+00:00
[Motor2] CLOUD UTC: 2026-08-11T13:02:07.053576+00:00
-------------
Batch 0Nm_BPFI_03:25 from Motor2 received. Processing...
FFT for batch 0Nm_BPFI_03:25 published to Enterprise/Site/Area/Motor2/Analysis/Vibration/fft
Prediction for batch 0Nm_BPFI_03:25 published to Enterprise/Site/Area/Motor2/Analysis/Diagnosis/prediction
-----------------------------------------
[Motor3] raw_latency_ms=536.873
[Motor3] EDGE UTC : 2026-08-11T13:02:06.626702+00:00
[Motor3] CLOUD UTC: 2026-08-11T13:02:07.163575+00:00
-------------
Batch 0Nm_BPFI_03:112 from Motor3 received. Processing...
FFT for batch 0Nm_BPFI_03:112 published to Enterprise/Site/Area/Motor3/Analysis/Vibration/fft
Prediction for batch 0Nm_BPFI_03:112 published to Enterprise/Site/Area/Motor3/Analysis/Diagnosis/prediction
-----------------------------------------
[Motor1] raw_latency_ms=551.271
[Motor1] EDGE UTC : 2026-08-11T13:02:06.760381+00:00
[Motor1] CLOUD UTC: 2026-08-11T13:02:07.311652+00:00
-------------
Batch 0Nm_BPFI_03:21 from Motor1 received. Processing...
FFT for batch 0Nm_BPFI_03:21 published to Enterprise/Site/Area/Motor1/Analysis/Vibration/fft
Prediction for batch 0Nm_BPFI_03:21 published to Enterprise/Site/Area/Motor1/Analysis/Diagnosis/prediction
-----------------------------------------
[Motor3] raw_latency_ms=533.611
[Motor3] EDGE UTC : 2026-08-11T13:02:07.636027+00:00
[Motor3] CLOUD UTC: 2026-08-11T13:02:08.169638+00:00
-------------
Batch 0Nm_BPFI_03:113 from Motor3 received. Processing...
FFT for batch 0Nm_BPFI_03:113 published to Enterprise/Site/Area/Motor3/Analysis/Vibration/fft
Prediction for batch 0Nm_BPFI_03:113 published to Enterprise/Site/Area/Motor3/Analysis/Diagnosis/prediction
-----------------------------------------
[Motor2] raw_latency_ms=731.308
[Motor2] EDGE UTC : 2026-08-11T13:02:07.610682+00:00
[Motor2] CLOUD UTC: 2026-08-11T13:02:08.341990+00:00
-------------
Batch 0Nm_BPFI_03:26 from Motor2 received. Processing...
FFT for batch 0Nm_BPFI_03:26 published to Enterprise/Site/Area/Motor2/Analysis/Vibration/fft
Prediction for batch 0Nm_BPFI_03:26 published to Enterprise/Site/Area/Motor2/Analysis/Diagnosis/prediction
-----------------------------------------
[Motor1] raw_latency_ms=722.457
[Motor1] EDGE UTC : 2026-08-11T13:02:07.804066+00:00
[Motor1] CLOUD UTC: 2026-08-11T13:02:08.526523+00:00
-------------
Batch 0Nm_BPFI_03:22 from Motor1 received. Processing...
FFT for batch 0Nm_BPFI_03:22 published to Enterprise/Site/Area/Motor1/Analysis/Vibration/fft
Prediction for batch 0Nm_BPFI_03:22 published to Enterprise/Site/Area/Motor1/Analysis/Diagnosis/prediction
-----------------------------------------
[Motor2] raw_latency_ms=383.918
[Motor2] EDGE UTC : 2026-08-11T13:02:08.629162+00:00
[Motor2] CLOUD UTC: 2026-08-11T13:02:09.013080+00:00
-------------
Batch 0Nm_BPFI_03:27 from Motor2 received. Processing...
FFT for batch 0Nm_BPFI_03:27 published to Enterprise/Site/Area/Motor2/Analysis/Vibration/fft
Prediction for batch 0Nm_BPFI_03:27 published to Enterprise/Site/Area/Motor2/Analysis/Diagnosis/prediction
-----------------------------------------
[Motor3] raw_latency_ms=581.462
[Motor3] EDGE UTC : 2026-08-11T13:02:08.640963+00:00
[Motor3] CLOUD UTC: 2026-08-11T13:02:09.222426+00:00
-------------
Batch 0Nm_BPFI_03:114 from Motor3 received. Processing...
FFT for batch 0Nm_BPFI_03:114 published to Enterprise/Site/Area/Motor3/Analysis/Vibration/fft
Prediction for batch 0Nm_BPFI_03:114 published to Enterprise/Site/Area/Motor3/Analysis/Diagnosis/prediction
-----------------------------------------
[Motor1] raw_latency_ms=563.260
[Motor1] EDGE UTC : 2026-08-11T13:02:08.848474+00:00
[Motor1] CLOUD UTC: 2026-08-11T13:02:09.411734+00:00
-------------
Batch 0Nm_BPFI_03:23 from Motor1 received. Processing...
FFT for batch 0Nm_BPFI_03:23 published to Enterprise/Site/Area/Motor1/Analysis/Vibration/fft
Prediction for batch 0Nm_BPFI_03:23 published to Enterprise/Site/Area/Motor1/Analysis/Diagnosis/prediction
-----------------------------------------
[Motor3] raw_latency_ms=512.743
[Motor3] EDGE UTC : 2026-08-11T13:02:09.646928+00:00
[Motor3] CLOUD UTC: 2026-08-11T13:02:10.159671+00:00
-------------
Batch 0Nm_BPFI_03:115 from Motor3 received. Processing...
FFT for batch 0Nm_BPFI_03:115 published to Enterprise/Site/Area/Motor3/Analysis/Vibration/fft
Prediction for batch 0Nm_BPFI_03:115 published to Enterprise/Site/Area/Motor3/Analysis/Diagnosis/prediction
-----------------------------------------
[Motor2] raw_latency_ms=709.275
[Motor2] EDGE UTC : 2026-08-11T13:02:09.647818+00:00
[Motor2] CLOUD UTC: 2026-08-11T13:02:10.357094+00:00
-------------
Batch 0Nm_BPFI_03:28 from Motor2 received. Processing...
FFT for batch 0Nm_BPFI_03:28 published to Enterprise/Site/Area/Motor2/Analysis/Vibration/fft
Prediction for batch 0Nm_BPFI_03:28 published to Enterprise/Site/Area/Motor2/Analysis/Diagnosis/prediction
-----------------------------------------
[Motor1] raw_latency_ms=690.405
[Motor1] EDGE UTC : 2026-08-11T13:02:09.892521+00:00
[Motor1] CLOUD UTC: 2026-08-11T13:02:10.582926+00:00
-------------
Batch 0Nm_BPFI_03:24 from Motor1 received. Processing...
FFT for batch 0Nm_BPFI_03:24 published to Enterprise/Site/Area/Motor1/Analysis/Vibration/fft
Prediction for batch 0Nm_BPFI_03:24 published to Enterprise/Site/Area/Motor1/Analysis/Diagnosis/prediction
-----------------------------------------
[Motor2] raw_latency_ms=391.131
[Motor2] EDGE UTC : 2026-08-11T13:02:10.666476+00:00
[Motor2] CLOUD UTC: 2026-08-11T13:02:11.057607+00:00
-------------
Batch 0Nm_BPFI_03:29 from Motor2 received. Processing...
FFT for batch 0Nm_BPFI_03:29 published to Enterprise/Site/Area/Motor2/Analysis/Vibration/fft
Prediction for batch 0Nm_BPFI_03:29 published to Enterprise/Site/Area/Motor2/Analysis/Diagnosis/prediction
-----------------------------------------
[Motor3] raw_latency_ms=569.920
[Motor3] EDGE UTC : 2026-08-11T13:02:10.652233+00:00
[Motor3] CLOUD UTC: 2026-08-11T13:02:11.222153+00:00
-------------
Batch 0Nm_BPFI_03:116 from Motor3 received. Processing...
FFT for batch 0Nm_BPFI_03:116 published to Enterprise/Site/Area/Motor3/Analysis/Vibration/fft
Prediction for batch 0Nm_BPFI_03:116 published to Enterprise/Site/Area/Motor3/Analysis/Diagnosis/prediction
-----------------------------------------
[Motor1] raw_latency_ms=572.791
[Motor1] EDGE UTC : 2026-08-11T13:02:10.936784+00:00
[Motor1] CLOUD UTC: 2026-08-11T13:02:11.509575+00:00
-------------
Batch 0Nm_BPFI_03:25 from Motor1 received. Processing...
FFT for batch 0Nm_BPFI_03:25 published to Enterprise/Site/Area/Motor1/Analysis/Vibration/fft
Prediction for batch 0Nm_BPFI_03:25 published to Enterprise/Site/Area/Motor1/Analysis/Diagnosis/prediction
-----------------------------------------
[Motor3] raw_latency_ms=407.603
[Motor3] EDGE UTC : 2026-08-11T13:02:11.659070+00:00
[Motor3] CLOUD UTC: 2026-08-11T13:02:12.066672+00:00
-------------
Batch 0Nm_BPFI_03:117 from Motor3 received. Processing...
FFT for batch 0Nm_BPFI_03:117 published to Enterprise/Site/Area/Motor3/Analysis/Vibration/fft
Prediction for batch 0Nm_BPFI_03:117 published to Enterprise/Site/Area/Motor3/Analysis/Diagnosis/prediction
-----------------------------------------
[Motor2] raw_latency_ms=536.818
[Motor2] EDGE UTC : 2026-08-11T13:02:11.688180+00:00
[Motor2] CLOUD UTC: 2026-08-11T13:02:12.224998+00:00
-------------
Batch 0Nm_BPFI_03:30 from Motor2 received. Processing...
FFT for batch 0Nm_BPFI_03:30 published to Enterprise/Site/Area/Motor2/Analysis/Vibration/fft
Prediction for batch 0Nm_BPFI_03:30 published to Enterprise/Site/Area/Motor2/Analysis/Diagnosis/prediction
-----------------------------------------
[Motor1] raw_latency_ms=692.057
[Motor1] EDGE UTC : 2026-08-11T13:02:11.985747+00:00
[Motor1] CLOUD UTC: 2026-08-11T13:02:12.677804+00:00
-------------
Batch 0Nm_BPFI_03:26 from Motor1 received. Processing...
FFT for batch 0Nm_BPFI_03:26 published to Enterprise/Site/Area/Motor1/Analysis/Vibration/fft
Prediction for batch 0Nm_BPFI_03:26 published to Enterprise/Site/Area/Motor1/Analysis/Diagnosis/prediction
-----------------------------------------
[Motor3] raw_latency_ms=323.484
[Motor3] EDGE UTC : 2026-08-11T13:02:12.666833+00:00
[Motor3] CLOUD UTC: 2026-08-11T13:02:12.990317+00:00
-------------
Batch 0Nm_BPFI_03:118 from Motor3 received. Processing...
FFT for batch 0Nm_BPFI_03:118 published to Enterprise/Site/Area/Motor3/Analysis/Vibration/fft
Prediction for batch 0Nm_BPFI_03:118 published to Enterprise/Site/Area/Motor3/Analysis/Diagnosis/prediction
-----------------------------------------
[Motor2] raw_latency_ms=397.276
[Motor2] EDGE UTC : 2026-08-11T13:02:12.739630+00:00
[Motor2] CLOUD UTC: 2026-08-11T13:02:13.136905+00:00
-------------
Batch 0Nm_BPFI_03:31 from Motor2 received. Processing...
FFT for batch 0Nm_BPFI_03:31 published to Enterprise/Site/Area/Motor2/Analysis/Vibration/fft
Prediction for batch 0Nm_BPFI_03:31 published to Enterprise/Site/Area/Motor2/Analysis/Diagnosis/prediction
-----------------------------------------
[Motor1] raw_latency_ms=623.573
[Motor1] EDGE UTC : 2026-08-11T13:02:13.023550+00:00
[Motor1] CLOUD UTC: 2026-08-11T13:02:13.647123+00:00
-------------
Batch 0Nm_BPFI_03:27 from Motor1 received. Processing...
FFT for batch 0Nm_BPFI_03:27 published to Enterprise/Site/Area/Motor1/Analysis/Vibration/fft
Prediction for batch 0Nm_BPFI_03:27 published to Enterprise/Site/Area/Motor1/Analysis/Diagnosis/prediction
-----------------------------------------
[Motor3] raw_latency_ms=321.072
[Motor3] EDGE UTC : 2026-08-11T13:02:13.672870+00:00
[Motor3] CLOUD UTC: 2026-08-11T13:02:13.993942+00:00
-------------
Batch 0Nm_BPFI_03:119 from Motor3 received. Processing...
FFT for batch 0Nm_BPFI_03:119 published to Enterprise/Site/Area/Motor3/Analysis/Vibration/fft
Prediction for batch 0Nm_BPFI_03:119 published to Enterprise/Site/Area/Motor3/Analysis/Diagnosis/prediction
-----------------------------------------
[Motor2] raw_latency_ms=546.769
[Motor2] EDGE UTC : 2026-08-11T13:02:13.758144+00:00
[Motor2] CLOUD UTC: 2026-08-11T13:02:14.304914+00:00
-------------
Batch 0Nm_BPFI_03:32 from Motor2 received. Processing...
FFT for batch 0Nm_BPFI_03:32 published to Enterprise/Site/Area/Motor2/Analysis/Vibration/fft
Prediction for batch 0Nm_BPFI_03:32 published to Enterprise/Site/Area/Motor2/Analysis/Diagnosis/prediction
-----------------------------------------
[Motor1] raw_latency_ms=797.805
[Motor1] EDGE UTC : 2026-08-11T13:02:14.061759+00:00
[Motor1] CLOUD UTC: 2026-08-11T13:02:14.859564+00:00
-------------
Batch 0Nm_BPFI_03:28 from Motor1 received. Processing...
FFT for batch 0Nm_BPFI_03:28 published to Enterprise/Site/Area/Motor1/Analysis/Vibration/fft
Prediction for batch 0Nm_BPFI_03:28 published to Enterprise/Site/Area/Motor1/Analysis/Diagnosis/prediction
-----------------------------------------
[Motor3] raw_latency_ms=239.936
[Motor3] EDGE UTC : 2026-08-11T13:02:14.796575+00:00
[Motor3] CLOUD UTC: 2026-08-11T13:02:15.036510+00:00
-------------
Batch 0Nm_BPFI_03:120 from Motor3 received. Processing...
FFT for batch 0Nm_BPFI_03:120 published to Enterprise/Site/Area/Motor3/Analysis/Vibration/fft
Prediction for batch 0Nm_BPFI_03:120 published to Enterprise/Site/Area/Motor3/Analysis/Diagnosis/prediction
-----------------------------------------
[Motor2] raw_latency_ms=382.953
[Motor2] EDGE UTC : 2026-08-11T13:02:14.780110+00:00
[Motor2] CLOUD UTC: 2026-08-11T13:02:15.163063+00:00
-------------
Batch 0Nm_BPFI_03:33 from Motor2 received. Processing...
FFT for batch 0Nm_BPFI_03:33 published to Enterprise/Site/Area/Motor2/Analysis/Vibration/fft
Prediction for batch 0Nm_BPFI_03:33 published to Enterprise/Site/Area/Motor2/Analysis/Diagnosis/prediction
-----------------------------------------
[Motor1] raw_latency_ms=529.897
[Motor1] EDGE UTC : 2026-08-11T13:02:15.099662+00:00
[Motor1] CLOUD UTC: 2026-08-11T13:02:15.629559+00:00
-------------
Batch 0Nm_BPFI_03:29 from Motor1 received. Processing...
FFT for batch 0Nm_BPFI_03:29 published to Enterprise/Site/Area/Motor1/Analysis/Vibration/fft
Prediction for batch 0Nm_BPFI_03:29 published to Enterprise/Site/Area/Motor1/Analysis/Diagnosis/prediction
-----------------------------------------
[Motor3] raw_latency_ms=333.977
[Motor3] EDGE UTC : 2026-08-11T13:02:15.804781+00:00
[Motor3] CLOUD UTC: 2026-08-11T13:02:16.138759+00:00
-------------
Batch 0Nm_BPFI_03:121 from Motor3 received. Processing...
FFT for batch 0Nm_BPFI_03:121 published to Enterprise/Site/Area/Motor3/Analysis/Vibration/fft
Prediction for batch 0Nm_BPFI_03:121 published to Enterprise/Site/Area/Motor3/Analysis/Diagnosis/prediction
-----------------------------------------
[Motor2] raw_latency_ms=530.645
[Motor2] EDGE UTC : 2026-08-11T13:02:15.800229+00:00
[Motor2] CLOUD UTC: 2026-08-11T13:02:16.330873+00:00
-------------
Batch 0Nm_BPFI_03:34 from Motor2 received. Processing...
FFT for batch 0Nm_BPFI_03:34 published to Enterprise/Site/Area/Motor2/Analysis/Vibration/fft
Prediction for batch 0Nm_BPFI_03:34 published to Enterprise/Site/Area/Motor2/Analysis/Diagnosis/prediction
-----------------------------------------
[Motor1] raw_latency_ms=781.907
[Motor1] EDGE UTC : 2026-08-11T13:02:16.138046+00:00
[Motor1] CLOUD UTC: 2026-08-11T13:02:16.919953+00:00
-------------
Batch 0Nm_BPFI_03:30 from Motor1 received. Processing...
FFT for batch 0Nm_BPFI_03:30 published to Enterprise/Site/Area/Motor1/Analysis/Vibration/fft
Prediction for batch 0Nm_BPFI_03:30 published to Enterprise/Site/Area/Motor1/Analysis/Diagnosis/prediction
-----------------------------------------
[Motor3] raw_latency_ms=253.757
[Motor3] EDGE UTC : 2026-08-11T13:02:16.812494+00:00
[Motor3] CLOUD UTC: 2026-08-11T13:02:17.066251+00:00
-------------
Batch 0Nm_BPFI_03:122 from Motor3 received. Processing...
FFT for batch 0Nm_BPFI_03:122 published to Enterprise/Site/Area/Motor3/Analysis/Vibration/fft
Prediction for batch 0Nm_BPFI_03:122 published to Enterprise/Site/Area/Motor3/Analysis/Diagnosis/prediction
-----------------------------------------
[Motor2] raw_latency_ms=387.032
[Motor2] EDGE UTC : 2026-08-11T13:02:16.819171+00:00
[Motor2] CLOUD UTC: 2026-08-11T13:02:17.206203+00:00
-------------
Batch 0Nm_BPFI_03:35 from Motor2 received. Processing...
FFT for batch 0Nm_BPFI_03:35 published to Enterprise/Site/Area/Motor2/Analysis/Vibration/fft
Prediction for batch 0Nm_BPFI_03:35 published to Enterprise/Site/Area/Motor2/Analysis/Diagnosis/prediction
-----------------------------------------
[Motor1] raw_latency_ms=782.801
[Motor1] EDGE UTC : 2026-08-11T13:02:17.176347+00:00
[Motor1] CLOUD UTC: 2026-08-11T13:02:17.959148+00:00
-------------
Batch 0Nm_BPFI_03:31 from Motor1 received. Processing...
FFT for batch 0Nm_BPFI_03:31 published to Enterprise/Site/Area/Motor1/Analysis/Vibration/fft
Prediction for batch 0Nm_BPFI_03:31 published to Enterprise/Site/Area/Motor1/Analysis/Diagnosis/prediction
-----------------------------------------
[Motor3] raw_latency_ms=361.465
[Motor3] EDGE UTC : 2026-08-11T13:02:17.818563+00:00
[Motor3] CLOUD UTC: 2026-08-11T13:02:18.180028+00:00
-------------
Batch 0Nm_BPFI_03:123 from Motor3 received. Processing...
FFT for batch 0Nm_BPFI_03:123 published to Enterprise/Site/Area/Motor3/Analysis/Vibration/fft
Prediction for batch 0Nm_BPFI_03:123 published to Enterprise/Site/Area/Motor3/Analysis/Diagnosis/prediction
-----------------------------------------
[Motor2] raw_latency_ms=535.116
[Motor2] EDGE UTC : 2026-08-11T13:02:17.867722+00:00
[Motor2] CLOUD UTC: 2026-08-11T13:02:18.402837+00:00
-------------
Batch 0Nm_BPFI_03:36 from Motor2 received. Processing...
FFT for batch 0Nm_BPFI_03:36 published to Enterprise/Site/Area/Motor2/Analysis/Vibration/fft
Prediction for batch 0Nm_BPFI_03:36 published to Enterprise/Site/Area/Motor2/Analysis/Diagnosis/prediction
-----------------------------------------
[Motor1] raw_latency_ms=564.283
[Motor1] EDGE UTC : 2026-08-11T13:02:18.214298+00:00
[Motor1] CLOUD UTC: 2026-08-11T13:02:18.778581+00:00
-------------
Batch 0Nm_BPFI_03:32 from Motor1 received. Processing...
FFT for batch 0Nm_BPFI_03:32 published to Enterprise/Site/Area/Motor1/Analysis/Vibration/fft
Prediction for batch 0Nm_BPFI_03:32 published to Enterprise/Site/Area/Motor1/Analysis/Diagnosis/prediction
-----------------------------------------
[Motor3] raw_latency_ms=363.178
[Motor3] EDGE UTC : 2026-08-11T13:02:18.824730+00:00
[Motor3] CLOUD UTC: 2026-08-11T13:02:19.187908+00:00
-------------
Batch 0Nm_BPFI_03:124 from Motor3 received. Processing...
FFT for batch 0Nm_BPFI_03:124 published to Enterprise/Site/Area/Motor3/Analysis/Vibration/fft
Prediction for batch 0Nm_BPFI_03:124 published to Enterprise/Site/Area/Motor3/Analysis/Diagnosis/prediction
-----------------------------------------
[Motor2] raw_latency_ms=384.706
[Motor2] EDGE UTC : 2026-08-11T13:02:18.909938+00:00
[Motor2] CLOUD UTC: 2026-08-11T13:02:19.294644+00:00
-------------
Batch 0Nm_BPFI_03:37 from Motor2 received. Processing...
FFT for batch 0Nm_BPFI_03:37 published to Enterprise/Site/Area/Motor2/Analysis/Vibration/fft
Prediction for batch 0Nm_BPFI_03:37 published to Enterprise/Site/Area/Motor2/Analysis/Diagnosis/prediction
-----------------------------------------
[Motor1] raw_latency_ms=543.920
[Motor1] EDGE UTC : 2026-08-11T13:02:19.252185+00:00
[Motor1] CLOUD UTC: 2026-08-11T13:02:19.796105+00:00
-------------
Batch 0Nm_BPFI_03:33 from Motor1 received. Processing...
FFT for batch 0Nm_BPFI_03:33 published to Enterprise/Site/Area/Motor1/Analysis/Vibration/fft
Prediction for batch 0Nm_BPFI_03:33 published to Enterprise/Site/Area/Motor1/Analysis/Diagnosis/prediction
-----------------------------------------
[Motor3] raw_latency_ms=364.935
[Motor3] EDGE UTC : 2026-08-11T13:02:19.828361+00:00
[Motor3] CLOUD UTC: 2026-08-11T13:02:20.193296+00:00
-------------
Batch 0Nm_BPFI_03:125 from Motor3 received. Processing...
FFT for batch 0Nm_BPFI_03:125 published to Enterprise/Site/Area/Motor3/Analysis/Vibration/fft
Prediction for batch 0Nm_BPFI_03:125 published to Enterprise/Site/Area/Motor3/Analysis/Diagnosis/prediction
-----------------------------------------
[Motor2] raw_latency_ms=517.740
[Motor2] EDGE UTC : 2026-08-11T13:02:19.957361+00:00
[Motor2] CLOUD UTC: 2026-08-11T13:02:20.475102+00:00
-------------
Batch 0Nm_BPFI_03:38 from Motor2 received. Processing...
FFT for batch 0Nm_BPFI_03:38 published to Enterprise/Site/Area/Motor2/Analysis/Vibration/fft
Prediction for batch 0Nm_BPFI_03:38 published to Enterprise/Site/Area/Motor2/Analysis/Diagnosis/prediction
-----------------------------------------
[Motor1] raw_latency_ms=536.824
[Motor1] EDGE UTC : 2026-08-11T13:02:20.290269+00:00
[Motor1] CLOUD UTC: 2026-08-11T13:02:20.827094+00:00
-------------
Batch 0Nm_BPFI_03:34 from Motor1 received. Processing...
FFT for batch 0Nm_BPFI_03:34 published to Enterprise/Site/Area/Motor1/Analysis/Vibration/fft
Prediction for batch 0Nm_BPFI_03:34 published to Enterprise/Site/Area/Motor1/Analysis/Diagnosis/prediction
-----------------------------------------
[Motor3] raw_latency_ms=383.439
[Motor3] EDGE UTC : 2026-08-11T13:02:20.831656+00:00
[Motor3] CLOUD UTC: 2026-08-11T13:02:21.215094+00:00
-------------
Batch 0Nm_BPFI_03:126 from Motor3 received. Processing...
FFT for batch 0Nm_BPFI_03:126 published to Enterprise/Site/Area/Motor3/Analysis/Vibration/fft
Prediction for batch 0Nm_BPFI_03:126 published to Enterprise/Site/Area/Motor3/Analysis/Diagnosis/prediction
-----------------------------------------
[Motor2] raw_latency_ms=365.955
[Motor2] EDGE UTC : 2026-08-11T13:02:21.005044+00:00
[Motor2] CLOUD UTC: 2026-08-11T13:02:21.370999+00:00
-------------
Batch 0Nm_BPFI_03:39 from Motor2 received. Processing...
FFT for batch 0Nm_BPFI_03:39 published to Enterprise/Site/Area/Motor2/Analysis/Vibration/fft
Prediction for batch 0Nm_BPFI_03:39 published to Enterprise/Site/Area/Motor2/Analysis/Diagnosis/prediction
-----------------------------------------
[Motor1] raw_latency_ms=641.311
[Motor1] EDGE UTC : 2026-08-11T13:02:21.328355+00:00
[Motor1] CLOUD UTC: 2026-08-11T13:02:21.969666+00:00
-------------
Batch 0Nm_BPFI_03:35 from Motor1 received. Processing...
FFT for batch 0Nm_BPFI_03:35 published to Enterprise/Site/Area/Motor1/Analysis/Vibration/fft
Prediction for batch 0Nm_BPFI_03:35 published to Enterprise/Site/Area/Motor1/Analysis/Diagnosis/prediction
-----------------------------------------
[Motor3] raw_latency_ms=363.622
[Motor3] EDGE UTC : 2026-08-11T13:02:21.837405+00:00
[Motor3] CLOUD UTC: 2026-08-11T13:02:22.201027+00:00
-------------
Batch 0Nm_BPFI_03:127 from Motor3 received. Processing...
FFT for batch 0Nm_BPFI_03:127 published to Enterprise/Site/Area/Motor3/Analysis/Vibration/fft
Prediction for batch 0Nm_BPFI_03:127 published to Enterprise/Site/Area/Motor3/Analysis/Diagnosis/prediction
-----------------------------------------
[Motor2] raw_latency_ms=517.534
[Motor2] EDGE UTC : 2026-08-11T13:02:22.085493+00:00
[Motor2] CLOUD UTC: 2026-08-11T13:02:22.603027+00:00
-------------
Batch 0Nm_BPFI_03:40 from Motor2 received. Processing...
FFT for batch 0Nm_BPFI_03:40 published to Enterprise/Site/Area/Motor2/Analysis/Vibration/fft
Prediction for batch 0Nm_BPFI_03:40 published to Enterprise/Site/Area/Motor2/Analysis/Diagnosis/prediction
-----------------------------------------
[Motor1] raw_latency_ms=526.257
[Motor1] EDGE UTC : 2026-08-11T13:02:22.366422+00:00
[Motor1] CLOUD UTC: 2026-08-11T13:02:22.892679+00:00
-------------
Batch 0Nm_BPFI_03:36 from Motor1 received. Processing...
FFT for batch 0Nm_BPFI_03:36 published to Enterprise/Site/Area/Motor1/Analysis/Vibration/fft
Prediction for batch 0Nm_BPFI_03:36 published to Enterprise/Site/Area/Motor1/Analysis/Diagnosis/prediction
-----------------------------------------
[Motor3] raw_latency_ms=385.150
[Motor3] EDGE UTC : 2026-08-11T13:02:22.841289+00:00
[Motor3] CLOUD UTC: 2026-08-11T13:02:23.226439+00:00
-------------
Batch 0Nm_BPFI_03:128 from Motor3 received. Processing...
FFT for batch 0Nm_BPFI_03:128 published to Enterprise/Site/Area/Motor3/Analysis/Vibration/fft
Prediction for batch 0Nm_BPFI_03:128 published to Enterprise/Site/Area/Motor3/Analysis/Diagnosis/prediction
-----------------------------------------
[Motor2] raw_latency_ms=372.066
[Motor2] EDGE UTC : 2026-08-11T13:02:23.135784+00:00
[Motor2] CLOUD UTC: 2026-08-11T13:02:23.507850+00:00
-------------
Batch 0Nm_BPFI_03:41 from Motor2 received. Processing...
FFT for batch 0Nm_BPFI_03:41 published to Enterprise/Site/Area/Motor2/Analysis/Vibration/fft
Prediction for batch 0Nm_BPFI_03:41 published to Enterprise/Site/Area/Motor2/Analysis/Diagnosis/prediction
-----------------------------------------
[Motor1] raw_latency_ms=527.051
[Motor1] EDGE UTC : 2026-08-11T13:02:23.404459+00:00
[Motor1] CLOUD UTC: 2026-08-11T13:02:23.931510+00:00
-------------
Batch 0Nm_BPFI_03:37 from Motor1 received. Processing...
FFT for batch 0Nm_BPFI_03:37 published to Enterprise/Site/Area/Motor1/Analysis/Vibration/fft
Prediction for batch 0Nm_BPFI_03:37 published to Enterprise/Site/Area/Motor1/Analysis/Diagnosis/prediction
-----------------------------------------
[Motor3] raw_latency_ms=361.737
[Motor3] EDGE UTC : 2026-08-11T13:02:23.844799+00:00
[Motor3] CLOUD UTC: 2026-08-11T13:02:24.206536+00:00
-------------
Batch 0Nm_BPFI_03:129 from Motor3 received. Processing...
FFT for batch 0Nm_BPFI_03:129 published to Enterprise/Site/Area/Motor3/Analysis/Vibration/fft
Prediction for batch 0Nm_BPFI_03:129 published to Enterprise/Site/Area/Motor3/Analysis/Diagnosis/prediction
-----------------------------------------
[Motor2] raw_latency_ms=519.393
[Motor2] EDGE UTC : 2026-08-11T13:02:24.187520+00:00
[Motor2] CLOUD UTC: 2026-08-11T13:02:24.706913+00:00
-------------
Batch 0Nm_BPFI_03:42 from Motor2 received. Processing...
FFT for batch 0Nm_BPFI_03:42 published to Enterprise/Site/Area/Motor2/Analysis/Vibration/fft
Prediction for batch 0Nm_BPFI_03:42 published to Enterprise/Site/Area/Motor2/Analysis/Diagnosis/prediction
-----------------------------------------
[Motor1] raw_latency_ms=511.359
[Motor1] EDGE UTC : 2026-08-11T13:02:24.442573+00:00
[Motor1] CLOUD UTC: 2026-08-11T13:02:24.953933+00:00
-------------
Batch 0Nm_BPFI_03:38 from Motor1 received. Processing...
FFT for batch 0Nm_BPFI_03:38 published to Enterprise/Site/Area/Motor1/Analysis/Vibration/fft
Prediction for batch 0Nm_BPFI_03:38 published to Enterprise/Site/Area/Motor1/Analysis/Diagnosis/prediction
-----------------------------------------
[Motor3] raw_latency_ms=376.791
[Motor3] EDGE UTC : 2026-08-11T13:02:24.848386+00:00
[Motor3] CLOUD UTC: 2026-08-11T13:02:25.225177+00:00
-------------
Batch 0Nm_BPFI_03:130 from Motor3 received. Processing...
FFT for batch 0Nm_BPFI_03:130 published to Enterprise/Site/Area/Motor3/Analysis/Vibration/fft
Prediction for batch 0Nm_BPFI_03:130 published to Enterprise/Site/Area/Motor3/Analysis/Diagnosis/prediction
-----------------------------------------
[Motor2] raw_latency_ms=366.303
[Motor2] EDGE UTC : 2026-08-11T13:02:25.237293+00:00
[Motor2] CLOUD UTC: 2026-08-11T13:02:25.603596+00:00
-------------
Batch 0Nm_BPFI_03:43 from Motor2 received. Processing...
FFT for batch 0Nm_BPFI_03:43 published to Enterprise/Site/Area/Motor2/Analysis/Vibration/fft
Prediction for batch 0Nm_BPFI_03:43 published to Enterprise/Site/Area/Motor2/Analysis/Diagnosis/prediction
-----------------------------------------
[Motor1] raw_latency_ms=383.463
[Motor1] EDGE UTC : 2026-08-11T13:02:25.487169+00:00
[Motor1] CLOUD UTC: 2026-08-11T13:02:25.870632+00:00
-------------
Batch 0Nm_BPFI_03:39 from Motor1 received. Processing...
FFT for batch 0Nm_BPFI_03:39 published to Enterprise/Site/Area/Motor1/Analysis/Vibration/fft
Prediction for batch 0Nm_BPFI_03:39 published to Enterprise/Site/Area/Motor1/Analysis/Diagnosis/prediction
-----------------------------------------
[Motor3] raw_latency_ms=411.197
[Motor3] EDGE UTC : 2026-08-11T13:02:25.853685+00:00
[Motor3] CLOUD UTC: 2026-08-11T13:02:26.264882+00:00
-------------
Batch 0Nm_BPFI_03:131 from Motor3 received. Processing...
FFT for batch 0Nm_BPFI_03:131 published to Enterprise/Site/Area/Motor3/Analysis/Vibration/fft
Prediction for batch 0Nm_BPFI_03:131 published to Enterprise/Site/Area/Motor3/Analysis/Diagnosis/prediction
-----------------------------------------
[Motor2] raw_latency_ms=507.683
[Motor2] EDGE UTC : 2026-08-11T13:02:26.285415+00:00
[Motor2] CLOUD UTC: 2026-08-11T13:02:26.793098+00:00
-------------
Batch 0Nm_BPFI_03:44 from Motor2 received. Processing...
FFT for batch 0Nm_BPFI_03:44 published to Enterprise/Site/Area/Motor2/Analysis/Vibration/fft
Prediction for batch 0Nm_BPFI_03:44 published to Enterprise/Site/Area/Motor2/Analysis/Diagnosis/prediction
-----------------------------------------
[Motor1] raw_latency_ms=376.237
[Motor1] EDGE UTC : 2026-08-11T13:02:26.531903+00:00
[Motor1] CLOUD UTC: 2026-08-11T13:02:26.908140+00:00
-------------
Batch 0Nm_BPFI_03:40 from Motor1 received. Processing...
FFT for batch 0Nm_BPFI_03:40 published to Enterprise/Site/Area/Motor1/Analysis/Vibration/fft
Prediction for batch 0Nm_BPFI_03:40 published to Enterprise/Site/Area/Motor1/Analysis/Diagnosis/prediction
-----------------------------------------
[Motor3] raw_latency_ms=488.726
[Motor3] EDGE UTC : 2026-08-11T13:02:26.859253+00:00
[Motor3] CLOUD UTC: 2026-08-11T13:02:27.347979+00:00
-------------
Batch 0Nm_BPFI_03:132 from Motor3 received. Processing...
FFT for batch 0Nm_BPFI_03:132 published to Enterprise/Site/Area/Motor3/Analysis/Vibration/fft
Prediction for batch 0Nm_BPFI_03:132 published to Enterprise/Site/Area/Motor3/Analysis/Diagnosis/prediction
-----------------------------------------
[Motor2] raw_latency_ms=461.590
[Motor2] EDGE UTC : 2026-08-11T13:02:27.303943+00:00
[Motor2] CLOUD UTC: 2026-08-11T13:02:27.765532+00:00
-------------
Batch 0Nm_BPFI_03:45 from Motor2 received. Processing...
FFT for batch 0Nm_BPFI_03:45 published to Enterprise/Site/Area/Motor2/Analysis/Vibration/fft
Prediction for batch 0Nm_BPFI_03:45 published to Enterprise/Site/Area/Motor2/Analysis/Diagnosis/prediction
-----------------------------------------
[Motor1] raw_latency_ms=402.161
[Motor1] EDGE UTC : 2026-08-11T13:02:27.575774+00:00
[Motor1] CLOUD UTC: 2026-08-11T13:02:27.977936+00:00
-------------
Batch 0Nm_BPFI_03:41 from Motor1 received. Processing...
FFT for batch 0Nm_BPFI_03:41 published to Enterprise/Site/Area/Motor1/Analysis/Vibration/fft
Prediction for batch 0Nm_BPFI_03:41 published to Enterprise/Site/Area/Motor1/Analysis/Diagnosis/prediction
-----------------------------------------
[Motor3] raw_latency_ms=407.284
[Motor3] EDGE UTC : 2026-08-11T13:02:27.865829+00:00
[Motor3] CLOUD UTC: 2026-08-11T13:02:28.273113+00:00
-------------
Batch 0Nm_BPFI_03:133 from Motor3 received. Processing...
FFT for batch 0Nm_BPFI_03:133 published to Enterprise/Site/Area/Motor3/Analysis/Vibration/fft
Prediction for batch 0Nm_BPFI_03:133 published to Enterprise/Site/Area/Motor3/Analysis/Diagnosis/prediction
-----------------------------------------
[Motor2] raw_latency_ms=494.180
[Motor2] EDGE UTC : 2026-08-11T13:02:28.324124+00:00
[Motor2] CLOUD UTC: 2026-08-11T13:02:28.818304+00:00
-------------
Batch 0Nm_BPFI_03:46 from Motor2 received. Processing...
FFT for batch 0Nm_BPFI_03:46 published to Enterprise/Site/Area/Motor2/Analysis/Vibration/fft
Prediction for batch 0Nm_BPFI_03:46 published to Enterprise/Site/Area/Motor2/Analysis/Diagnosis/prediction
-----------------------------------------
[Motor1] raw_latency_ms=380.496
[Motor1] EDGE UTC : 2026-08-11T13:02:28.620202+00:00
[Motor1] CLOUD UTC: 2026-08-11T13:02:29.000697+00:00
-------------
Batch 0Nm_BPFI_03:42 from Motor1 received. Processing...
FFT for batch 0Nm_BPFI_03:42 published to Enterprise/Site/Area/Motor1/Analysis/Vibration/fft
Prediction for batch 0Nm_BPFI_03:42 published to Enterprise/Site/Area/Motor1/Analysis/Diagnosis/prediction
-----------------------------------------
[Motor3] raw_latency_ms=354.483
[Motor3] EDGE UTC : 2026-08-11T13:02:28.878167+00:00
[Motor3] CLOUD UTC: 2026-08-11T13:02:29.232650+00:00
-------------
Batch 0Nm_BPFI_03:134 from Motor3 received. Processing...
FFT for batch 0Nm_BPFI_03:134 published to Enterprise/Site/Area/Motor3/Analysis/Vibration/fft
Prediction for batch 0Nm_BPFI_03:134 published to Enterprise/Site/Area/Motor3/Analysis/Diagnosis/prediction
-----------------------------------------
[Motor2] raw_latency_ms=475.296
[Motor2] EDGE UTC : 2026-08-11T13:02:29.343276+00:00
[Motor2] CLOUD UTC: 2026-08-11T13:02:29.818572+00:00
-------------
Batch 0Nm_BPFI_03:47 from Motor2 received. Processing...
FFT for batch 0Nm_BPFI_03:47 published to Enterprise/Site/Area/Motor2/Analysis/Vibration/fft
Prediction for batch 0Nm_BPFI_03:47 published to Enterprise/Site/Area/Motor2/Analysis/Diagnosis/prediction
-----------------------------------------
[Motor1] raw_latency_ms=374.773
[Motor1] EDGE UTC : 2026-08-11T13:02:29.664373+00:00
[Motor1] CLOUD UTC: 2026-08-11T13:02:30.039147+00:00
-------------
Batch 0Nm_BPFI_03:43 from Motor1 received. Processing...
FFT for batch 0Nm_BPFI_03:43 published to Enterprise/Site/Area/Motor1/Analysis/Vibration/fft
Prediction for batch 0Nm_BPFI_03:43 published to Enterprise/Site/Area/Motor1/Analysis/Diagnosis/prediction
-----------------------------------------
[Motor3] raw_latency_ms=392.368
[Motor3] EDGE UTC : 2026-08-11T13:02:29.886391+00:00
[Motor3] CLOUD UTC: 2026-08-11T13:02:30.278759+00:00
-------------
Batch 0Nm_BPFI_03:135 from Motor3 received. Processing...
FFT for batch 0Nm_BPFI_03:135 published to Enterprise/Site/Area/Motor3/Analysis/Vibration/fft
Prediction for batch 0Nm_BPFI_03:135 published to Enterprise/Site/Area/Motor3/Analysis/Diagnosis/prediction
-----------------------------------------
[Motor2] raw_latency_ms=386.485
[Motor2] EDGE UTC : 2026-08-11T13:02:30.361920+00:00
[Motor2] CLOUD UTC: 2026-08-11T13:02:30.748405+00:00
-------------
Batch 0Nm_BPFI_03:48 from Motor2 received. Processing...
FFT for batch 0Nm_BPFI_03:48 published to Enterprise/Site/Area/Motor2/Analysis/Vibration/fft
Prediction for batch 0Nm_BPFI_03:48 published to Enterprise/Site/Area/Motor2/Analysis/Diagnosis/prediction
-----------------------------------------
[Motor1] raw_latency_ms=625.014
[Motor1] EDGE UTC : 2026-08-11T13:02:30.708800+00:00
[Motor1] CLOUD UTC: 2026-08-11T13:02:31.333814+00:00
-------------
Batch 0Nm_BPFI_03:44 from Motor1 received. Processing...
FFT for batch 0Nm_BPFI_03:44 published to Enterprise/Site/Area/Motor1/Analysis/Vibration/fft
Prediction for batch 0Nm_BPFI_03:44 published to Enterprise/Site/Area/Motor1/Analysis/Diagnosis/prediction
-----------------------------------------
[Motor3] raw_latency_ms=548.411
[Motor3] EDGE UTC : 2026-08-11T13:02:30.893388+00:00
[Motor3] CLOUD UTC: 2026-08-11T13:02:31.441799+00:00
-------------
Batch 0Nm_BPFI_03:136 from Motor3 received. Processing...
FFT for batch 0Nm_BPFI_03:136 published to Enterprise/Site/Area/Motor3/Analysis/Vibration/fft
Prediction for batch 0Nm_BPFI_03:136 published to Enterprise/Site/Area/Motor3/Analysis/Diagnosis/prediction
-----------------------------------------
[Motor2] raw_latency_ms=365.410
[Motor2] EDGE UTC : 2026-08-11T13:02:31.409416+00:00
[Motor2] CLOUD UTC: 2026-08-11T13:02:31.774826+00:00
-------------
Batch 0Nm_BPFI_03:49 from Motor2 received. Processing...
FFT for batch 0Nm_BPFI_03:49 published to Enterprise/Site/Area/Motor2/Analysis/Vibration/fft
Prediction for batch 0Nm_BPFI_03:49 published to Enterprise/Site/Area/Motor2/Analysis/Diagnosis/prediction
-----------------------------------------
[Motor1] raw_latency_ms=399.352
[Motor1] EDGE UTC : 2026-08-11T13:02:31.753592+00:00
[Motor1] CLOUD UTC: 2026-08-11T13:02:32.152944+00:00
-------------
Batch 0Nm_BPFI_03:45 from Motor1 received. Processing...
FFT for batch 0Nm_BPFI_03:45 published to Enterprise/Site/Area/Motor1/Analysis/Vibration/fft
Prediction for batch 0Nm_BPFI_03:45 published to Enterprise/Site/Area/Motor1/Analysis/Diagnosis/prediction
-----------------------------------------
[Motor3] raw_latency_ms=364.785
[Motor3] EDGE UTC : 2026-08-11T13:02:31.897027+00:00
[Motor3] CLOUD UTC: 2026-08-11T13:02:32.261812+00:00
-------------
Batch 0Nm_BPFI_03:137 from Motor3 received. Processing...
FFT for batch 0Nm_BPFI_03:137 published to Enterprise/Site/Area/Motor3/Analysis/Vibration/fft
Prediction for batch 0Nm_BPFI_03:137 published to Enterprise/Site/Area/Motor3/Analysis/Diagnosis/prediction
-----------------------------------------
[Motor2] raw_latency_ms=398.091
[Motor2] EDGE UTC : 2026-08-11T13:02:32.427954+00:00
[Motor2] CLOUD UTC: 2026-08-11T13:02:32.826046+00:00
-------------
Batch 0Nm_BPFI_03:50 from Motor2 received. Processing...
FFT for batch 0Nm_BPFI_03:50 published to Enterprise/Site/Area/Motor2/Analysis/Vibration/fft
Prediction for batch 0Nm_BPFI_03:50 published to Enterprise/Site/Area/Motor2/Analysis/Diagnosis/prediction
-----------------------------------------
[Motor3] raw_latency_ms=433.765
[Motor3] EDGE UTC : 2026-08-11T13:02:32.903415+00:00
[Motor3] CLOUD UTC: 2026-08-11T13:02:33.337180+00:00
-------------
Batch 0Nm_BPFI_03:138 from Motor3 received. Processing...
FFT for batch 0Nm_BPFI_03:138 published to Enterprise/Site/Area/Motor3/Analysis/Vibration/fft
Prediction for batch 0Nm_BPFI_03:138 published to Enterprise/Site/Area/Motor3/Analysis/Diagnosis/prediction
-----------------------------------------
[Motor1] raw_latency_ms=652.924
[Motor1] EDGE UTC : 2026-08-11T13:02:32.791899+00:00
[Motor1] CLOUD UTC: 2026-08-11T13:02:33.444823+00:00
-------------
Batch 0Nm_BPFI_03:46 from Motor1 received. Processing...
FFT for batch 0Nm_BPFI_03:46 published to Enterprise/Site/Area/Motor1/Analysis/Vibration/fft
Prediction for batch 0Nm_BPFI_03:46 published to Enterprise/Site/Area/Motor1/Analysis/Diagnosis/prediction
-----------------------------------------
[Motor2] raw_latency_ms=383.871
[Motor2] EDGE UTC : 2026-08-11T13:02:33.446332+00:00
[Motor2] CLOUD UTC: 2026-08-11T13:02:33.830203+00:00
-------------
Batch 0Nm_BPFI_03:51 from Motor2 received. Processing...
FFT for batch 0Nm_BPFI_03:51 published to Enterprise/Site/Area/Motor2/Analysis/Vibration/fft
Prediction for batch 0Nm_BPFI_03:51 published to Enterprise/Site/Area/Motor2/Analysis/Diagnosis/prediction
-----------------------------------------
[Motor1] raw_latency_ms=366.579
[Motor1] EDGE UTC : 2026-08-11T13:02:33.830003+00:00
[Motor1] CLOUD UTC: 2026-08-11T13:02:34.196582+00:00
-------------
Batch 0Nm_BPFI_03:47 from Motor1 received. Processing...
FFT for batch 0Nm_BPFI_03:47 published to Enterprise/Site/Area/Motor1/Analysis/Vibration/fft
Prediction for batch 0Nm_BPFI_03:47 published to Enterprise/Site/Area/Motor1/Analysis/Diagnosis/prediction
-----------------------------------------
[Motor3] raw_latency_ms=394.712
[Motor3] EDGE UTC : 2026-08-11T13:02:33.907027+00:00
[Motor3] CLOUD UTC: 2026-08-11T13:02:34.301738+00:00
-------------
Batch 0Nm_BPFI_03:139 from Motor3 received. Processing...
FFT for batch 0Nm_BPFI_03:139 published to Enterprise/Site/Area/Motor3/Analysis/Vibration/fft
Prediction for batch 0Nm_BPFI_03:139 published to Enterprise/Site/Area/Motor3/Analysis/Diagnosis/prediction
-----------------------------------------
[Motor2] raw_latency_ms=687.680
[Motor2] EDGE UTC : 2026-08-11T13:02:34.468060+00:00
[Motor2] CLOUD UTC: 2026-08-11T13:02:35.155740+00:00
-------------
Batch 0Nm_BPFI_03:52 from Motor2 received. Processing...
FFT for batch 0Nm_BPFI_03:52 published to Enterprise/Site/Area/Motor2/Analysis/Vibration/fft
Prediction for batch 0Nm_BPFI_03:52 published to Enterprise/Site/Area/Motor2/Analysis/Diagnosis/prediction
-----------------------------------------
[Motor3] raw_latency_ms=386.301
[Motor3] EDGE UTC : 2026-08-11T13:02:34.915915+00:00
[Motor3] CLOUD UTC: 2026-08-11T13:02:35.302215+00:00
-------------
Batch 0Nm_BPFI_03:140 from Motor3 received. Processing...
FFT for batch 0Nm_BPFI_03:140 published to Enterprise/Site/Area/Motor3/Analysis/Vibration/fft
Prediction for batch 0Nm_BPFI_03:140 published to Enterprise/Site/Area/Motor3/Analysis/Diagnosis/prediction
-----------------------------------------
[Motor1] raw_latency_ms=756.817
[Motor1] EDGE UTC : 2026-08-11T13:02:34.868116+00:00
[Motor1] CLOUD UTC: 2026-08-11T13:02:35.624933+00:00
-------------
Batch 0Nm_BPFI_03:48 from Motor1 received. Processing...
FFT for batch 0Nm_BPFI_03:48 published to Enterprise/Site/Area/Motor1/Analysis/Vibration/fft
Prediction for batch 0Nm_BPFI_03:48 published to Enterprise/Site/Area/Motor1/Analysis/Diagnosis/prediction
-----------------------------------------
[Motor2] raw_latency_ms=371.775
[Motor2] EDGE UTC : 2026-08-11T13:02:35.486746+00:00
[Motor2] CLOUD UTC: 2026-08-11T13:02:35.858522+00:00
-------------
Batch 0Nm_BPFI_03:53 from Motor2 received. Processing...
FFT for batch 0Nm_BPFI_03:53 published to Enterprise/Site/Area/Motor2/Analysis/Vibration/fft
Prediction for batch 0Nm_BPFI_03:53 published to Enterprise/Site/Area/Motor2/Analysis/Diagnosis/prediction
-----------------------------------------
[Motor1] raw_latency_ms=360.446
[Motor1] EDGE UTC : 2026-08-11T13:02:35.906015+00:00
[Motor1] CLOUD UTC: 2026-08-11T13:02:36.266461+00:00
-------------
Batch 0Nm_BPFI_03:49 from Motor1 received. Processing...
FFT for batch 0Nm_BPFI_03:49 published to Enterprise/Site/Area/Motor1/Analysis/Vibration/fft
Prediction for batch 0Nm_BPFI_03:49 published to Enterprise/Site/Area/Motor1/Analysis/Diagnosis/prediction
-----------------------------------------
[Motor3] raw_latency_ms=514.014
[Motor3] EDGE UTC : 2026-08-11T13:02:35.921554+00:00
[Motor3] CLOUD UTC: 2026-08-11T13:02:36.435569+00:00
-------------
Batch 0Nm_BPFI_03:141 from Motor3 received. Processing...
FFT for batch 0Nm_BPFI_03:141 published to Enterprise/Site/Area/Motor3/Analysis/Vibration/fft
Prediction for batch 0Nm_BPFI_03:141 published to Enterprise/Site/Area/Motor3/Analysis/Diagnosis/prediction
-----------------------------------------
[Motor2] raw_latency_ms=392.151
[Motor2] EDGE UTC : 2026-08-11T13:02:36.534374+00:00
[Motor2] CLOUD UTC: 2026-08-11T13:02:36.926525+00:00
-------------
Batch 0Nm_BPFI_03:54 from Motor2 received. Processing...
FFT for batch 0Nm_BPFI_03:54 published to Enterprise/Site/Area/Motor2/Analysis/Vibration/fft
Prediction for batch 0Nm_BPFI_03:54 published to Enterprise/Site/Area/Motor2/Analysis/Diagnosis/prediction
-----------------------------------------
[Motor3] raw_latency_ms=373.015
[Motor3] EDGE UTC : 2026-08-11T13:02:36.925247+00:00
[Motor3] CLOUD UTC: 2026-08-11T13:02:37.298262+00:00
-------------
Batch 0Nm_BPFI_03:142 from Motor3 received. Processing...
FFT for batch 0Nm_BPFI_03:142 published to Enterprise/Site/Area/Motor3/Analysis/Vibration/fft
Prediction for batch 0Nm_BPFI_03:142 published to Enterprise/Site/Area/Motor3/Analysis/Diagnosis/prediction
-----------------------------------------
[Motor1] raw_latency_ms=541.774
[Motor1] EDGE UTC : 2026-08-11T13:02:36.946056+00:00
[Motor1] CLOUD UTC: 2026-08-11T13:02:37.487830+00:00
-------------
Batch 0Nm_BPFI_03:50 from Motor1 received. Processing...
FFT for batch 0Nm_BPFI_03:50 published to Enterprise/Site/Area/Motor1/Analysis/Vibration/fft
Prediction for batch 0Nm_BPFI_03:50 published to Enterprise/Site/Area/Motor1/Analysis/Diagnosis/prediction
-----------------------------------------
[Motor2] raw_latency_ms=367.278
[Motor2] EDGE UTC : 2026-08-11T13:02:37.580444+00:00
[Motor2] CLOUD UTC: 2026-08-11T13:02:37.947722+00:00
-------------
Batch 0Nm_BPFI_03:55 from Motor2 received. Processing...
FFT for batch 0Nm_BPFI_03:55 published to Enterprise/Site/Area/Motor2/Analysis/Vibration/fft
Prediction for batch 0Nm_BPFI_03:55 published to Enterprise/Site/Area/Motor2/Analysis/Diagnosis/prediction
-----------------------------------------
[Motor3] raw_latency_ms=346.281
[Motor3] EDGE UTC : 2026-08-11T13:02:37.936296+00:00
[Motor3] CLOUD UTC: 2026-08-11T13:02:38.282577+00:00
-------------
Batch 0Nm_BPFI_03:143 from Motor3 received. Processing...
FFT for batch 0Nm_BPFI_03:143 published to Enterprise/Site/Area/Motor3/Analysis/Vibration/fft
Prediction for batch 0Nm_BPFI_03:143 published to Enterprise/Site/Area/Motor3/Analysis/Diagnosis/prediction
-----------------------------------------
[Motor1] raw_latency_ms=465.072
[Motor1] EDGE UTC : 2026-08-11T13:02:37.984809+00:00
[Motor1] CLOUD UTC: 2026-08-11T13:02:38.449881+00:00
-------------
Batch 0Nm_BPFI_03:51 from Motor1 received. Processing...
FFT for batch 0Nm_BPFI_03:51 published to Enterprise/Site/Area/Motor1/Analysis/Vibration/fft
Prediction for batch 0Nm_BPFI_03:51 published to Enterprise/Site/Area/Motor1/Analysis/Diagnosis/prediction
-----------------------------------------
[Motor2] raw_latency_ms=496.721
[Motor2] EDGE UTC : 2026-08-11T13:02:38.628835+00:00
[Motor2] CLOUD UTC: 2026-08-11T13:02:39.125556+00:00
-------------
Batch 0Nm_BPFI_03:56 from Motor2 received. Processing...
FFT for batch 0Nm_BPFI_03:56 published to Enterprise/Site/Area/Motor2/Analysis/Vibration/fft
Prediction for batch 0Nm_BPFI_03:56 published to Enterprise/Site/Area/Motor2/Analysis/Diagnosis/prediction
-----------------------------------------
[Motor3] raw_latency_ms=347.638
[Motor3] EDGE UTC : 2026-08-11T13:02:38.949123+00:00
[Motor3] CLOUD UTC: 2026-08-11T13:02:39.296761+00:00
-------------
Batch 0Nm_BPFI_03:144 from Motor3 received. Processing...
FFT for batch 0Nm_BPFI_03:144 published to Enterprise/Site/Area/Motor3/Analysis/Vibration/fft
Prediction for batch 0Nm_BPFI_03:144 published to Enterprise/Site/Area/Motor3/Analysis/Diagnosis/prediction
-----------------------------------------
[Motor1] raw_latency_ms=479.338
[Motor1] EDGE UTC : 2026-08-11T13:02:39.023293+00:00
[Motor1] CLOUD UTC: 2026-08-11T13:02:39.502631+00:00
-------------
Batch 0Nm_BPFI_03:52 from Motor1 received. Processing...
FFT for batch 0Nm_BPFI_03:52 published to Enterprise/Site/Area/Motor1/Analysis/Vibration/fft
Prediction for batch 0Nm_BPFI_03:52 published to Enterprise/Site/Area/Motor1/Analysis/Diagnosis/prediction
-----------------------------------------
[Motor2] raw_latency_ms=524.691
[Motor2] EDGE UTC : 2026-08-11T13:02:39.647442+00:00
[Motor2] CLOUD UTC: 2026-08-11T13:02:40.172133+00:00
-------------
Batch 0Nm_BPFI_03:57 from Motor2 received. Processing...
FFT for batch 0Nm_BPFI_03:57 published to Enterprise/Site/Area/Motor2/Analysis/Vibration/fft
Prediction for batch 0Nm_BPFI_03:57 published to Enterprise/Site/Area/Motor2/Analysis/Diagnosis/prediction
-----------------------------------------
[Motor3] raw_latency_ms=347.890
[Motor3] EDGE UTC : 2026-08-11T13:02:39.958719+00:00
[Motor3] CLOUD UTC: 2026-08-11T13:02:40.306609+00:00
-------------
Batch 0Nm_BPFI_03:145 from Motor3 received. Processing...
FFT for batch 0Nm_BPFI_03:145 published to Enterprise/Site/Area/Motor3/Analysis/Vibration/fft
Prediction for batch 0Nm_BPFI_03:145 published to Enterprise/Site/Area/Motor3/Analysis/Diagnosis/prediction
-----------------------------------------
[Motor1] raw_latency_ms=359.930
[Motor1] EDGE UTC : 2026-08-11T13:02:40.061391+00:00
[Motor1] CLOUD UTC: 2026-08-11T13:02:40.421321+00:00
-------------
Batch 0Nm_BPFI_03:53 from Motor1 received. Processing...
FFT for batch 0Nm_BPFI_03:53 published to Enterprise/Site/Area/Motor1/Analysis/Vibration/fft
Prediction for batch 0Nm_BPFI_03:53 published to Enterprise/Site/Area/Motor1/Analysis/Diagnosis/prediction
-----------------------------------------
[Motor2] raw_latency_ms=580.009
[Motor2] EDGE UTC : 2026-08-11T13:02:40.665900+00:00
[Motor2] CLOUD UTC: 2026-08-11T13:02:41.245910+00:00
-------------
Batch 0Nm_BPFI_03:58 from Motor2 received. Processing...
FFT for batch 0Nm_BPFI_03:58 published to Enterprise/Site/Area/Motor2/Analysis/Vibration/fft
Prediction for batch 0Nm_BPFI_03:58 published to Enterprise/Site/Area/Motor2/Analysis/Diagnosis/prediction
-----------------------------------------
[Motor3] raw_latency_ms=390.856
[Motor3] EDGE UTC : 2026-08-11T13:02:40.962035+00:00
[Motor3] CLOUD UTC: 2026-08-11T13:02:41.352890+00:00
-------------
Batch 0Nm_BPFI_03:146 from Motor3 received. Processing...
FFT for batch 0Nm_BPFI_03:146 published to Enterprise/Site/Area/Motor3/Analysis/Vibration/fft
Prediction for batch 0Nm_BPFI_03:146 published to Enterprise/Site/Area/Motor3/Analysis/Diagnosis/prediction
-----------------------------------------
[Motor1] raw_latency_ms=429.860
[Motor1] EDGE UTC : 2026-08-11T13:02:41.099748+00:00
[Motor1] CLOUD UTC: 2026-08-11T13:02:41.529608+00:00
-------------
Batch 0Nm_BPFI_03:54 from Motor1 received. Processing...
FFT for batch 0Nm_BPFI_03:54 published to Enterprise/Site/Area/Motor1/Analysis/Vibration/fft
Prediction for batch 0Nm_BPFI_03:54 published to Enterprise/Site/Area/Motor1/Analysis/Diagnosis/prediction
-----------------------------------------
[Motor2] raw_latency_ms=398.342
[Motor2] EDGE UTC : 2026-08-11T13:02:41.688116+00:00
[Motor2] CLOUD UTC: 2026-08-11T13:02:42.086459+00:00
-------------
Batch 0Nm_BPFI_03:59 from Motor2 received. Processing...
FFT for batch 0Nm_BPFI_03:59 published to Enterprise/Site/Area/Motor2/Analysis/Vibration/fft
Prediction for batch 0Nm_BPFI_03:59 published to Enterprise/Site/Area/Motor2/Analysis/Diagnosis/prediction
-----------------------------------------
[Motor3] raw_latency_ms=383.892
[Motor3] EDGE UTC : 2026-08-11T13:02:41.969017+00:00
[Motor3] CLOUD UTC: 2026-08-11T13:02:42.352909+00:00
-------------
Batch 0Nm_BPFI_03:147 from Motor3 received. Processing...
FFT for batch 0Nm_BPFI_03:147 published to Enterprise/Site/Area/Motor3/Analysis/Vibration/fft
Prediction for batch 0Nm_BPFI_03:147 published to Enterprise/Site/Area/Motor3/Analysis/Diagnosis/prediction
-----------------------------------------
[Motor1] raw_latency_ms=362.400
[Motor1] EDGE UTC : 2026-08-11T13:02:42.137594+00:00
[Motor1] CLOUD UTC: 2026-08-11T13:02:42.499994+00:00
-------------
Batch 0Nm_BPFI_03:55 from Motor1 received. Processing...
FFT for batch 0Nm_BPFI_03:55 published to Enterprise/Site/Area/Motor1/Analysis/Vibration/fft
Prediction for batch 0Nm_BPFI_03:55 published to Enterprise/Site/Area/Motor1/Analysis/Diagnosis/prediction
-----------------------------------------
[Motor2] raw_latency_ms=479.900
[Motor2] EDGE UTC : 2026-08-11T13:02:42.708148+00:00
[Motor2] CLOUD UTC: 2026-08-11T13:02:43.188047+00:00
-------------
Batch 0Nm_BPFI_03:60 from Motor2 received. Processing...
FFT for batch 0Nm_BPFI_03:60 published to Enterprise/Site/Area/Motor2/Analysis/Vibration/fft
Prediction for batch 0Nm_BPFI_03:60 published to Enterprise/Site/Area/Motor2/Analysis/Diagnosis/prediction
-----------------------------------------
[Motor3] raw_latency_ms=322.651
[Motor3] EDGE UTC : 2026-08-11T13:02:42.975432+00:00
[Motor3] CLOUD UTC: 2026-08-11T13:02:43.298083+00:00
-------------
Batch 0Nm_BPFI_03:148 from Motor3 received. Processing...
FFT for batch 0Nm_BPFI_03:148 published to Enterprise/Site/Area/Motor3/Analysis/Vibration/fft
Prediction for batch 0Nm_BPFI_03:148 published to Enterprise/Site/Area/Motor3/Analysis/Diagnosis/prediction
-----------------------------------------
[Motor1] raw_latency_ms=392.771
[Motor1] EDGE UTC : 2026-08-11T13:02:43.175725+00:00
[Motor1] CLOUD UTC: 2026-08-11T13:02:43.568495+00:00
-------------
Batch 0Nm_BPFI_03:56 from Motor1 received. Processing...
FFT for batch 0Nm_BPFI_03:56 published to Enterprise/Site/Area/Motor1/Analysis/Vibration/fft
Prediction for batch 0Nm_BPFI_03:56 published to Enterprise/Site/Area/Motor1/Analysis/Diagnosis/prediction
-----------------------------------------
[Motor2] raw_latency_ms=363.866
[Motor2] EDGE UTC : 2026-08-11T13:02:43.752884+00:00
[Motor2] CLOUD UTC: 2026-08-11T13:02:44.116750+00:00
-------------
Batch 0Nm_BPFI_03:61 from Motor2 received. Processing...
FFT for batch 0Nm_BPFI_03:61 published to Enterprise/Site/Area/Motor2/Analysis/Vibration/fft
Prediction for batch 0Nm_BPFI_03:61 published to Enterprise/Site/Area/Motor2/Analysis/Diagnosis/prediction
-----------------------------------------
[Motor3] raw_latency_ms=247.745
[Motor3] EDGE UTC : 2026-08-11T13:02:43.978811+00:00
[Motor3] CLOUD UTC: 2026-08-11T13:02:44.226556+00:00
-------------
Batch 0Nm_BPFI_03:149 from Motor3 received. Processing...
FFT for batch 0Nm_BPFI_03:149 published to Enterprise/Site/Area/Motor3/Analysis/Vibration/fft
Prediction for batch 0Nm_BPFI_03:149 published to Enterprise/Site/Area/Motor3/Analysis/Diagnosis/prediction
-----------------------------------------
[Motor1] raw_latency_ms=371.597
[Motor1] EDGE UTC : 2026-08-11T13:02:44.213960+00:00
[Motor1] CLOUD UTC: 2026-08-11T13:02:44.585557+00:00
-------------
Batch 0Nm_BPFI_03:57 from Motor1 received. Processing...
FFT for batch 0Nm_BPFI_03:57 published to Enterprise/Site/Area/Motor1/Analysis/Vibration/fft
Prediction for batch 0Nm_BPFI_03:57 published to Enterprise/Site/Area/Motor1/Analysis/Diagnosis/prediction
-----------------------------------------
[Motor2] raw_latency_ms=496.363
[Motor2] EDGE UTC : 2026-08-11T13:02:44.800942+00:00
[Motor2] CLOUD UTC: 2026-08-11T13:02:45.297305+00:00
-------------
Batch 0Nm_BPFI_03:62 from Motor2 received. Processing...
FFT for batch 0Nm_BPFI_03:62 published to Enterprise/Site/Area/Motor2/Analysis/Vibration/fft
Prediction for batch 0Nm_BPFI_03:62 published to Enterprise/Site/Area/Motor2/Analysis/Diagnosis/prediction
-----------------------------------------
[Motor3] raw_latency_ms=432.887
[Motor3] EDGE UTC : 2026-08-11T13:02:44.984052+00:00
[Motor3] CLOUD UTC: 2026-08-11T13:02:45.416939+00:00
-------------
Batch 0Nm_BPFI_03:150 from Motor3 received. Processing...
FFT for batch 0Nm_BPFI_03:150 published to Enterprise/Site/Area/Motor3/Analysis/Vibration/fft
Prediction for batch 0Nm_BPFI_03:150 published to Enterprise/Site/Area/Motor3/Analysis/Diagnosis/prediction
-----------------------------------------
[Motor1] raw_latency_ms=379.919
[Motor1] EDGE UTC : 2026-08-11T13:02:45.254188+00:00
[Motor1] CLOUD UTC: 2026-08-11T13:02:45.634107+00:00
-------------
Batch 0Nm_BPFI_03:58 from Motor1 received. Processing...
FFT for batch 0Nm_BPFI_03:58 published to Enterprise/Site/Area/Motor1/Analysis/Vibration/fft
Prediction for batch 0Nm_BPFI_03:58 published to Enterprise/Site/Area/Motor1/Analysis/Diagnosis/prediction
-----------------------------------------
[Motor3] raw_latency_ms=337.784
[Motor3] EDGE UTC : 2026-08-11T13:02:45.990034+00:00
[Motor3] CLOUD UTC: 2026-08-11T13:02:46.327818+00:00
-------------
Batch 0Nm_BPFI_03:151 from Motor3 received. Processing...
FFT for batch 0Nm_BPFI_03:151 published to Enterprise/Site/Area/Motor3/Analysis/Vibration/fft
Prediction for batch 0Nm_BPFI_03:151 published to Enterprise/Site/Area/Motor3/Analysis/Diagnosis/prediction
-----------------------------------------
[Motor2] raw_latency_ms=588.070
[Motor2] EDGE UTC : 2026-08-11T13:02:45.851742+00:00
[Motor2] CLOUD UTC: 2026-08-11T13:02:46.439812+00:00
-------------
Batch 0Nm_BPFI_03:63 from Motor2 received. Processing...
FFT for batch 0Nm_BPFI_03:63 published to Enterprise/Site/Area/Motor2/Analysis/Vibration/fft
Prediction for batch 0Nm_BPFI_03:63 published to Enterprise/Site/Area/Motor2/Analysis/Diagnosis/prediction
-----------------------------------------
[Motor1] raw_latency_ms=362.601
[Motor1] EDGE UTC : 2026-08-11T13:02:46.292244+00:00
[Motor1] CLOUD UTC: 2026-08-11T13:02:46.654845+00:00
-------------
Batch 0Nm_BPFI_03:59 from Motor1 received. Processing...
FFT for batch 0Nm_BPFI_03:59 published to Enterprise/Site/Area/Motor1/Analysis/Vibration/fft
Prediction for batch 0Nm_BPFI_03:59 published to Enterprise/Site/Area/Motor1/Analysis/Diagnosis/prediction
-----------------------------------------
[Motor3] raw_latency_ms=231.297
[Motor3] EDGE UTC : 2026-08-11T13:02:46.997288+00:00
[Motor3] CLOUD UTC: 2026-08-11T13:02:47.228586+00:00
-------------
Batch 0Nm_BPFI_03:152 from Motor3 received. Processing...
FFT for batch 0Nm_BPFI_03:152 published to Enterprise/Site/Area/Motor3/Analysis/Vibration/fft
Prediction for batch 0Nm_BPFI_03:152 published to Enterprise/Site/Area/Motor3/Analysis/Diagnosis/prediction
-----------------------------------------
[Motor2] raw_latency_ms=433.363
[Motor2] EDGE UTC : 2026-08-11T13:02:46.902985+00:00
[Motor2] CLOUD UTC: 2026-08-11T13:02:47.336348+00:00
-------------
Batch 0Nm_BPFI_03:64 from Motor2 received. Processing...
FFT for batch 0Nm_BPFI_03:64 published to Enterprise/Site/Area/Motor2/Analysis/Vibration/fft
Prediction for batch 0Nm_BPFI_03:64 published to Enterprise/Site/Area/Motor2/Analysis/Diagnosis/prediction
-----------------------------------------
[Motor1] raw_latency_ms=380.685
[Motor1] EDGE UTC : 2026-08-11T13:02:47.330153+00:00
[Motor1] CLOUD UTC: 2026-08-11T13:02:47.710838+00:00
-------------
Batch 0Nm_BPFI_03:60 from Motor1 received. Processing...
FFT for batch 0Nm_BPFI_03:60 published to Enterprise/Site/Area/Motor1/Analysis/Vibration/fft
Prediction for batch 0Nm_BPFI_03:60 published to Enterprise/Site/Area/Motor1/Analysis/Diagnosis/prediction
-----------------------------------------
[Motor3] raw_latency_ms=215.222
[Motor3] EDGE UTC : 2026-08-11T13:02:48.001401+00:00
[Motor3] CLOUD UTC: 2026-08-11T13:02:48.216623+00:00
-------------
Batch 0Nm_BPFI_03:153 from Motor3 received. Processing...
FFT for batch 0Nm_BPFI_03:153 published to Enterprise/Site/Area/Motor3/Analysis/Vibration/fft
Prediction for batch 0Nm_BPFI_03:153 published to Enterprise/Site/Area/Motor3/Analysis/Diagnosis/prediction
-----------------------------------------
[Motor2] raw_latency_ms=385.992
[Motor2] EDGE UTC : 2026-08-11T13:02:47.954983+00:00
[Motor2] CLOUD UTC: 2026-08-11T13:02:48.340975+00:00
-------------
Batch 0Nm_BPFI_03:65 from Motor2 received. Processing...
FFT for batch 0Nm_BPFI_03:65 published to Enterprise/Site/Area/Motor2/Analysis/Vibration/fft
Prediction for batch 0Nm_BPFI_03:65 published to Enterprise/Site/Area/Motor2/Analysis/Diagnosis/prediction
-----------------------------------------
[Motor1] raw_latency_ms=387.945
[Motor1] EDGE UTC : 2026-08-11T13:02:48.368601+00:00
[Motor1] CLOUD UTC: 2026-08-11T13:02:48.756546+00:00
-------------
Batch 0Nm_BPFI_03:61 from Motor1 received. Processing...
FFT for batch 0Nm_BPFI_03:61 published to Enterprise/Site/Area/Motor1/Analysis/Vibration/fft
Prediction for batch 0Nm_BPFI_03:61 published to Enterprise/Site/Area/Motor1/Analysis/Diagnosis/prediction
-----------------------------------------
[Motor3] raw_latency_ms=234.840
[Motor3] EDGE UTC : 2026-08-11T13:02:49.004866+00:00
[Motor3] CLOUD UTC: 2026-08-11T13:02:49.239706+00:00
-------------
Batch 0Nm_BPFI_03:154 from Motor3 received. Processing...
FFT for batch 0Nm_BPFI_03:154 published to Enterprise/Site/Area/Motor3/Analysis/Vibration/fft
Prediction for batch 0Nm_BPFI_03:154 published to Enterprise/Site/Area/Motor3/Analysis/Diagnosis/prediction
-----------------------------------------
[Motor2] raw_latency_ms=388.105
[Motor2] EDGE UTC : 2026-08-11T13:02:49.006994+00:00
[Motor2] CLOUD UTC: 2026-08-11T13:02:49.395099+00:00
-------------
Batch 0Nm_BPFI_03:66 from Motor2 received. Processing...
FFT for batch 0Nm_BPFI_03:66 published to Enterprise/Site/Area/Motor2/Analysis/Vibration/fft
Prediction for batch 0Nm_BPFI_03:66 published to Enterprise/Site/Area/Motor2/Analysis/Diagnosis/prediction
-----------------------------------------
[Motor1] raw_latency_ms=377.150
[Motor1] EDGE UTC : 2026-08-11T13:02:49.406973+00:00
[Motor1] CLOUD UTC: 2026-08-11T13:02:49.784123+00:00
-------------
Batch 0Nm_BPFI_03:62 from Motor1 received. Processing...
FFT for batch 0Nm_BPFI_03:62 published to Enterprise/Site/Area/Motor1/Analysis/Vibration/fft
Prediction for batch 0Nm_BPFI_03:62 published to Enterprise/Site/Area/Motor1/Analysis/Diagnosis/prediction
-----------------------------------------
[Motor3] raw_latency_ms=233.389
[Motor3] EDGE UTC : 2026-08-11T13:02:50.009116+00:00
[Motor3] CLOUD UTC: 2026-08-11T13:02:50.242506+00:00
-------------
Batch 0Nm_BPFI_03:155 from Motor3 received. Processing...
FFT for batch 0Nm_BPFI_03:155 published to Enterprise/Site/Area/Motor3/Analysis/Vibration/fft
Prediction for batch 0Nm_BPFI_03:155 published to Enterprise/Site/Area/Motor3/Analysis/Diagnosis/prediction
-----------------------------------------
[Motor2] raw_latency_ms=404.785
[Motor2] EDGE UTC : 2026-08-11T13:02:50.055085+00:00
[Motor2] CLOUD UTC: 2026-08-11T13:02:50.459870+00:00
-------------
Batch 0Nm_BPFI_03:67 from Motor2 received. Processing...
FFT for batch 0Nm_BPFI_03:67 published to Enterprise/Site/Area/Motor2/Analysis/Vibration/fft
Prediction for batch 0Nm_BPFI_03:67 published to Enterprise/Site/Area/Motor2/Analysis/Diagnosis/prediction
-----------------------------------------
[Motor1] raw_latency_ms=382.734
[Motor1] EDGE UTC : 2026-08-11T13:02:50.448304+00:00
[Motor1] CLOUD UTC: 2026-08-11T13:02:50.831038+00:00
-------------
Batch 0Nm_BPFI_03:63 from Motor1 received. Processing...
FFT for batch 0Nm_BPFI_03:63 published to Enterprise/Site/Area/Motor1/Analysis/Vibration/fft
Prediction for batch 0Nm_BPFI_03:63 published to Enterprise/Site/Area/Motor1/Analysis/Diagnosis/prediction
-----------------------------------------
[Motor3] raw_latency_ms=233.949
[Motor3] EDGE UTC : 2026-08-11T13:02:51.012895+00:00
[Motor3] CLOUD UTC: 2026-08-11T13:02:51.246844+00:00
-------------
Batch 0Nm_BPFI_03:156 from Motor3 received. Processing...
FFT for batch 0Nm_BPFI_03:156 published to Enterprise/Site/Area/Motor3/Analysis/Vibration/fft
Prediction for batch 0Nm_BPFI_03:156 published to Enterprise/Site/Area/Motor3/Analysis/Diagnosis/prediction
-----------------------------------------
[Motor2] raw_latency_ms=396.311
[Motor2] EDGE UTC : 2026-08-11T13:02:51.102790+00:00
[Motor2] CLOUD UTC: 2026-08-11T13:02:51.499101+00:00
-------------
Batch 0Nm_BPFI_03:68 from Motor2 received. Processing...
FFT for batch 0Nm_BPFI_03:68 published to Enterprise/Site/Area/Motor2/Analysis/Vibration/fft
Prediction for batch 0Nm_BPFI_03:68 published to Enterprise/Site/Area/Motor2/Analysis/Diagnosis/prediction
-----------------------------------------
[Motor1] raw_latency_ms=402.622
[Motor1] EDGE UTC : 2026-08-11T13:02:51.492555+00:00
[Motor1] CLOUD UTC: 2026-08-11T13:02:51.895177+00:00
-------------
Batch 0Nm_BPFI_03:64 from Motor1 received. Processing...
FFT for batch 0Nm_BPFI_03:64 published to Enterprise/Site/Area/Motor1/Analysis/Vibration/fft
Prediction for batch 0Nm_BPFI_03:64 published to Enterprise/Site/Area/Motor1/Analysis/Diagnosis/prediction
-----------------------------------------
[Motor3] raw_latency_ms=235.095
[Motor3] EDGE UTC : 2026-08-11T13:02:52.019742+00:00
[Motor3] CLOUD UTC: 2026-08-11T13:02:52.254837+00:00
-------------
Batch 0Nm_BPFI_03:157 from Motor3 received. Processing...
FFT for batch 0Nm_BPFI_03:157 published to Enterprise/Site/Area/Motor3/Analysis/Vibration/fft
Prediction for batch 0Nm_BPFI_03:157 published to Enterprise/Site/Area/Motor3/Analysis/Diagnosis/prediction
-----------------------------------------
[Motor2] raw_latency_ms=373.878
[Motor2] EDGE UTC : 2026-08-11T13:02:52.154949+00:00
[Motor2] CLOUD UTC: 2026-08-11T13:02:52.528827+00:00
-------------
Batch 0Nm_BPFI_03:69 from Motor2 received. Processing...
FFT for batch 0Nm_BPFI_03:69 published to Enterprise/Site/Area/Motor2/Analysis/Vibration/fft
Prediction for batch 0Nm_BPFI_03:69 published to Enterprise/Site/Area/Motor2/Analysis/Diagnosis/prediction
-----------------------------------------
[Motor1] raw_latency_ms=455.468
[Motor1] EDGE UTC : 2026-08-11T13:02:52.537086+00:00
[Motor1] CLOUD UTC: 2026-08-11T13:02:52.992555+00:00
-------------
Batch 0Nm_BPFI_03:65 from Motor1 received. Processing...
FFT for batch 0Nm_BPFI_03:65 published to Enterprise/Site/Area/Motor1/Analysis/Vibration/fft
Prediction for batch 0Nm_BPFI_03:65 published to Enterprise/Site/Area/Motor1/Analysis/Diagnosis/prediction
-----------------------------------------
[Motor3] raw_latency_ms=234.793
[Motor3] EDGE UTC : 2026-08-11T13:02:53.024976+00:00
[Motor3] CLOUD UTC: 2026-08-11T13:02:53.259769+00:00
-------------
Batch 0Nm_BPFI_03:158 from Motor3 received. Processing...
FFT for batch 0Nm_BPFI_03:158 published to Enterprise/Site/Area/Motor3/Analysis/Vibration/fft
Prediction for batch 0Nm_BPFI_03:158 published to Enterprise/Site/Area/Motor3/Analysis/Diagnosis/prediction
-----------------------------------------
[Motor2] raw_latency_ms=395.581
[Motor2] EDGE UTC : 2026-08-11T13:02:53.202427+00:00
[Motor2] CLOUD UTC: 2026-08-11T13:02:53.598007+00:00
-------------
Batch 0Nm_BPFI_03:70 from Motor2 received. Processing...
FFT for batch 0Nm_BPFI_03:70 published to Enterprise/Site/Area/Motor2/Analysis/Vibration/fft
Prediction for batch 0Nm_BPFI_03:70 published to Enterprise/Site/Area/Motor2/Analysis/Diagnosis/prediction
-----------------------------------------
[Motor1] raw_latency_ms=401.662
[Motor1] EDGE UTC : 2026-08-11T13:02:53.581516+00:00
[Motor1] CLOUD UTC: 2026-08-11T13:02:53.983178+00:00
-------------
Batch 0Nm_BPFI_03:66 from Motor1 received. Processing...
FFT for batch 0Nm_BPFI_03:66 published to Enterprise/Site/Area/Motor1/Analysis/Vibration/fft
Prediction for batch 0Nm_BPFI_03:66 published to Enterprise/Site/Area/Motor1/Analysis/Diagnosis/prediction
-----------------------------------------
[Motor3] raw_latency_ms=238.747
[Motor3] EDGE UTC : 2026-08-11T13:02:54.028429+00:00
[Motor3] CLOUD UTC: 2026-08-11T13:02:54.267176+00:00
-------------
Batch 0Nm_BPFI_03:159 from Motor3 received. Processing...
FFT for batch 0Nm_BPFI_03:159 published to Enterprise/Site/Area/Motor3/Analysis/Vibration/fft
Prediction for batch 0Nm_BPFI_03:159 published to Enterprise/Site/Area/Motor3/Analysis/Diagnosis/prediction
-----------------------------------------
[Motor2] raw_latency_ms=359.525
[Motor2] EDGE UTC : 2026-08-11T13:02:54.245687+00:00
[Motor2] CLOUD UTC: 2026-08-11T13:02:54.605211+00:00
-------------
Batch 0Nm_BPFI_03:71 from Motor2 received. Processing...
FFT for batch 0Nm_BPFI_03:71 published to Enterprise/Site/Area/Motor2/Analysis/Vibration/fft
Prediction for batch 0Nm_BPFI_03:71 published to Enterprise/Site/Area/Motor2/Analysis/Diagnosis/prediction
-----------------------------------------
[Motor1] raw_latency_ms=360.516
[Motor1] EDGE UTC : 2026-08-11T13:02:54.626137+00:00
[Motor1] CLOUD UTC: 2026-08-11T13:02:54.986653+00:00
-------------
Batch 0Nm_BPFI_03:67 from Motor1 received. Processing...
FFT for batch 0Nm_BPFI_03:67 published to Enterprise/Site/Area/Motor1/Analysis/Vibration/fft
Prediction for batch 0Nm_BPFI_03:67 published to Enterprise/Site/Area/Motor1/Analysis/Diagnosis/prediction
-----------------------------------------
[Motor3] raw_latency_ms=229.202
[Motor3] EDGE UTC : 2026-08-11T13:02:55.033725+00:00
[Motor3] CLOUD UTC: 2026-08-11T13:02:55.262927+00:00
-------------
Batch 0Nm_BPFI_03:160 from Motor3 received. Processing...
FFT for batch 0Nm_BPFI_03:160 published to Enterprise/Site/Area/Motor3/Analysis/Vibration/fft
Prediction for batch 0Nm_BPFI_03:160 published to Enterprise/Site/Area/Motor3/Analysis/Diagnosis/prediction
-----------------------------------------
[Motor2] raw_latency_ms=480.911
[Motor2] EDGE UTC : 2026-08-11T13:02:55.293374+00:00
[Motor2] CLOUD UTC: 2026-08-11T13:02:55.774285+00:00
-------------
Batch 0Nm_BPFI_03:72 from Motor2 received. Processing...
FFT for batch 0Nm_BPFI_03:72 published to Enterprise/Site/Area/Motor2/Analysis/Vibration/fft
Prediction for batch 0Nm_BPFI_03:72 published to Enterprise/Site/Area/Motor2/Analysis/Diagnosis/prediction
-----------------------------------------
[Motor1] raw_latency_ms=552.583
[Motor1] EDGE UTC : 2026-08-11T13:02:55.670779+00:00
[Motor1] CLOUD UTC: 2026-08-11T13:02:56.223361+00:00
-------------
Batch 0Nm_BPFI_03:68 from Motor1 received. Processing...
FFT for batch 0Nm_BPFI_03:68 published to Enterprise/Site/Area/Motor1/Analysis/Vibration/fft
Prediction for batch 0Nm_BPFI_03:68 published to Enterprise/Site/Area/Motor1/Analysis/Diagnosis/prediction
-----------------------------------------
[Motor3] raw_latency_ms=333.805
[Motor3] EDGE UTC : 2026-08-11T13:02:56.038891+00:00
[Motor3] CLOUD UTC: 2026-08-11T13:02:56.372695+00:00
-------------
Batch 0Nm_BPFI_03:161 from Motor3 received. Processing...
FFT for batch 0Nm_BPFI_03:161 published to Enterprise/Site/Area/Motor3/Analysis/Vibration/fft
Prediction for batch 0Nm_BPFI_03:161 published to Enterprise/Site/Area/Motor3/Analysis/Diagnosis/prediction
-----------------------------------------
[Motor2] raw_latency_ms=358.752
[Motor2] EDGE UTC : 2026-08-11T13:02:56.341220+00:00
[Motor2] CLOUD UTC: 2026-08-11T13:02:56.699972+00:00
-------------
Batch 0Nm_BPFI_03:73 from Motor2 received. Processing...
FFT for batch 0Nm_BPFI_03:73 published to Enterprise/Site/Area/Motor2/Analysis/Vibration/fft
Prediction for batch 0Nm_BPFI_03:73 published to Enterprise/Site/Area/Motor2/Analysis/Diagnosis/prediction
-----------------------------------------
[Motor1] raw_latency_ms=356.184
[Motor1] EDGE UTC : 2026-08-11T13:02:56.714794+00:00
[Motor1] CLOUD UTC: 2026-08-11T13:02:57.070977+00:00
-------------
Batch 0Nm_BPFI_03:69 from Motor1 received. Processing...
FFT for batch 0Nm_BPFI_03:69 published to Enterprise/Site/Area/Motor1/Analysis/Vibration/fft
Prediction for batch 0Nm_BPFI_03:69 published to Enterprise/Site/Area/Motor1/Analysis/Diagnosis/prediction
-----------------------------------------
[Motor3] raw_latency_ms=234.088
[Motor3] EDGE UTC : 2026-08-11T13:02:57.042361+00:00
[Motor3] CLOUD UTC: 2026-08-11T13:02:57.276449+00:00
-------------
Batch 0Nm_BPFI_03:162 from Motor3 received. Processing...
FFT for batch 0Nm_BPFI_03:162 published to Enterprise/Site/Area/Motor3/Analysis/Vibration/fft
Prediction for batch 0Nm_BPFI_03:162 published to Enterprise/Site/Area/Motor3/Analysis/Diagnosis/prediction
-----------------------------------------
[Motor2] raw_latency_ms=389.656
[Motor2] EDGE UTC : 2026-08-11T13:02:57.389021+00:00
[Motor2] CLOUD UTC: 2026-08-11T13:02:57.778678+00:00
-------------
Batch 0Nm_BPFI_03:74 from Motor2 received. Processing...
FFT for batch 0Nm_BPFI_03:74 published to Enterprise/Site/Area/Motor2/Analysis/Vibration/fft
Prediction for batch 0Nm_BPFI_03:74 published to Enterprise/Site/Area/Motor2/Analysis/Diagnosis/prediction
-----------------------------------------
[Motor1] raw_latency_ms=382.205
[Motor1] EDGE UTC : 2026-08-11T13:02:57.752775+00:00
[Motor1] CLOUD UTC: 2026-08-11T13:02:58.134980+00:00
-------------
Batch 0Nm_BPFI_03:70 from Motor1 received. Processing...
FFT for batch 0Nm_BPFI_03:70 published to Enterprise/Site/Area/Motor1/Analysis/Vibration/fft
Prediction for batch 0Nm_BPFI_03:70 published to Enterprise/Site/Area/Motor1/Analysis/Diagnosis/prediction
-----------------------------------------
[Motor3] raw_latency_ms=230.503
[Motor3] EDGE UTC : 2026-08-11T13:02:58.048217+00:00
[Motor3] CLOUD UTC: 2026-08-11T13:02:58.278720+00:00
-------------
Batch 0Nm_BPFI_03:163 from Motor3 received. Processing...
FFT for batch 0Nm_BPFI_03:163 published to Enterprise/Site/Area/Motor3/Analysis/Vibration/fft
Prediction for batch 0Nm_BPFI_03:163 published to Enterprise/Site/Area/Motor3/Analysis/Diagnosis/prediction
-----------------------------------------
[Motor2] raw_latency_ms=367.269
[Motor2] EDGE UTC : 2026-08-11T13:02:58.433088+00:00
[Motor2] CLOUD UTC: 2026-08-11T13:02:58.800357+00:00
-------------
Batch 0Nm_BPFI_03:75 from Motor2 received. Processing...
FFT for batch 0Nm_BPFI_03:75 published to Enterprise/Site/Area/Motor2/Analysis/Vibration/fft
Prediction for batch 0Nm_BPFI_03:75 published to Enterprise/Site/Area/Motor2/Analysis/Diagnosis/prediction
-----------------------------------------
[Motor1] raw_latency_ms=478.225
[Motor1] EDGE UTC : 2026-08-11T13:02:58.791018+00:00
[Motor1] CLOUD UTC: 2026-08-11T13:02:59.269244+00:00
-------------
Batch 0Nm_BPFI_03:71 from Motor1 received. Processing...
FFT for batch 0Nm_BPFI_03:71 published to Enterprise/Site/Area/Motor1/Analysis/Vibration/fft
Prediction for batch 0Nm_BPFI_03:71 published to Enterprise/Site/Area/Motor1/Analysis/Diagnosis/prediction
-----------------------------------------
[Motor3] raw_latency_ms=323.274
[Motor3] EDGE UTC : 2026-08-11T13:02:59.051423+00:00
[Motor3] CLOUD UTC: 2026-08-11T13:02:59.374696+00:00
-------------
Batch 0Nm_BPFI_03:164 from Motor3 received. Processing...
FFT for batch 0Nm_BPFI_03:164 published to Enterprise/Site/Area/Motor3/Analysis/Vibration/fft
Prediction for batch 0Nm_BPFI_03:164 published to Enterprise/Site/Area/Motor3/Analysis/Diagnosis/prediction
-----------------------------------------
[Motor2] raw_latency_ms=403.851
[Motor2] EDGE UTC : 2026-08-11T13:02:59.481560+00:00
[Motor2] CLOUD UTC: 2026-08-11T13:02:59.885411+00:00
-------------
Batch 0Nm_BPFI_03:76 from Motor2 received. Processing...
FFT for batch 0Nm_BPFI_03:76 published to Enterprise/Site/Area/Motor2/Analysis/Vibration/fft
Prediction for batch 0Nm_BPFI_03:76 published to Enterprise/Site/Area/Motor2/Analysis/Diagnosis/prediction
-----------------------------------------
[Motor1] raw_latency_ms=386.590
[Motor1] EDGE UTC : 2026-08-11T13:02:59.829346+00:00
[Motor1] CLOUD UTC: 2026-08-11T13:03:00.215936+00:00
-------------
Batch 0Nm_BPFI_03:72 from Motor1 received. Processing...
FFT for batch 0Nm_BPFI_03:72 published to Enterprise/Site/Area/Motor1/Analysis/Vibration/fft
Prediction for batch 0Nm_BPFI_03:72 published to Enterprise/Site/Area/Motor1/Analysis/Diagnosis/prediction
-----------------------------------------
[Motor3] raw_latency_ms=271.798
[Motor3] EDGE UTC : 2026-08-11T13:03:00.054908+00:00
[Motor3] CLOUD UTC: 2026-08-11T13:03:00.326706+00:00
-------------
Batch 0Nm_BPFI_03:165 from Motor3 received. Processing...
FFT for batch 0Nm_BPFI_03:165 published to Enterprise/Site/Area/Motor3/Analysis/Vibration/fft
Prediction for batch 0Nm_BPFI_03:165 published to Enterprise/Site/Area/Motor3/Analysis/Diagnosis/prediction
-----------------------------------------
[Motor2] raw_latency_ms=367.996
[Motor2] EDGE UTC : 2026-08-11T13:03:00.529982+00:00
[Motor2] CLOUD UTC: 2026-08-11T13:03:00.897979+00:00
-------------
Batch 0Nm_BPFI_03:77 from Motor2 received. Processing...
FFT for batch 0Nm_BPFI_03:77 published to Enterprise/Site/Area/Motor2/Analysis/Vibration/fft
Prediction for batch 0Nm_BPFI_03:77 published to Enterprise/Site/Area/Motor2/Analysis/Diagnosis/prediction
-----------------------------------------
[Motor1] raw_latency_ms=356.812
[Motor1] EDGE UTC : 2026-08-11T13:03:00.867650+00:00
[Motor1] CLOUD UTC: 2026-08-11T13:03:01.224461+00:00
-------------
Batch 0Nm_BPFI_03:73 from Motor1 received. Processing...
FFT for batch 0Nm_BPFI_03:73 published to Enterprise/Site/Area/Motor1/Analysis/Vibration/fft
Prediction for batch 0Nm_BPFI_03:73 published to Enterprise/Site/Area/Motor1/Analysis/Diagnosis/prediction
-----------------------------------------
[Motor3] raw_latency_ms=272.840
[Motor3] EDGE UTC : 2026-08-11T13:03:01.058607+00:00
[Motor3] CLOUD UTC: 2026-08-11T13:03:01.331448+00:00
-------------
Batch 0Nm_BPFI_03:166 from Motor3 received. Processing...
FFT for batch 0Nm_BPFI_03:166 published to Enterprise/Site/Area/Motor3/Analysis/Vibration/fft
Prediction for batch 0Nm_BPFI_03:166 published to Enterprise/Site/Area/Motor3/Analysis/Diagnosis/prediction
-----------------------------------------
[Motor2] raw_latency_ms=475.475
[Motor2] EDGE UTC : 2026-08-11T13:03:01.580860+00:00
[Motor2] CLOUD UTC: 2026-08-11T13:03:02.056335+00:00
-------------
Batch 0Nm_BPFI_03:78 from Motor2 received. Processing...
FFT for batch 0Nm_BPFI_03:78 published to Enterprise/Site/Area/Motor2/Analysis/Vibration/fft
Prediction for batch 0Nm_BPFI_03:78 published to Enterprise/Site/Area/Motor2/Analysis/Diagnosis/prediction
-----------------------------------------
[Motor3] raw_latency_ms=1192.928
[Motor3] EDGE UTC : 2026-08-11T13:03:02.061870+00:00
[Motor3] CLOUD UTC: 2026-08-11T13:03:03.254798+00:00
-------------
Batch 0Nm_BPFI_03:167 from Motor3 received. Processing...
FFT for batch 0Nm_BPFI_03:167 published to Enterprise/Site/Area/Motor3/Analysis/Vibration/fft
Prediction for batch 0Nm_BPFI_03:167 published to Enterprise/Site/Area/Motor3/Analysis/Diagnosis/prediction
-----------------------------------------
[Motor1] raw_latency_ms=1414.547
[Motor1] EDGE UTC : 2026-08-11T13:03:01.947024+00:00
[Motor1] CLOUD UTC: 2026-08-11T13:03:03.361571+00:00
-------------
Batch 0Nm_BPFI_03:74 from Motor1 received. Processing...
FFT for batch 0Nm_BPFI_03:74 published to Enterprise/Site/Area/Motor1/Analysis/Vibration/fft
Prediction for batch 0Nm_BPFI_03:74 published to Enterprise/Site/Area/Motor1/Analysis/Diagnosis/prediction
-----------------------------------------
[Motor2] raw_latency_ms=895.748
[Motor2] EDGE UTC : 2026-08-11T13:03:02.628788+00:00
[Motor2] CLOUD UTC: 2026-08-11T13:03:03.524536+00:00
-------------
Batch 0Nm_BPFI_03:79 from Motor2 received. Processing...
FFT for batch 0Nm_BPFI_03:79 published to Enterprise/Site/Area/Motor2/Analysis/Vibration/fft
Prediction for batch 0Nm_BPFI_03:79 published to Enterprise/Site/Area/Motor2/Analysis/Diagnosis/prediction
-----------------------------------------
[Motor3] raw_latency_ms=582.736
[Motor3] EDGE UTC : 2026-08-11T13:03:03.065283+00:00
[Motor3] CLOUD UTC: 2026-08-11T13:03:03.648019+00:00
-------------
Batch 0Nm_BPFI_03:168 from Motor3 received. Processing...
FFT for batch 0Nm_BPFI_03:168 published to Enterprise/Site/Area/Motor3/Analysis/Vibration/fft
Prediction for batch 0Nm_BPFI_03:168 published to Enterprise/Site/Area/Motor3/Analysis/Diagnosis/prediction
-----------------------------------------
[Motor1] raw_latency_ms=771.310
[Motor1] EDGE UTC : 2026-08-11T13:03:02.985284+00:00
[Motor1] CLOUD UTC: 2026-08-11T13:03:03.756594+00:00
-------------
Batch 0Nm_BPFI_03:75 from Motor1 received. Processing...
FFT for batch 0Nm_BPFI_03:75 published to Enterprise/Site/Area/Motor1/Analysis/Vibration/fft
Prediction for batch 0Nm_BPFI_03:75 published to Enterprise/Site/Area/Motor1/Analysis/Diagnosis/prediction
-----------------------------------------
[Motor2] raw_latency_ms=428.476
[Motor2] EDGE UTC : 2026-08-11T13:03:03.676580+00:00
[Motor2] CLOUD UTC: 2026-08-11T13:03:04.105056+00:00
-------------
Batch 0Nm_BPFI_03:80 from Motor2 received. Processing...
FFT for batch 0Nm_BPFI_03:80 published to Enterprise/Site/Area/Motor2/Analysis/Vibration/fft
Prediction for batch 0Nm_BPFI_03:80 published to Enterprise/Site/Area/Motor2/Analysis/Diagnosis/prediction
-----------------------------------------
[Motor3] raw_latency_ms=230.819
[Motor3] EDGE UTC : 2026-08-11T13:03:04.071451+00:00
[Motor3] CLOUD UTC: 2026-08-11T13:03:04.302270+00:00
-------------
Batch 0Nm_BPFI_03:169 from Motor3 received. Processing...
FFT for batch 0Nm_BPFI_03:169 published to Enterprise/Site/Area/Motor3/Analysis/Vibration/fft
Prediction for batch 0Nm_BPFI_03:169 published to Enterprise/Site/Area/Motor3/Analysis/Diagnosis/prediction
-----------------------------------------
[Motor1] raw_latency_ms=489.891
[Motor1] EDGE UTC : 2026-08-11T13:03:04.023148+00:00
[Motor1] CLOUD UTC: 2026-08-11T13:03:04.513039+00:00
-------------
Batch 0Nm_BPFI_03:76 from Motor1 received. Processing...
FFT for batch 0Nm_BPFI_03:76 published to Enterprise/Site/Area/Motor1/Analysis/Vibration/fft
Prediction for batch 0Nm_BPFI_03:76 published to Enterprise/Site/Area/Motor1/Analysis/Diagnosis/prediction
-----------------------------------------
[Motor2] raw_latency_ms=457.486
[Motor2] EDGE UTC : 2026-08-11T13:03:04.720461+00:00
[Motor2] CLOUD UTC: 2026-08-11T13:03:05.177947+00:00
-------------
Batch 0Nm_BPFI_03:81 from Motor2 received. Processing...
FFT for batch 0Nm_BPFI_03:81 published to Enterprise/Site/Area/Motor2/Analysis/Vibration/fft
Prediction for batch 0Nm_BPFI_03:81 published to Enterprise/Site/Area/Motor2/Analysis/Diagnosis/prediction
-----------------------------------------
[Motor1] raw_latency_ms=382.788
[Motor1] EDGE UTC : 2026-08-11T13:03:05.060946+00:00
[Motor1] CLOUD UTC: 2026-08-11T13:03:05.443734+00:00
-------------
Batch 0Nm_BPFI_03:77 from Motor1 received. Processing...
FFT for batch 0Nm_BPFI_03:77 published to Enterprise/Site/Area/Motor1/Analysis/Vibration/fft
Prediction for batch 0Nm_BPFI_03:77 published to Enterprise/Site/Area/Motor1/Analysis/Diagnosis/prediction
-----------------------------------------
[Motor3] raw_latency_ms=564.545
[Motor3] EDGE UTC : 2026-08-11T13:03:05.077644+00:00
[Motor3] CLOUD UTC: 2026-08-11T13:03:05.642189+00:00
-------------
Batch 0Nm_BPFI_03:170 from Motor3 received. Processing...
FFT for batch 0Nm_BPFI_03:170 published to Enterprise/Site/Area/Motor3/Analysis/Vibration/fft
Prediction for batch 0Nm_BPFI_03:170 published to Enterprise/Site/Area/Motor3/Analysis/Diagnosis/prediction
-----------------------------------------
[Motor2] raw_latency_ms=382.290
[Motor2] EDGE UTC : 2026-08-11T13:03:05.768393+00:00
[Motor2] CLOUD UTC: 2026-08-11T13:03:06.150682+00:00
-------------
Batch 0Nm_BPFI_03:82 from Motor2 received. Processing...
FFT for batch 0Nm_BPFI_03:82 published to Enterprise/Site/Area/Motor2/Analysis/Vibration/fft
Prediction for batch 0Nm_BPFI_03:82 published to Enterprise/Site/Area/Motor2/Analysis/Diagnosis/prediction
-----------------------------------------
[Motor3] raw_latency_ms=273.251
[Motor3] EDGE UTC : 2026-08-11T13:03:06.081148+00:00
[Motor3] CLOUD UTC: 2026-08-11T13:03:06.354399+00:00
-------------
Batch 0Nm_BPFI_03:171 from Motor3 received. Processing...
FFT for batch 0Nm_BPFI_03:171 published to Enterprise/Site/Area/Motor3/Analysis/Vibration/fft
Prediction for batch 0Nm_BPFI_03:171 published to Enterprise/Site/Area/Motor3/Analysis/Diagnosis/prediction
-----------------------------------------
[Motor1] raw_latency_ms=438.699
[Motor1] EDGE UTC : 2026-08-11T13:03:06.099647+00:00
[Motor1] CLOUD UTC: 2026-08-11T13:03:06.538346+00:00
-------------
Batch 0Nm_BPFI_03:78 from Motor1 received. Processing...
FFT for batch 0Nm_BPFI_03:78 published to Enterprise/Site/Area/Motor1/Analysis/Vibration/fft
Prediction for batch 0Nm_BPFI_03:78 published to Enterprise/Site/Area/Motor1/Analysis/Diagnosis/prediction
-----------------------------------------
[Motor2] raw_latency_ms=456.488
[Motor2] EDGE UTC : 2026-08-11T13:03:06.816703+00:00
[Motor2] CLOUD UTC: 2026-08-11T13:03:07.273192+00:00
-------------
Batch 0Nm_BPFI_03:83 from Motor2 received. Processing...
FFT for batch 0Nm_BPFI_03:83 published to Enterprise/Site/Area/Motor2/Analysis/Vibration/fft
Prediction for batch 0Nm_BPFI_03:83 published to Enterprise/Site/Area/Motor2/Analysis/Diagnosis/prediction
-----------------------------------------
[Motor3] raw_latency_ms=355.249
[Motor3] EDGE UTC : 2026-08-11T13:03:07.086839+00:00
[Motor3] CLOUD UTC: 2026-08-11T13:03:07.442088+00:00
-------------
Batch 0Nm_BPFI_03:172 from Motor3 received. Processing...
FFT for batch 0Nm_BPFI_03:172 published to Enterprise/Site/Area/Motor3/Analysis/Vibration/fft
Prediction for batch 0Nm_BPFI_03:172 published to Enterprise/Site/Area/Motor3/Analysis/Diagnosis/prediction
-----------------------------------------
[Motor1] raw_latency_ms=481.644
[Motor1] EDGE UTC : 2026-08-11T13:03:07.137843+00:00
[Motor1] CLOUD UTC: 2026-08-11T13:03:07.619487+00:00
-------------
Batch 0Nm_BPFI_03:79 from Motor1 received. Processing...
FFT for batch 0Nm_BPFI_03:79 published to Enterprise/Site/Area/Motor1/Analysis/Vibration/fft
Prediction for batch 0Nm_BPFI_03:79 published to Enterprise/Site/Area/Motor1/Analysis/Diagnosis/prediction
-----------------------------------------
[Motor2] raw_latency_ms=556.634
[Motor2] EDGE UTC : 2026-08-11T13:03:07.860878+00:00
[Motor2] CLOUD UTC: 2026-08-11T13:03:08.417513+00:00
-------------
Batch 0Nm_BPFI_03:84 from Motor2 received. Processing...
FFT for batch 0Nm_BPFI_03:84 published to Enterprise/Site/Area/Motor2/Analysis/Vibration/fft
Prediction for batch 0Nm_BPFI_03:84 published to Enterprise/Site/Area/Motor2/Analysis/Diagnosis/prediction
-----------------------------------------
[Motor3] raw_latency_ms=435.484
[Motor3] EDGE UTC : 2026-08-11T13:03:08.093786+00:00
[Motor3] CLOUD UTC: 2026-08-11T13:03:08.529269+00:00
-------------
Batch 0Nm_BPFI_03:173 from Motor3 received. Processing...
FFT for batch 0Nm_BPFI_03:173 published to Enterprise/Site/Area/Motor3/Analysis/Vibration/fft
Prediction for batch 0Nm_BPFI_03:173 published to Enterprise/Site/Area/Motor3/Analysis/Diagnosis/prediction
-----------------------------------------
[Motor1] raw_latency_ms=467.495
[Motor1] EDGE UTC : 2026-08-11T13:03:08.175928+00:00
[Motor1] CLOUD UTC: 2026-08-11T13:03:08.643422+00:00
-------------
Batch 0Nm_BPFI_03:80 from Motor1 received. Processing...
FFT for batch 0Nm_BPFI_03:80 published to Enterprise/Site/Area/Motor1/Analysis/Vibration/fft
Prediction for batch 0Nm_BPFI_03:80 published to Enterprise/Site/Area/Motor1/Analysis/Diagnosis/prediction
-----------------------------------------
[Motor2] raw_latency_ms=462.181
[Motor2] EDGE UTC : 2026-08-11T13:03:08.914977+00:00
[Motor2] CLOUD UTC: 2026-08-11T13:03:09.377158+00:00
-------------
Batch 0Nm_BPFI_03:85 from Motor2 received. Processing...
FFT for batch 0Nm_BPFI_03:85 published to Enterprise/Site/Area/Motor2/Analysis/Vibration/fft
Prediction for batch 0Nm_BPFI_03:85 published to Enterprise/Site/Area/Motor2/Analysis/Diagnosis/prediction
-----------------------------------------
[Motor3] raw_latency_ms=389.357
[Motor3] EDGE UTC : 2026-08-11T13:03:09.100338+00:00
[Motor3] CLOUD UTC: 2026-08-11T13:03:09.489695+00:00
-------------
Batch 0Nm_BPFI_03:174 from Motor3 received. Processing...
FFT for batch 0Nm_BPFI_03:174 published to Enterprise/Site/Area/Motor3/Analysis/Vibration/fft
Prediction for batch 0Nm_BPFI_03:174 published to Enterprise/Site/Area/Motor3/Analysis/Diagnosis/prediction
-----------------------------------------
[Motor1] raw_latency_ms=391.550
[Motor1] EDGE UTC : 2026-08-11T13:03:09.214384+00:00
[Motor1] CLOUD UTC: 2026-08-11T13:03:09.605934+00:00
-------------
Batch 0Nm_BPFI_03:81 from Motor1 received. Processing...
FFT for batch 0Nm_BPFI_03:81 published to Enterprise/Site/Area/Motor1/Analysis/Vibration/fft
Prediction for batch 0Nm_BPFI_03:81 published to Enterprise/Site/Area/Motor1/Analysis/Diagnosis/prediction
-----------------------------------------
[Motor2] raw_latency_ms=503.351
[Motor2] EDGE UTC : 2026-08-11T13:03:09.956608+00:00
[Motor2] CLOUD UTC: 2026-08-11T13:03:10.459959+00:00
-------------
Batch 0Nm_BPFI_03:86 from Motor2 received. Processing...
FFT for batch 0Nm_BPFI_03:86 published to Enterprise/Site/Area/Motor2/Analysis/Vibration/fft
Prediction for batch 0Nm_BPFI_03:86 published to Enterprise/Site/Area/Motor2/Analysis/Diagnosis/prediction
-----------------------------------------
[Motor3] raw_latency_ms=475.254
[Motor3] EDGE UTC : 2026-08-11T13:03:10.106088+00:00
[Motor3] CLOUD UTC: 2026-08-11T13:03:10.581342+00:00
-------------
Batch 0Nm_BPFI_03:175 from Motor3 received. Processing...
FFT for batch 0Nm_BPFI_03:175 published to Enterprise/Site/Area/Motor3/Analysis/Vibration/fft
Prediction for batch 0Nm_BPFI_03:175 published to Enterprise/Site/Area/Motor3/Analysis/Diagnosis/prediction
-----------------------------------------
[Motor1] raw_latency_ms=449.114
[Motor1] EDGE UTC : 2026-08-11T13:03:10.252650+00:00
[Motor1] CLOUD UTC: 2026-08-11T13:03:10.701764+00:00
-------------
Batch 0Nm_BPFI_03:82 from Motor1 received. Processing...
FFT for batch 0Nm_BPFI_03:82 published to Enterprise/Site/Area/Motor1/Analysis/Vibration/fft
Prediction for batch 0Nm_BPFI_03:82 published to Enterprise/Site/Area/Motor1/Analysis/Diagnosis/prediction
-----------------------------------------
[Motor3] raw_latency_ms=326.704
[Motor3] EDGE UTC : 2026-08-11T13:03:11.109410+00:00
[Motor3] CLOUD UTC: 2026-08-11T13:03:11.436114+00:00
-------------
Batch 0Nm_BPFI_03:176 from Motor3 received. Processing...
FFT for batch 0Nm_BPFI_03:176 published to Enterprise/Site/Area/Motor3/Analysis/Vibration/fft
Prediction for batch 0Nm_BPFI_03:176 published to Enterprise/Site/Area/Motor3/Analysis/Diagnosis/prediction
-----------------------------------------
[Motor2] raw_latency_ms=543.639
[Motor2] EDGE UTC : 2026-08-11T13:03:11.004866+00:00
[Motor2] CLOUD UTC: 2026-08-11T13:03:11.548504+00:00
-------------
Batch 0Nm_BPFI_03:87 from Motor2 received. Processing...
FFT for batch 0Nm_BPFI_03:87 published to Enterprise/Site/Area/Motor2/Analysis/Vibration/fft
Prediction for batch 0Nm_BPFI_03:87 published to Enterprise/Site/Area/Motor2/Analysis/Diagnosis/prediction
-----------------------------------------
[Motor1] raw_latency_ms=384.624
[Motor1] EDGE UTC : 2026-08-11T13:03:11.292802+00:00
[Motor1] CLOUD UTC: 2026-08-11T13:03:11.677426+00:00
-------------
Batch 0Nm_BPFI_03:83 from Motor1 received. Processing...
FFT for batch 0Nm_BPFI_03:83 published to Enterprise/Site/Area/Motor1/Analysis/Vibration/fft
Prediction for batch 0Nm_BPFI_03:83 published to Enterprise/Site/Area/Motor1/Analysis/Diagnosis/prediction
-----------------------------------------
[Motor3] raw_latency_ms=324.663
[Motor3] EDGE UTC : 2026-08-11T13:03:12.114872+00:00
[Motor3] CLOUD UTC: 2026-08-11T13:03:12.439535+00:00
-------------
Batch 0Nm_BPFI_03:177 from Motor3 received. Processing...
FFT for batch 0Nm_BPFI_03:177 published to Enterprise/Site/Area/Motor3/Analysis/Vibration/fft
Prediction for batch 0Nm_BPFI_03:177 published to Enterprise/Site/Area/Motor3/Analysis/Diagnosis/prediction
-----------------------------------------
[Motor2] raw_latency_ms=522.383
[Motor2] EDGE UTC : 2026-08-11T13:03:12.052776+00:00
[Motor2] CLOUD UTC: 2026-08-11T13:03:12.575160+00:00
-------------
Batch 0Nm_BPFI_03:88 from Motor2 received. Processing...
FFT for batch 0Nm_BPFI_03:88 published to Enterprise/Site/Area/Motor2/Analysis/Vibration/fft
Prediction for batch 0Nm_BPFI_03:88 published to Enterprise/Site/Area/Motor2/Analysis/Diagnosis/prediction
-----------------------------------------
[Motor1] raw_latency_ms=405.671
[Motor1] EDGE UTC : 2026-08-11T13:03:12.331007+00:00
[Motor1] CLOUD UTC: 2026-08-11T13:03:12.736677+00:00
-------------
Batch 0Nm_BPFI_03:84 from Motor1 received. Processing...
FFT for batch 0Nm_BPFI_03:84 published to Enterprise/Site/Area/Motor1/Analysis/Vibration/fft
Prediction for batch 0Nm_BPFI_03:84 published to Enterprise/Site/Area/Motor1/Analysis/Diagnosis/prediction
-----------------------------------------
[Motor3] raw_latency_ms=334.569
[Motor3] EDGE UTC : 2026-08-11T13:03:13.120685+00:00
[Motor3] CLOUD UTC: 2026-08-11T13:03:13.455254+00:00
-------------
Batch 0Nm_BPFI_03:178 from Motor3 received. Processing...
FFT for batch 0Nm_BPFI_03:178 published to Enterprise/Site/Area/Motor3/Analysis/Vibration/fft
Prediction for batch 0Nm_BPFI_03:178 published to Enterprise/Site/Area/Motor3/Analysis/Diagnosis/prediction
-----------------------------------------
[Motor2] raw_latency_ms=463.897
[Motor2] EDGE UTC : 2026-08-11T13:03:13.100806+00:00
[Motor2] CLOUD UTC: 2026-08-11T13:03:13.564703+00:00
-------------
Batch 0Nm_BPFI_03:89 from Motor2 received. Processing...
FFT for batch 0Nm_BPFI_03:89 published to Enterprise/Site/Area/Motor2/Analysis/Vibration/fft
Prediction for batch 0Nm_BPFI_03:89 published to Enterprise/Site/Area/Motor2/Analysis/Diagnosis/prediction
-----------------------------------------
[Motor1] raw_latency_ms=388.344
[Motor1] EDGE UTC : 2026-08-11T13:03:13.369076+00:00
[Motor1] CLOUD UTC: 2026-08-11T13:03:13.757421+00:00
-------------
Batch 0Nm_BPFI_03:85 from Motor1 received. Processing...
FFT for batch 0Nm_BPFI_03:85 published to Enterprise/Site/Area/Motor1/Analysis/Vibration/fft
Prediction for batch 0Nm_BPFI_03:85 published to Enterprise/Site/Area/Motor1/Analysis/Diagnosis/prediction
-----------------------------------------
[Motor3] raw_latency_ms=341.442
[Motor3] EDGE UTC : 2026-08-11T13:03:14.126435+00:00
[Motor3] CLOUD UTC: 2026-08-11T13:03:14.467877+00:00
-------------
Batch 0Nm_BPFI_03:179 from Motor3 received. Processing...
FFT for batch 0Nm_BPFI_03:179 published to Enterprise/Site/Area/Motor3/Analysis/Vibration/fft
Prediction for batch 0Nm_BPFI_03:179 published to Enterprise/Site/Area/Motor3/Analysis/Diagnosis/prediction
-----------------------------------------
[Motor2] raw_latency_ms=560.579
[Motor2] EDGE UTC : 2026-08-11T13:03:14.148843+00:00
[Motor2] CLOUD UTC: 2026-08-11T13:03:14.709422+00:00
-------------
Batch 0Nm_BPFI_03:90 from Motor2 received. Processing...
FFT for batch 0Nm_BPFI_03:90 published to Enterprise/Site/Area/Motor2/Analysis/Vibration/fft
Prediction for batch 0Nm_BPFI_03:90 published to Enterprise/Site/Area/Motor2/Analysis/Diagnosis/prediction
-----------------------------------------
[Motor1] raw_latency_ms=409.336
[Motor1] EDGE UTC : 2026-08-11T13:03:14.407347+00:00
[Motor1] CLOUD UTC: 2026-08-11T13:03:14.816683+00:00
-------------
Batch 0Nm_BPFI_03:86 from Motor1 received. Processing...
FFT for batch 0Nm_BPFI_03:86 published to Enterprise/Site/Area/Motor1/Analysis/Vibration/fft
Prediction for batch 0Nm_BPFI_03:86 published to Enterprise/Site/Area/Motor1/Analysis/Diagnosis/prediction
-----------------------------------------
[Motor2] raw_latency_ms=471.639
[Motor2] EDGE UTC : 2026-08-11T13:03:15.199542+00:00
[Motor2] CLOUD UTC: 2026-08-11T13:03:15.671181+00:00
-------------
Batch 0Nm_BPFI_03:91 from Motor2 received. Processing...
FFT for batch 0Nm_BPFI_03:91 published to Enterprise/Site/Area/Motor2/Analysis/Vibration/fft
Prediction for batch 0Nm_BPFI_03:91 published to Enterprise/Site/Area/Motor2/Analysis/Diagnosis/prediction
-----------------------------------------
[Motor1] raw_latency_ms=389.260
[Motor1] EDGE UTC : 2026-08-11T13:03:15.445635+00:00
[Motor1] CLOUD UTC: 2026-08-11T13:03:15.834895+00:00
-------------
Batch 0Nm_BPFI_03:87 from Motor1 received. Processing...
FFT for batch 0Nm_BPFI_03:87 published to Enterprise/Site/Area/Motor1/Analysis/Vibration/fft
Prediction for batch 0Nm_BPFI_03:87 published to Enterprise/Site/Area/Motor1/Analysis/Diagnosis/prediction
-----------------------------------------
[Motor3] raw_latency_ms=302.464
[Motor3] EDGE UTC : 2026-08-11T13:03:15.977338+00:00
[Motor3] CLOUD UTC: 2026-08-11T13:03:16.279801+00:00
-------------
Batch 0Nm_BPFI_03:0 from Motor3 received. Processing...
FFT for batch 0Nm_BPFI_03:0 published to Enterprise/Site/Area/Motor3/Analysis/Vibration/fft
Prediction for batch 0Nm_BPFI_03:0 published to Enterprise/Site/Area/Motor3/Analysis/Diagnosis/prediction
-----------------------------------------
[Motor2] raw_latency_ms=636.115
[Motor2] EDGE UTC : 2026-08-11T13:03:16.250986+00:00
[Motor2] CLOUD UTC: 2026-08-11T13:03:16.887101+00:00
-------------
Batch 0Nm_BPFI_03:92 from Motor2 received. Processing...
FFT for batch 0Nm_BPFI_03:92 published to Enterprise/Site/Area/Motor2/Analysis/Vibration/fft
Prediction for batch 0Nm_BPFI_03:92 published to Enterprise/Site/Area/Motor2/Analysis/Diagnosis/prediction
-----------------------------------------
[Motor1] raw_latency_ms=510.567
[Motor1] EDGE UTC : 2026-08-11T13:03:16.485039+00:00
[Motor1] CLOUD UTC: 2026-08-11T13:03:16.995605+00:00
-------------
Batch 0Nm_BPFI_03:88 from Motor1 received. Processing...
FFT for batch 0Nm_BPFI_03:88 published to Enterprise/Site/Area/Motor1/Analysis/Vibration/fft
Prediction for batch 0Nm_BPFI_03:88 published to Enterprise/Site/Area/Motor1/Analysis/Diagnosis/prediction
-----------------------------------------
[Motor3] raw_latency_ms=367.258
[Motor3] EDGE UTC : 2026-08-11T13:03:16.991292+00:00
[Motor3] CLOUD UTC: 2026-08-11T13:03:17.358550+00:00
-------------
Batch 0Nm_BPFI_03:1 from Motor3 received. Processing...
FFT for batch 0Nm_BPFI_03:1 published to Enterprise/Site/Area/Motor3/Analysis/Vibration/fft
Prediction for batch 0Nm_BPFI_03:1 published to Enterprise/Site/Area/Motor3/Analysis/Diagnosis/prediction
-----------------------------------------
[Motor2] raw_latency_ms=385.876
[Motor2] EDGE UTC : 2026-08-11T13:03:17.303003+00:00
[Motor2] CLOUD UTC: 2026-08-11T13:03:17.688879+00:00
-------------
Batch 0Nm_BPFI_03:93 from Motor2 received. Processing...
FFT for batch 0Nm_BPFI_03:93 published to Enterprise/Site/Area/Motor2/Analysis/Vibration/fft
Prediction for batch 0Nm_BPFI_03:93 published to Enterprise/Site/Area/Motor2/Analysis/Diagnosis/prediction
-----------------------------------------
[Motor1] raw_latency_ms=415.794
[Motor1] EDGE UTC : 2026-08-11T13:03:17.523112+00:00
[Motor1] CLOUD UTC: 2026-08-11T13:03:17.938907+00:00
-------------
Batch 0Nm_BPFI_03:89 from Motor1 received. Processing...
FFT for batch 0Nm_BPFI_03:89 published to Enterprise/Site/Area/Motor1/Analysis/Vibration/fft
Prediction for batch 0Nm_BPFI_03:89 published to Enterprise/Site/Area/Motor1/Analysis/Diagnosis/prediction
-----------------------------------------
[Motor3] raw_latency_ms=395.702
[Motor3] EDGE UTC : 2026-08-11T13:03:17.996462+00:00
[Motor3] CLOUD UTC: 2026-08-11T13:03:18.392164+00:00
-------------
Batch 0Nm_BPFI_03:2 from Motor3 received. Processing...
FFT for batch 0Nm_BPFI_03:2 published to Enterprise/Site/Area/Motor3/Analysis/Vibration/fft
Prediction for batch 0Nm_BPFI_03:2 published to Enterprise/Site/Area/Motor3/Analysis/Diagnosis/prediction
-----------------------------------------
[Motor2] raw_latency_ms=543.381
[Motor2] EDGE UTC : 2026-08-11T13:03:18.351395+00:00
[Motor2] CLOUD UTC: 2026-08-11T13:03:18.894776+00:00
-------------
Batch 0Nm_BPFI_03:94 from Motor2 received. Processing...
FFT for batch 0Nm_BPFI_03:94 published to Enterprise/Site/Area/Motor2/Analysis/Vibration/fft
Prediction for batch 0Nm_BPFI_03:94 published to Enterprise/Site/Area/Motor2/Analysis/Diagnosis/prediction
-----------------------------------------
[Motor1] raw_latency_ms=497.766
[Motor1] EDGE UTC : 2026-08-11T13:03:18.561649+00:00
[Motor1] CLOUD UTC: 2026-08-11T13:03:19.059415+00:00
-------------
Batch 0Nm_BPFI_03:90 from Motor1 received. Processing...
FFT for batch 0Nm_BPFI_03:90 published to Enterprise/Site/Area/Motor1/Analysis/Vibration/fft
Prediction for batch 0Nm_BPFI_03:90 published to Enterprise/Site/Area/Motor1/Analysis/Diagnosis/prediction
-----------------------------------------
[Motor3] raw_latency_ms=304.516
[Motor3] EDGE UTC : 2026-08-11T13:03:19.002907+00:00
[Motor3] CLOUD UTC: 2026-08-11T13:03:19.307424+00:00
-------------
Batch 0Nm_BPFI_03:3 from Motor3 received. Processing...
FFT for batch 0Nm_BPFI_03:3 published to Enterprise/Site/Area/Motor3/Analysis/Vibration/fft
Prediction for batch 0Nm_BPFI_03:3 published to Enterprise/Site/Area/Motor3/Analysis/Diagnosis/prediction
-----------------------------------------
[Motor2] raw_latency_ms=389.930
[Motor2] EDGE UTC : 2026-08-11T13:03:19.402971+00:00
[Motor2] CLOUD UTC: 2026-08-11T13:03:19.792901+00:00
-------------
Batch 0Nm_BPFI_03:95 from Motor2 received. Processing...
FFT for batch 0Nm_BPFI_03:95 published to Enterprise/Site/Area/Motor2/Analysis/Vibration/fft
Prediction for batch 0Nm_BPFI_03:95 published to Enterprise/Site/Area/Motor2/Analysis/Diagnosis/prediction
-----------------------------------------
[Motor1] raw_latency_ms=432.607
[Motor1] EDGE UTC : 2026-08-11T13:03:19.600003+00:00
[Motor1] CLOUD UTC: 2026-08-11T13:03:20.032610+00:00
-------------
Batch 0Nm_BPFI_03:91 from Motor1 received. Processing...
FFT for batch 0Nm_BPFI_03:91 published to Enterprise/Site/Area/Motor1/Analysis/Vibration/fft
Prediction for batch 0Nm_BPFI_03:91 published to Enterprise/Site/Area/Motor1/Analysis/Diagnosis/prediction
-----------------------------------------
[Motor3] raw_latency_ms=328.497
[Motor3] EDGE UTC : 2026-08-11T13:03:20.008421+00:00
[Motor3] CLOUD UTC: 2026-08-11T13:03:20.336917+00:00
-------------
Batch 0Nm_BPFI_03:4 from Motor3 received. Processing...
FFT for batch 0Nm_BPFI_03:4 published to Enterprise/Site/Area/Motor3/Analysis/Vibration/fft
Prediction for batch 0Nm_BPFI_03:4 published to Enterprise/Site/Area/Motor3/Analysis/Diagnosis/prediction
-----------------------------------------
[Motor2] raw_latency_ms=636.651
[Motor2] EDGE UTC : 2026-08-11T13:03:20.454985+00:00
[Motor2] CLOUD UTC: 2026-08-11T13:03:21.091636+00:00
-------------
Batch 0Nm_BPFI_03:96 from Motor2 received. Processing...
FFT for batch 0Nm_BPFI_03:96 published to Enterprise/Site/Area/Motor2/Analysis/Vibration/fft
Prediction for batch 0Nm_BPFI_03:96 published to Enterprise/Site/Area/Motor2/Analysis/Diagnosis/prediction
-----------------------------------------
[Motor1] raw_latency_ms=631.996
[Motor1] EDGE UTC : 2026-08-11T13:03:20.638655+00:00
[Motor1] CLOUD UTC: 2026-08-11T13:03:21.270650+00:00
-------------
Batch 0Nm_BPFI_03:92 from Motor1 received. Processing...
FFT for batch 0Nm_BPFI_03:92 published to Enterprise/Site/Area/Motor1/Analysis/Vibration/fft
Prediction for batch 0Nm_BPFI_03:92 published to Enterprise/Site/Area/Motor1/Analysis/Diagnosis/prediction
-----------------------------------------
[Motor3] raw_latency_ms=485.753
[Motor3] EDGE UTC : 2026-08-11T13:03:21.012015+00:00
[Motor3] CLOUD UTC: 2026-08-11T13:03:21.497768+00:00
-------------
Batch 0Nm_BPFI_03:5 from Motor3 received. Processing...
FFT for batch 0Nm_BPFI_03:5 published to Enterprise/Site/Area/Motor3/Analysis/Vibration/fft
Prediction for batch 0Nm_BPFI_03:5 published to Enterprise/Site/Area/Motor3/Analysis/Diagnosis/prediction
-----------------------------------------
[Motor2] raw_latency_ms=406.748
[Motor2] EDGE UTC : 2026-08-11T13:03:21.506892+00:00
[Motor2] CLOUD UTC: 2026-08-11T13:03:21.913640+00:00
-------------
Batch 0Nm_BPFI_03:97 from Motor2 received. Processing...
FFT for batch 0Nm_BPFI_03:97 published to Enterprise/Site/Area/Motor2/Analysis/Vibration/fft
Prediction for batch 0Nm_BPFI_03:97 published to Enterprise/Site/Area/Motor2/Analysis/Diagnosis/prediction
-----------------------------------------
[Motor1] raw_latency_ms=399.350
[Motor1] EDGE UTC : 2026-08-11T13:03:21.678638+00:00
[Motor1] CLOUD UTC: 2026-08-11T13:03:22.077989+00:00
-------------
Batch 0Nm_BPFI_03:93 from Motor1 received. Processing...
FFT for batch 0Nm_BPFI_03:93 published to Enterprise/Site/Area/Motor1/Analysis/Vibration/fft
Prediction for batch 0Nm_BPFI_03:93 published to Enterprise/Site/Area/Motor1/Analysis/Diagnosis/prediction
-----------------------------------------
[Motor3] raw_latency_ms=300.867
[Motor3] EDGE UTC : 2026-08-11T13:03:22.017613+00:00
[Motor3] CLOUD UTC: 2026-08-11T13:03:22.318480+00:00
-------------
Batch 0Nm_BPFI_03:6 from Motor3 received. Processing...
FFT for batch 0Nm_BPFI_03:6 published to Enterprise/Site/Area/Motor3/Analysis/Vibration/fft
Prediction for batch 0Nm_BPFI_03:6 published to Enterprise/Site/Area/Motor3/Analysis/Diagnosis/prediction
-----------------------------------------
[Motor2] raw_latency_ms=500.802
[Motor2] EDGE UTC : 2026-08-11T13:03:22.556917+00:00
[Motor2] CLOUD UTC: 2026-08-11T13:03:23.057718+00:00
-------------
Batch 0Nm_BPFI_03:98 from Motor2 received. Processing...
FFT for batch 0Nm_BPFI_03:98 published to Enterprise/Site/Area/Motor2/Analysis/Vibration/fft
Prediction for batch 0Nm_BPFI_03:98 published to Enterprise/Site/Area/Motor2/Analysis/Diagnosis/prediction
-----------------------------------------
[Motor1] raw_latency_ms=449.623
[Motor1] EDGE UTC : 2026-08-11T13:03:22.716898+00:00
[Motor1] CLOUD UTC: 2026-08-11T13:03:23.166522+00:00
-------------
Batch 0Nm_BPFI_03:94 from Motor1 received. Processing...
FFT for batch 0Nm_BPFI_03:94 published to Enterprise/Site/Area/Motor1/Analysis/Vibration/fft
Prediction for batch 0Nm_BPFI_03:94 published to Enterprise/Site/Area/Motor1/Analysis/Diagnosis/prediction
-----------------------------------------
[Motor3] raw_latency_ms=299.926
[Motor3] EDGE UTC : 2026-08-11T13:03:23.049870+00:00
[Motor3] CLOUD UTC: 2026-08-11T13:03:23.349796+00:00
-------------
Batch 0Nm_BPFI_03:7 from Motor3 received. Processing...
FFT for batch 0Nm_BPFI_03:7 published to Enterprise/Site/Area/Motor3/Analysis/Vibration/fft
Prediction for batch 0Nm_BPFI_03:7 published to Enterprise/Site/Area/Motor3/Analysis/Diagnosis/prediction
-----------------------------------------
[Motor2] raw_latency_ms=509.201
[Motor2] EDGE UTC : 2026-08-11T13:03:23.575585+00:00
[Motor2] CLOUD UTC: 2026-08-11T13:03:24.084786+00:00
-------------
Batch 0Nm_BPFI_03:99 from Motor2 received. Processing...
FFT for batch 0Nm_BPFI_03:99 published to Enterprise/Site/Area/Motor2/Analysis/Vibration/fft
Prediction for batch 0Nm_BPFI_03:99 published to Enterprise/Site/Area/Motor2/Analysis/Diagnosis/prediction
-----------------------------------------
[Motor1] raw_latency_ms=449.478
[Motor1] EDGE UTC : 2026-08-11T13:03:23.747357+00:00
[Motor1] CLOUD UTC: 2026-08-11T13:03:24.196835+00:00
-------------
Batch 0Nm_BPFI_03:95 from Motor1 received. Processing...
FFT for batch 0Nm_BPFI_03:95 published to Enterprise/Site/Area/Motor1/Analysis/Vibration/fft
Prediction for batch 0Nm_BPFI_03:95 published to Enterprise/Site/Area/Motor1/Analysis/Diagnosis/prediction
-----------------------------------------
[Motor3] raw_latency_ms=304.286
[Motor3] EDGE UTC : 2026-08-11T13:03:24.056253+00:00
[Motor3] CLOUD UTC: 2026-08-11T13:03:24.360538+00:00
-------------
Batch 0Nm_BPFI_03:8 from Motor3 received. Processing...
FFT for batch 0Nm_BPFI_03:8 published to Enterprise/Site/Area/Motor3/Analysis/Vibration/fft
Prediction for batch 0Nm_BPFI_03:8 published to Enterprise/Site/Area/Motor3/Analysis/Diagnosis/prediction
-----------------------------------------
[Motor2] raw_latency_ms=479.634
[Motor2] EDGE UTC : 2026-08-11T13:03:24.594175+00:00
[Motor2] CLOUD UTC: 2026-08-11T13:03:25.073809+00:00
-------------
Batch 0Nm_BPFI_03:100 from Motor2 received. Processing...
FFT for batch 0Nm_BPFI_03:100 published to Enterprise/Site/Area/Motor2/Analysis/Vibration/fft
Prediction for batch 0Nm_BPFI_03:100 published to Enterprise/Site/Area/Motor2/Analysis/Diagnosis/prediction
-----------------------------------------
[Motor1] raw_latency_ms=428.149
[Motor1] EDGE UTC : 2026-08-11T13:03:24.777598+00:00
[Motor1] CLOUD UTC: 2026-08-11T13:03:25.205747+00:00
-------------
Batch 0Nm_BPFI_03:96 from Motor1 received. Processing...
FFT for batch 0Nm_BPFI_03:96 published to Enterprise/Site/Area/Motor1/Analysis/Vibration/fft
Prediction for batch 0Nm_BPFI_03:96 published to Enterprise/Site/Area/Motor1/Analysis/Diagnosis/prediction
-----------------------------------------
[Motor3] raw_latency_ms=360.256
[Motor3] EDGE UTC : 2026-08-11T13:03:25.060030+00:00
[Motor3] CLOUD UTC: 2026-08-11T13:03:25.420286+00:00
-------------
Batch 0Nm_BPFI_03:9 from Motor3 received. Processing...
FFT for batch 0Nm_BPFI_03:9 published to Enterprise/Site/Area/Motor3/Analysis/Vibration/fft
Prediction for batch 0Nm_BPFI_03:9 published to Enterprise/Site/Area/Motor3/Analysis/Diagnosis/prediction
-----------------------------------------
[Motor2] raw_latency_ms=391.751
[Motor2] EDGE UTC : 2026-08-11T13:03:25.616755+00:00
[Motor2] CLOUD UTC: 2026-08-11T13:03:26.008506+00:00
-------------
Batch 0Nm_BPFI_03:101 from Motor2 received. Processing...
FFT for batch 0Nm_BPFI_03:101 published to Enterprise/Site/Area/Motor2/Analysis/Vibration/fft
Prediction for batch 0Nm_BPFI_03:101 published to Enterprise/Site/Area/Motor2/Analysis/Diagnosis/prediction
-----------------------------------------
[Motor1] raw_latency_ms=391.938
[Motor1] EDGE UTC : 2026-08-11T13:03:25.807595+00:00
[Motor1] CLOUD UTC: 2026-08-11T13:03:26.199532+00:00
-------------
Batch 0Nm_BPFI_03:97 from Motor1 received. Processing...
FFT for batch 0Nm_BPFI_03:97 published to Enterprise/Site/Area/Motor1/Analysis/Vibration/fft
Prediction for batch 0Nm_BPFI_03:97 published to Enterprise/Site/Area/Motor1/Analysis/Diagnosis/prediction
-----------------------------------------
[Motor3] raw_latency_ms=298.633
[Motor3] EDGE UTC : 2026-08-11T13:03:26.063274+00:00
[Motor3] CLOUD UTC: 2026-08-11T13:03:26.361907+00:00
-------------
Batch 0Nm_BPFI_03:10 from Motor3 received. Processing...
FFT for batch 0Nm_BPFI_03:10 published to Enterprise/Site/Area/Motor3/Analysis/Vibration/fft
Prediction for batch 0Nm_BPFI_03:10 published to Enterprise/Site/Area/Motor3/Analysis/Diagnosis/prediction
-----------------------------------------
[Motor2] raw_latency_ms=642.753
[Motor2] EDGE UTC : 2026-08-11T13:03:26.668170+00:00
[Motor2] CLOUD UTC: 2026-08-11T13:03:27.310923+00:00
-------------
Batch 0Nm_BPFI_03:102 from Motor2 received. Processing...
FFT for batch 0Nm_BPFI_03:102 published to Enterprise/Site/Area/Motor2/Analysis/Vibration/fft
Prediction for batch 0Nm_BPFI_03:102 published to Enterprise/Site/Area/Motor2/Analysis/Diagnosis/prediction
-----------------------------------------
[Motor1] raw_latency_ms=586.931
[Motor1] EDGE UTC : 2026-08-11T13:03:26.837790+00:00
[Motor1] CLOUD UTC: 2026-08-11T13:03:27.424720+00:00
-------------
Batch 0Nm_BPFI_03:98 from Motor1 received. Processing...
FFT for batch 0Nm_BPFI_03:98 published to Enterprise/Site/Area/Motor1/Analysis/Vibration/fft
Prediction for batch 0Nm_BPFI_03:98 published to Enterprise/Site/Area/Motor1/Analysis/Diagnosis/prediction
-----------------------------------------
[Motor3] raw_latency_ms=472.156
[Motor3] EDGE UTC : 2026-08-11T13:03:27.068644+00:00
[Motor3] CLOUD UTC: 2026-08-11T13:03:27.540799+00:00
-------------
Batch 0Nm_BPFI_03:11 from Motor3 received. Processing...
FFT for batch 0Nm_BPFI_03:11 published to Enterprise/Site/Area/Motor3/Analysis/Vibration/fft
Prediction for batch 0Nm_BPFI_03:11 published to Enterprise/Site/Area/Motor3/Analysis/Diagnosis/prediction
-----------------------------------------
[Motor2] raw_latency_ms=504.391
[Motor2] EDGE UTC : 2026-08-11T13:03:27.716279+00:00
[Motor2] CLOUD UTC: 2026-08-11T13:03:28.220670+00:00
-------------
Batch 0Nm_BPFI_03:103 from Motor2 received. Processing...
FFT for batch 0Nm_BPFI_03:103 published to Enterprise/Site/Area/Motor2/Analysis/Vibration/fft
Prediction for batch 0Nm_BPFI_03:103 published to Enterprise/Site/Area/Motor2/Analysis/Diagnosis/prediction
-----------------------------------------
[Motor1] raw_latency_ms=468.543
[Motor1] EDGE UTC : 2026-08-11T13:03:27.867970+00:00
[Motor1] CLOUD UTC: 2026-08-11T13:03:28.336513+00:00
-------------
Batch 0Nm_BPFI_03:99 from Motor1 received. Processing...
FFT for batch 0Nm_BPFI_03:99 published to Enterprise/Site/Area/Motor1/Analysis/Vibration/fft
Prediction for batch 0Nm_BPFI_03:99 published to Enterprise/Site/Area/Motor1/Analysis/Diagnosis/prediction
-----------------------------------------
[Motor3] raw_latency_ms=380.430
[Motor3] EDGE UTC : 2026-08-11T13:03:28.072277+00:00
[Motor3] CLOUD UTC: 2026-08-11T13:03:28.452707+00:00
-------------
Batch 0Nm_BPFI_03:12 from Motor3 received. Processing...
FFT for batch 0Nm_BPFI_03:12 published to Enterprise/Site/Area/Motor3/Analysis/Vibration/fft
Prediction for batch 0Nm_BPFI_03:12 published to Enterprise/Site/Area/Motor3/Analysis/Diagnosis/prediction
-----------------------------------------
[Motor2] raw_latency_ms=484.530
[Motor2] EDGE UTC : 2026-08-11T13:03:28.757178+00:00
[Motor2] CLOUD UTC: 2026-08-11T13:03:29.241708+00:00
-------------
Batch 0Nm_BPFI_03:104 from Motor2 received. Processing...
FFT for batch 0Nm_BPFI_03:104 published to Enterprise/Site/Area/Motor2/Analysis/Vibration/fft
Prediction for batch 0Nm_BPFI_03:104 published to Enterprise/Site/Area/Motor2/Analysis/Diagnosis/prediction
-----------------------------------------
[Motor1] raw_latency_ms=458.133
[Motor1] EDGE UTC : 2026-08-11T13:03:28.898165+00:00
[Motor1] CLOUD UTC: 2026-08-11T13:03:29.356298+00:00
-------------
Batch 0Nm_BPFI_03:100 from Motor1 received. Processing...
FFT for batch 0Nm_BPFI_03:100 published to Enterprise/Site/Area/Motor1/Analysis/Vibration/fft
Prediction for batch 0Nm_BPFI_03:100 published to Enterprise/Site/Area/Motor1/Analysis/Diagnosis/prediction
-----------------------------------------
[Motor3] raw_latency_ms=372.155
[Motor3] EDGE UTC : 2026-08-11T13:03:29.098592+00:00
[Motor3] CLOUD UTC: 2026-08-11T13:03:29.470746+00:00
-------------
Batch 0Nm_BPFI_03:13 from Motor3 received. Processing...
FFT for batch 0Nm_BPFI_03:13 published to Enterprise/Site/Area/Motor3/Analysis/Vibration/fft
Prediction for batch 0Nm_BPFI_03:13 published to Enterprise/Site/Area/Motor3/Analysis/Diagnosis/prediction
-----------------------------------------
[Motor1] raw_latency_ms=481.851
[Motor1] EDGE UTC : 2026-08-11T13:03:29.942101+00:00
[Motor1] CLOUD UTC: 2026-08-11T13:03:30.423952+00:00
-------------
Batch 0Nm_BPFI_03:101 from Motor1 received. Processing...
FFT for batch 0Nm_BPFI_03:101 published to Enterprise/Site/Area/Motor1/Analysis/Vibration/fft
Prediction for batch 0Nm_BPFI_03:101 published to Enterprise/Site/Area/Motor1/Analysis/Diagnosis/prediction
-----------------------------------------
[Motor2] raw_latency_ms=725.524
[Motor2] EDGE UTC : 2026-08-11T13:03:29.808800+00:00
[Motor2] CLOUD UTC: 2026-08-11T13:03:30.534324+00:00
-------------
Batch 0Nm_BPFI_03:105 from Motor2 received. Processing...
FFT for batch 0Nm_BPFI_03:105 published to Enterprise/Site/Area/Motor2/Analysis/Vibration/fft
Prediction for batch 0Nm_BPFI_03:105 published to Enterprise/Site/Area/Motor2/Analysis/Diagnosis/prediction
-----------------------------------------
[Motor3] raw_latency_ms=542.088
[Motor3] EDGE UTC : 2026-08-11T13:03:30.106566+00:00
[Motor3] CLOUD UTC: 2026-08-11T13:03:30.648655+00:00
-------------
Batch 0Nm_BPFI_03:14 from Motor3 received. Processing...
FFT for batch 0Nm_BPFI_03:14 published to Enterprise/Site/Area/Motor3/Analysis/Vibration/fft
Prediction for batch 0Nm_BPFI_03:14 published to Enterprise/Site/Area/Motor3/Analysis/Diagnosis/prediction
-----------------------------------------
Error processing batch: 'utf-8' codec can't decode byte 0xb3 in position 1: invalid start byte
[Motor1] raw_latency_ms=423.317
[Motor1] EDGE UTC : 2026-08-11T13:03:30.986382+00:00
[Motor1] CLOUD UTC: 2026-08-11T13:03:31.409700+00:00
-------------
Batch 0Nm_BPFI_03:102 from Motor1 received. Processing...
FFT for batch 0Nm_BPFI_03:102 published to Enterprise/Site/Area/Motor1/Analysis/Vibration/fft
Prediction for batch 0Nm_BPFI_03:102 published to Enterprise/Site/Area/Motor1/Analysis/Diagnosis/prediction
-----------------------------------------
[Motor3] raw_latency_ms=408.798
[Motor3] EDGE UTC : 2026-08-11T13:03:31.109695+00:00
[Motor3] CLOUD UTC: 2026-08-11T13:03:31.518493+00:00
-------------
Batch 0Nm_BPFI_03:15 from Motor3 received. Processing...
FFT for batch 0Nm_BPFI_03:15 published to Enterprise/Site/Area/Motor3/Analysis/Vibration/fft
Prediction for batch 0Nm_BPFI_03:15 published to Enterprise/Site/Area/Motor3/Analysis/Diagnosis/prediction
-----------------------------------------
[Motor3] raw_latency_ms=393.301
[Motor3] EDGE UTC : 2026-08-11T13:03:32.115510+00:00
[Motor3] CLOUD UTC: 2026-08-11T13:03:32.508811+00:00
-------------
Batch 0Nm_BPFI_03:16 from Motor3 received. Processing...
FFT for batch 0Nm_BPFI_03:16 published to Enterprise/Site/Area/Motor3/Analysis/Vibration/fft
Prediction for batch 0Nm_BPFI_03:16 published to Enterprise/Site/Area/Motor3/Analysis/Diagnosis/prediction
-----------------------------------------
[Motor1] raw_latency_ms=646.581
[Motor1] EDGE UTC : 2026-08-11T13:03:32.031762+00:00
[Motor1] CLOUD UTC: 2026-08-11T13:03:32.678344+00:00
-------------
Batch 0Nm_BPFI_03:103 from Motor1 received. Processing...
FFT for batch 0Nm_BPFI_03:103 published to Enterprise/Site/Area/Motor1/Analysis/Vibration/fft
Prediction for batch 0Nm_BPFI_03:103 published to Enterprise/Site/Area/Motor1/Analysis/Diagnosis/prediction
-----------------------------------------
[Motor2] raw_latency_ms=1005.386
[Motor2] EDGE UTC : 2026-08-11T13:03:31.895123+00:00
[Motor2] CLOUD UTC: 2026-08-11T13:03:32.900509+00:00
-------------
Batch 0Nm_BPFI_03:107 from Motor2 received. Processing...
FFT for batch 0Nm_BPFI_03:107 published to Enterprise/Site/Area/Motor2/Analysis/Vibration/fft
Prediction for batch 0Nm_BPFI_03:107 published to Enterprise/Site/Area/Motor2/Analysis/Diagnosis/prediction
-----------------------------------------
[Motor2] raw_latency_ms=483.722
[Motor2] EDGE UTC : 2026-08-11T13:03:32.943065+00:00
[Motor2] CLOUD UTC: 2026-08-11T13:03:33.426787+00:00
-------------
Batch 0Nm_BPFI_03:108 from Motor2 received. Processing...
FFT for batch 0Nm_BPFI_03:108 published to Enterprise/Site/Area/Motor2/Analysis/Vibration/fft
Prediction for batch 0Nm_BPFI_03:108 published to Enterprise/Site/Area/Motor2/Analysis/Diagnosis/prediction
-----------------------------------------
[Motor3] raw_latency_ms=511.746
[Motor3] EDGE UTC : 2026-08-11T13:03:33.121997+00:00
[Motor3] CLOUD UTC: 2026-08-11T13:03:33.633743+00:00
-------------
Batch 0Nm_BPFI_03:17 from Motor3 received. Processing...
FFT for batch 0Nm_BPFI_03:17 published to Enterprise/Site/Area/Motor3/Analysis/Vibration/fft
Prediction for batch 0Nm_BPFI_03:17 published to Enterprise/Site/Area/Motor3/Analysis/Diagnosis/prediction
-----------------------------------------
[Motor1] raw_latency_ms=731.796
[Motor1] EDGE UTC : 2026-08-11T13:03:33.075669+00:00
[Motor1] CLOUD UTC: 2026-08-11T13:03:33.807465+00:00
-------------
Batch 0Nm_BPFI_03:104 from Motor1 received. Processing...
FFT for batch 0Nm_BPFI_03:104 published to Enterprise/Site/Area/Motor1/Analysis/Vibration/fft
Prediction for batch 0Nm_BPFI_03:104 published to Enterprise/Site/Area/Motor1/Analysis/Diagnosis/prediction
-----------------------------------------
[Motor3] raw_latency_ms=380.018
[Motor3] EDGE UTC : 2026-08-11T13:03:34.127966+00:00
[Motor3] CLOUD UTC: 2026-08-11T13:03:34.507983+00:00
-------------
Batch 0Nm_BPFI_03:18 from Motor3 received. Processing...
FFT for batch 0Nm_BPFI_03:18 published to Enterprise/Site/Area/Motor3/Analysis/Vibration/fft
Prediction for batch 0Nm_BPFI_03:18 published to Enterprise/Site/Area/Motor3/Analysis/Diagnosis/prediction
-----------------------------------------
[Motor1] raw_latency_ms=588.537
[Motor1] EDGE UTC : 2026-08-11T13:03:34.119831+00:00
[Motor1] CLOUD UTC: 2026-08-11T13:03:34.708368+00:00
-------------
Batch 0Nm_BPFI_03:105 from Motor1 received. Processing...
FFT for batch 0Nm_BPFI_03:105 published to Enterprise/Site/Area/Motor1/Analysis/Vibration/fft
Prediction for batch 0Nm_BPFI_03:105 published to Enterprise/Site/Area/Motor1/Analysis/Diagnosis/prediction
-----------------------------------------
[Motor2] raw_latency_ms=911.461
[Motor2] EDGE UTC : 2026-08-11T13:03:33.990946+00:00
[Motor2] CLOUD UTC: 2026-08-11T13:03:34.902407+00:00
-------------
Batch 0Nm_BPFI_03:109 from Motor2 received. Processing...
FFT for batch 0Nm_BPFI_03:109 published to Enterprise/Site/Area/Motor2/Analysis/Vibration/fft
Prediction for batch 0Nm_BPFI_03:109 published to Enterprise/Site/Area/Motor2/Analysis/Diagnosis/prediction
-----------------------------------------
[Motor2] raw_latency_ms=497.977
[Motor2] EDGE UTC : 2026-08-11T13:03:35.041479+00:00
[Motor2] CLOUD UTC: 2026-08-11T13:03:35.539457+00:00
-------------
Batch 0Nm_BPFI_03:110 from Motor2 received. Processing...
FFT for batch 0Nm_BPFI_03:110 published to Enterprise/Site/Area/Motor2/Analysis/Vibration/fft
Prediction for batch 0Nm_BPFI_03:110 published to Enterprise/Site/Area/Motor2/Analysis/Diagnosis/prediction
-----------------------------------------
[Motor1] raw_latency_ms=552.267
[Motor1] EDGE UTC : 2026-08-11T13:03:35.164195+00:00
[Motor1] CLOUD UTC: 2026-08-11T13:03:35.716462+00:00
-------------
Batch 0Nm_BPFI_03:106 from Motor1 received. Processing...
FFT for batch 0Nm_BPFI_03:106 published to Enterprise/Site/Area/Motor1/Analysis/Vibration/fft
Prediction for batch 0Nm_BPFI_03:106 published to Enterprise/Site/Area/Motor1/Analysis/Diagnosis/prediction
-----------------------------------------
[Motor3] raw_latency_ms=773.788
[Motor3] EDGE UTC : 2026-08-11T13:03:35.133727+00:00
[Motor3] CLOUD UTC: 2026-08-11T13:03:35.907515+00:00
-------------
Batch 0Nm_BPFI_03:19 from Motor3 received. Processing...
FFT for batch 0Nm_BPFI_03:19 published to Enterprise/Site/Area/Motor3/Analysis/Vibration/fft
Prediction for batch 0Nm_BPFI_03:19 published to Enterprise/Site/Area/Motor3/Analysis/Diagnosis/prediction
-----------------------------------------
[Motor3] raw_latency_ms=520.321
[Motor3] EDGE UTC : 2026-08-11T13:03:36.136969+00:00
[Motor3] CLOUD UTC: 2026-08-11T13:03:36.657290+00:00
-------------
Batch 0Nm_BPFI_03:20 from Motor3 received. Processing...
FFT for batch 0Nm_BPFI_03:20 published to Enterprise/Site/Area/Motor3/Analysis/Vibration/fft
Prediction for batch 0Nm_BPFI_03:20 published to Enterprise/Site/Area/Motor3/Analysis/Diagnosis/prediction
-----------------------------------------
[Motor1] raw_latency_ms=557.264
[Motor1] EDGE UTC : 2026-08-11T13:03:36.208644+00:00
[Motor1] CLOUD UTC: 2026-08-11T13:03:36.765908+00:00
-------------
Batch 0Nm_BPFI_03:107 from Motor1 received. Processing...
FFT for batch 0Nm_BPFI_03:107 published to Enterprise/Site/Area/Motor1/Analysis/Vibration/fft
Prediction for batch 0Nm_BPFI_03:107 published to Enterprise/Site/Area/Motor1/Analysis/Diagnosis/prediction
-----------------------------------------
[Motor2] raw_latency_ms=791.662
[Motor2] EDGE UTC : 2026-08-11T13:03:36.089514+00:00
[Motor2] CLOUD UTC: 2026-08-11T13:03:36.881175+00:00
-------------
Batch 0Nm_BPFI_03:111 from Motor2 received. Processing...
FFT for batch 0Nm_BPFI_03:111 published to Enterprise/Site/Area/Motor2/Analysis/Vibration/fft
Prediction for batch 0Nm_BPFI_03:111 published to Enterprise/Site/Area/Motor2/Analysis/Diagnosis/prediction
-----------------------------------------
[Motor2] raw_latency_ms=469.139
[Motor2] EDGE UTC : 2026-08-11T13:03:37.147576+00:00
[Motor2] CLOUD UTC: 2026-08-11T13:03:37.616714+00:00
-------------
Batch 0Nm_BPFI_03:112 from Motor2 received. Processing...
FFT for batch 0Nm_BPFI_03:112 published to Enterprise/Site/Area/Motor2/Analysis/Vibration/fft
Prediction for batch 0Nm_BPFI_03:112 published to Enterprise/Site/Area/Motor2/Analysis/Diagnosis/prediction
-----------------------------------------
[Motor3] raw_latency_ms=579.933
[Motor3] EDGE UTC : 2026-08-11T13:03:37.144084+00:00
[Motor3] CLOUD UTC: 2026-08-11T13:03:37.724017+00:00
-------------
Batch 0Nm_BPFI_03:21 from Motor3 received. Processing...
FFT for batch 0Nm_BPFI_03:21 published to Enterprise/Site/Area/Motor3/Analysis/Vibration/fft
Prediction for batch 0Nm_BPFI_03:21 published to Enterprise/Site/Area/Motor3/Analysis/Diagnosis/prediction
-----------------------------------------
[Motor1] raw_latency_ms=591.490
[Motor1] EDGE UTC : 2026-08-11T13:03:37.247531+00:00
[Motor1] CLOUD UTC: 2026-08-11T13:03:37.839020+00:00
-------------
Batch 0Nm_BPFI_03:108 from Motor1 received. Processing...
FFT for batch 0Nm_BPFI_03:108 published to Enterprise/Site/Area/Motor1/Analysis/Vibration/fft
Prediction for batch 0Nm_BPFI_03:108 published to Enterprise/Site/Area/Motor1/Analysis/Diagnosis/prediction
-----------------------------------------
[Motor3] raw_latency_ms=518.659
[Motor3] EDGE UTC : 2026-08-11T13:03:38.154673+00:00
[Motor3] CLOUD UTC: 2026-08-11T13:03:38.673332+00:00
-------------
Batch 0Nm_BPFI_03:22 from Motor3 received. Processing...
FFT for batch 0Nm_BPFI_03:22 published to Enterprise/Site/Area/Motor3/Analysis/Vibration/fft
Prediction for batch 0Nm_BPFI_03:22 published to Enterprise/Site/Area/Motor3/Analysis/Diagnosis/prediction
-----------------------------------------
[Motor1] raw_latency_ms=536.391
[Motor1] EDGE UTC : 2026-08-11T13:03:38.285691+00:00
[Motor1] CLOUD UTC: 2026-08-11T13:03:38.822082+00:00
-------------
Batch 0Nm_BPFI_03:109 from Motor1 received. Processing...
FFT for batch 0Nm_BPFI_03:109 published to Enterprise/Site/Area/Motor1/Analysis/Vibration/fft
Prediction for batch 0Nm_BPFI_03:109 published to Enterprise/Site/Area/Motor1/Analysis/Diagnosis/prediction
-----------------------------------------
[Motor2] raw_latency_ms=739.541
[Motor2] EDGE UTC : 2026-08-11T13:03:38.195563+00:00
[Motor2] CLOUD UTC: 2026-08-11T13:03:38.935105+00:00
-------------
Batch 0Nm_BPFI_03:113 from Motor2 received. Processing...
FFT for batch 0Nm_BPFI_03:113 published to Enterprise/Site/Area/Motor2/Analysis/Vibration/fft
Prediction for batch 0Nm_BPFI_03:113 published to Enterprise/Site/Area/Motor2/Analysis/Diagnosis/prediction
-----------------------------------------
[Motor3] raw_latency_ms=525.264
[Motor3] EDGE UTC : 2026-08-11T13:03:39.160628+00:00
[Motor3] CLOUD UTC: 2026-08-11T13:03:39.685893+00:00
-------------
Batch 0Nm_BPFI_03:23 from Motor3 received. Processing...
FFT for batch 0Nm_BPFI_03:23 published to Enterprise/Site/Area/Motor3/Analysis/Vibration/fft
Prediction for batch 0Nm_BPFI_03:23 published to Enterprise/Site/Area/Motor3/Analysis/Diagnosis/prediction
-----------------------------------------
[Motor2] raw_latency_ms=552.535
[Motor2] EDGE UTC : 2026-08-11T13:03:39.243321+00:00
[Motor2] CLOUD UTC: 2026-08-11T13:03:39.795855+00:00
-------------
Batch 0Nm_BPFI_03:114 from Motor2 received. Processing...
FFT for batch 0Nm_BPFI_03:114 published to Enterprise/Site/Area/Motor2/Analysis/Vibration/fft
Prediction for batch 0Nm_BPFI_03:114 published to Enterprise/Site/Area/Motor2/Analysis/Diagnosis/prediction
-----------------------------------------
[Motor1] raw_latency_ms=592.561
[Motor1] EDGE UTC : 2026-08-11T13:03:39.324041+00:00
[Motor1] CLOUD UTC: 2026-08-11T13:03:39.916602+00:00
-------------
Batch 0Nm_BPFI_03:110 from Motor1 received. Processing...
FFT for batch 0Nm_BPFI_03:110 published to Enterprise/Site/Area/Motor1/Analysis/Vibration/fft
Prediction for batch 0Nm_BPFI_03:110 published to Enterprise/Site/Area/Motor1/Analysis/Diagnosis/prediction
-----------------------------------------
[Motor3] raw_latency_ms=520.592
[Motor3] EDGE UTC : 2026-08-11T13:03:40.166448+00:00
[Motor3] CLOUD UTC: 2026-08-11T13:03:40.687040+00:00
-------------
Batch 0Nm_BPFI_03:24 from Motor3 received. Processing...
FFT for batch 0Nm_BPFI_03:24 published to Enterprise/Site/Area/Motor3/Analysis/Vibration/fft
Prediction for batch 0Nm_BPFI_03:24 published to Enterprise/Site/Area/Motor3/Analysis/Diagnosis/prediction
-----------------------------------------
[Motor1] raw_latency_ms=434.486
[Motor1] EDGE UTC : 2026-08-11T13:03:40.362032+00:00
[Motor1] CLOUD UTC: 2026-08-11T13:03:40.796518+00:00
-------------
Batch 0Nm_BPFI_03:111 from Motor1 received. Processing...
FFT for batch 0Nm_BPFI_03:111 published to Enterprise/Site/Area/Motor1/Analysis/Vibration/fft
Prediction for batch 0Nm_BPFI_03:111 published to Enterprise/Site/Area/Motor1/Analysis/Diagnosis/prediction
-----------------------------------------
[Motor2] raw_latency_ms=616.635
[Motor2] EDGE UTC : 2026-08-11T13:03:40.297016+00:00
[Motor2] CLOUD UTC: 2026-08-11T13:03:40.913651+00:00
-------------
Batch 0Nm_BPFI_03:115 from Motor2 received. Processing...
FFT for batch 0Nm_BPFI_03:115 published to Enterprise/Site/Area/Motor2/Analysis/Vibration/fft
Prediction for batch 0Nm_BPFI_03:115 published to Enterprise/Site/Area/Motor2/Analysis/Diagnosis/prediction
-----------------------------------------
[Motor3] raw_latency_ms=523.906
[Motor3] EDGE UTC : 2026-08-11T13:03:41.181421+00:00
[Motor3] CLOUD UTC: 2026-08-11T13:03:41.705327+00:00
-------------
Batch 0Nm_BPFI_03:25 from Motor3 received. Processing...
FFT for batch 0Nm_BPFI_03:25 published to Enterprise/Site/Area/Motor3/Analysis/Vibration/fft
Prediction for batch 0Nm_BPFI_03:25 published to Enterprise/Site/Area/Motor3/Analysis/Diagnosis/prediction
-----------------------------------------
[Motor2] raw_latency_ms=477.056
[Motor2] EDGE UTC : 2026-08-11T13:03:41.338639+00:00
[Motor2] CLOUD UTC: 2026-08-11T13:03:41.815694+00:00
-------------
Batch 0Nm_BPFI_03:116 from Motor2 received. Processing...
FFT for batch 0Nm_BPFI_03:116 published to Enterprise/Site/Area/Motor2/Analysis/Vibration/fft
Prediction for batch 0Nm_BPFI_03:116 published to Enterprise/Site/Area/Motor2/Analysis/Diagnosis/prediction
-----------------------------------------
[Motor1] raw_latency_ms=551.800
[Motor1] EDGE UTC : 2026-08-11T13:03:41.399868+00:00
[Motor1] CLOUD UTC: 2026-08-11T13:03:41.951668+00:00
-------------
Batch 0Nm_BPFI_03:112 from Motor1 received. Processing...
FFT for batch 0Nm_BPFI_03:112 published to Enterprise/Site/Area/Motor1/Analysis/Vibration/fft
Prediction for batch 0Nm_BPFI_03:112 published to Enterprise/Site/Area/Motor1/Analysis/Diagnosis/prediction
-----------------------------------------
[Motor3] raw_latency_ms=519.228
[Motor3] EDGE UTC : 2026-08-11T13:03:42.187328+00:00
[Motor3] CLOUD UTC: 2026-08-11T13:03:42.706556+00:00
-------------
Batch 0Nm_BPFI_03:26 from Motor3 received. Processing...
FFT for batch 0Nm_BPFI_03:26 published to Enterprise/Site/Area/Motor3/Analysis/Vibration/fft
Prediction for batch 0Nm_BPFI_03:26 published to Enterprise/Site/Area/Motor3/Analysis/Diagnosis/prediction
-----------------------------------------
[Motor1] raw_latency_ms=394.499
[Motor1] EDGE UTC : 2026-08-11T13:03:42.437756+00:00
[Motor1] CLOUD UTC: 2026-08-11T13:03:42.832255+00:00
-------------
Batch 0Nm_BPFI_03:113 from Motor1 received. Processing...
FFT for batch 0Nm_BPFI_03:113 published to Enterprise/Site/Area/Motor1/Analysis/Vibration/fft
Prediction for batch 0Nm_BPFI_03:113 published to Enterprise/Site/Area/Motor1/Analysis/Diagnosis/prediction
-----------------------------------------
[Motor2] raw_latency_ms=558.341
[Motor2] EDGE UTC : 2026-08-11T13:03:42.386797+00:00
[Motor2] CLOUD UTC: 2026-08-11T13:03:42.945139+00:00
-------------
Batch 0Nm_BPFI_03:117 from Motor2 received. Processing...
FFT for batch 0Nm_BPFI_03:117 published to Enterprise/Site/Area/Motor2/Analysis/Vibration/fft
Prediction for batch 0Nm_BPFI_03:117 published to Enterprise/Site/Area/Motor2/Analysis/Diagnosis/prediction
-----------------------------------------
[Motor3] raw_latency_ms=544.198
[Motor3] EDGE UTC : 2026-08-11T13:03:43.190330+00:00
[Motor3] CLOUD UTC: 2026-08-11T13:03:43.734529+00:00
-------------
Batch 0Nm_BPFI_03:27 from Motor3 received. Processing...
FFT for batch 0Nm_BPFI_03:27 published to Enterprise/Site/Area/Motor3/Analysis/Vibration/fft
Prediction for batch 0Nm_BPFI_03:27 published to Enterprise/Site/Area/Motor3/Analysis/Diagnosis/prediction
-----------------------------------------
[Motor2] raw_latency_ms=406.528
[Motor2] EDGE UTC : 2026-08-11T13:03:43.437365+00:00
[Motor2] CLOUD UTC: 2026-08-11T13:03:43.843893+00:00
-------------
Batch 0Nm_BPFI_03:118 from Motor2 received. Processing...
FFT for batch 0Nm_BPFI_03:118 published to Enterprise/Site/Area/Motor2/Analysis/Vibration/fft
Prediction for batch 0Nm_BPFI_03:118 published to Enterprise/Site/Area/Motor2/Analysis/Diagnosis/prediction
-----------------------------------------
[Motor1] raw_latency_ms=551.352
[Motor1] EDGE UTC : 2026-08-11T13:03:43.482386+00:00
[Motor1] CLOUD UTC: 2026-08-11T13:03:44.033738+00:00
-------------
Batch 0Nm_BPFI_03:114 from Motor1 received. Processing...
FFT for batch 0Nm_BPFI_03:114 published to Enterprise/Site/Area/Motor1/Analysis/Vibration/fft
Prediction for batch 0Nm_BPFI_03:114 published to Enterprise/Site/Area/Motor1/Analysis/Diagnosis/prediction
-----------------------------------------
[Motor3] raw_latency_ms=415.708
[Motor3] EDGE UTC : 2026-08-11T13:03:44.196966+00:00
[Motor3] CLOUD UTC: 2026-08-11T13:03:44.612675+00:00
-------------
Batch 0Nm_BPFI_03:28 from Motor3 received. Processing...
FFT for batch 0Nm_BPFI_03:28 published to Enterprise/Site/Area/Motor3/Analysis/Vibration/fft
Prediction for batch 0Nm_BPFI_03:28 published to Enterprise/Site/Area/Motor3/Analysis/Diagnosis/prediction
-----------------------------------------
[Motor1] raw_latency_ms=392.704
[Motor1] EDGE UTC : 2026-08-11T13:03:44.526392+00:00
[Motor1] CLOUD UTC: 2026-08-11T13:03:44.919096+00:00
-------------
Batch 0Nm_BPFI_03:115 from Motor1 received. Processing...
FFT for batch 0Nm_BPFI_03:115 published to Enterprise/Site/Area/Motor1/Analysis/Vibration/fft
Prediction for batch 0Nm_BPFI_03:115 published to Enterprise/Site/Area/Motor1/Analysis/Diagnosis/prediction
-----------------------------------------
[Motor2] raw_latency_ms=541.975
[Motor2] EDGE UTC : 2026-08-11T13:03:44.485449+00:00
[Motor2] CLOUD UTC: 2026-08-11T13:03:45.027425+00:00
-------------
Batch 0Nm_BPFI_03:119 from Motor2 received. Processing...
FFT for batch 0Nm_BPFI_03:119 published to Enterprise/Site/Area/Motor2/Analysis/Vibration/fft
Prediction for batch 0Nm_BPFI_03:119 published to Enterprise/Site/Area/Motor2/Analysis/Diagnosis/prediction
-----------------------------------------
[Motor3] raw_latency_ms=559.801
[Motor3] EDGE UTC : 2026-08-11T13:03:45.203229+00:00
[Motor3] CLOUD UTC: 2026-08-11T13:03:45.763030+00:00
-------------
Batch 0Nm_BPFI_03:29 from Motor3 received. Processing...
FFT for batch 0Nm_BPFI_03:29 published to Enterprise/Site/Area/Motor3/Analysis/Vibration/fft
Prediction for batch 0Nm_BPFI_03:29 published to Enterprise/Site/Area/Motor3/Analysis/Diagnosis/prediction
-----------------------------------------
[Motor2] raw_latency_ms=387.781
[Motor2] EDGE UTC : 2026-08-11T13:03:45.536267+00:00
[Motor2] CLOUD UTC: 2026-08-11T13:03:45.924048+00:00
-------------
Batch 0Nm_BPFI_03:120 from Motor2 received. Processing...
FFT for batch 0Nm_BPFI_03:120 published to Enterprise/Site/Area/Motor2/Analysis/Vibration/fft
Prediction for batch 0Nm_BPFI_03:120 published to Enterprise/Site/Area/Motor2/Analysis/Diagnosis/prediction
-----------------------------------------
[Motor1] raw_latency_ms=556.157
[Motor1] EDGE UTC : 2026-08-11T13:03:45.573123+00:00
[Motor1] CLOUD UTC: 2026-08-11T13:03:46.129279+00:00
-------------
Batch 0Nm_BPFI_03:116 from Motor1 received. Processing...
FFT for batch 0Nm_BPFI_03:116 published to Enterprise/Site/Area/Motor1/Analysis/Vibration/fft
Prediction for batch 0Nm_BPFI_03:116 published to Enterprise/Site/Area/Motor1/Analysis/Diagnosis/prediction
-----------------------------------------
[Motor3] raw_latency_ms=412.030
[Motor3] EDGE UTC : 2026-08-11T13:03:46.206520+00:00
[Motor3] CLOUD UTC: 2026-08-11T13:03:46.618550+00:00
-------------
Batch 0Nm_BPFI_03:30 from Motor3 received. Processing...
FFT for batch 0Nm_BPFI_03:30 published to Enterprise/Site/Area/Motor3/Analysis/Vibration/fft
Prediction for batch 0Nm_BPFI_03:30 published to Enterprise/Site/Area/Motor3/Analysis/Diagnosis/prediction
-----------------------------------------
[Motor1] raw_latency_ms=398.937
[Motor1] EDGE UTC : 2026-08-11T13:03:46.617786+00:00
[Motor1] CLOUD UTC: 2026-08-11T13:03:47.016723+00:00
-------------
Batch 0Nm_BPFI_03:117 from Motor1 received. Processing...
FFT for batch 0Nm_BPFI_03:117 published to Enterprise/Site/Area/Motor1/Analysis/Vibration/fft
Prediction for batch 0Nm_BPFI_03:117 published to Enterprise/Site/Area/Motor1/Analysis/Diagnosis/prediction
-----------------------------------------
[Motor2] raw_latency_ms=637.040
[Motor2] EDGE UTC : 2026-08-11T13:03:46.577218+00:00
[Motor2] CLOUD UTC: 2026-08-11T13:03:47.214258+00:00
-------------
Batch 0Nm_BPFI_03:121 from Motor2 received. Processing...
FFT for batch 0Nm_BPFI_03:121 published to Enterprise/Site/Area/Motor2/Analysis/Vibration/fft
Prediction for batch 0Nm_BPFI_03:121 published to Enterprise/Site/Area/Motor2/Analysis/Diagnosis/prediction
-----------------------------------------
[Motor3] raw_latency_ms=418.159
[Motor3] EDGE UTC : 2026-08-11T13:03:47.209682+00:00
[Motor3] CLOUD UTC: 2026-08-11T13:03:47.627841+00:00
-------------
Batch 0Nm_BPFI_03:31 from Motor3 received. Processing...
FFT for batch 0Nm_BPFI_03:31 published to Enterprise/Site/Area/Motor3/Analysis/Vibration/fft
Prediction for batch 0Nm_BPFI_03:31 published to Enterprise/Site/Area/Motor3/Analysis/Diagnosis/prediction
-----------------------------------------
[Motor2] raw_latency_ms=370.578
[Motor2] EDGE UTC : 2026-08-11T13:03:47.624800+00:00
[Motor2] CLOUD UTC: 2026-08-11T13:03:47.995377+00:00
-------------
Batch 0Nm_BPFI_03:122 from Motor2 received. Processing...
FFT for batch 0Nm_BPFI_03:122 published to Enterprise/Site/Area/Motor2/Analysis/Vibration/fft
Prediction for batch 0Nm_BPFI_03:122 published to Enterprise/Site/Area/Motor2/Analysis/Diagnosis/prediction
-----------------------------------------
[Motor1] raw_latency_ms=557.603
[Motor1] EDGE UTC : 2026-08-11T13:03:47.662367+00:00
[Motor1] CLOUD UTC: 2026-08-11T13:03:48.219970+00:00
-------------
Batch 0Nm_BPFI_03:118 from Motor1 received. Processing...
FFT for batch 0Nm_BPFI_03:118 published to Enterprise/Site/Area/Motor1/Analysis/Vibration/fft
Prediction for batch 0Nm_BPFI_03:118 published to Enterprise/Site/Area/Motor1/Analysis/Diagnosis/prediction
-----------------------------------------
[Motor3] raw_latency_ms=420.220
[Motor3] EDGE UTC : 2026-08-11T13:03:48.212963+00:00
[Motor3] CLOUD UTC: 2026-08-11T13:03:48.633183+00:00
-------------
Batch 0Nm_BPFI_03:32 from Motor3 received. Processing...
FFT for batch 0Nm_BPFI_03:32 published to Enterprise/Site/Area/Motor3/Analysis/Vibration/fft
Prediction for batch 0Nm_BPFI_03:32 published to Enterprise/Site/Area/Motor3/Analysis/Diagnosis/prediction
-----------------------------------------
[Motor1] raw_latency_ms=483.740
[Motor1] EDGE UTC : 2026-08-11T13:03:48.706391+00:00
[Motor1] CLOUD UTC: 2026-08-11T13:03:49.190131+00:00
-------------
Batch 0Nm_BPFI_03:119 from Motor1 received. Processing...
FFT for batch 0Nm_BPFI_03:119 published to Enterprise/Site/Area/Motor1/Analysis/Vibration/fft
Prediction for batch 0Nm_BPFI_03:119 published to Enterprise/Site/Area/Motor1/Analysis/Diagnosis/prediction
-----------------------------------------
[Motor2] raw_latency_ms=688.405
[Motor2] EDGE UTC : 2026-08-11T13:03:48.680516+00:00
[Motor2] CLOUD UTC: 2026-08-11T13:03:49.368921+00:00
-------------
Batch 0Nm_BPFI_03:123 from Motor2 received. Processing...
FFT for batch 0Nm_BPFI_03:123 published to Enterprise/Site/Area/Motor2/Analysis/Vibration/fft
Prediction for batch 0Nm_BPFI_03:123 published to Enterprise/Site/Area/Motor2/Analysis/Diagnosis/prediction
-----------------------------------------
[Motor3] raw_latency_ms=419.739
[Motor3] EDGE UTC : 2026-08-11T13:03:49.221575+00:00
[Motor3] CLOUD UTC: 2026-08-11T13:03:49.641314+00:00
-------------
Batch 0Nm_BPFI_03:33 from Motor3 received. Processing...
FFT for batch 0Nm_BPFI_03:33 published to Enterprise/Site/Area/Motor3/Analysis/Vibration/fft
Prediction for batch 0Nm_BPFI_03:33 published to Enterprise/Site/Area/Motor3/Analysis/Diagnosis/prediction
-----------------------------------------
[Motor2] raw_latency_ms=370.015
[Motor2] EDGE UTC : 2026-08-11T13:03:49.728996+00:00
[Motor2] CLOUD UTC: 2026-08-11T13:03:50.099011+00:00
-------------
Batch 0Nm_BPFI_03:124 from Motor2 received. Processing...
FFT for batch 0Nm_BPFI_03:124 published to Enterprise/Site/Area/Motor2/Analysis/Vibration/fft
Prediction for batch 0Nm_BPFI_03:124 published to Enterprise/Site/Area/Motor2/Analysis/Diagnosis/prediction
-----------------------------------------
[Motor1] raw_latency_ms=564.116
[Motor1] EDGE UTC : 2026-08-11T13:03:49.750387+00:00
[Motor1] CLOUD UTC: 2026-08-11T13:03:50.314504+00:00
-------------
Batch 0Nm_BPFI_03:120 from Motor1 received. Processing...
FFT for batch 0Nm_BPFI_03:120 published to Enterprise/Site/Area/Motor1/Analysis/Vibration/fft
Prediction for batch 0Nm_BPFI_03:120 published to Enterprise/Site/Area/Motor1/Analysis/Diagnosis/prediction
-----------------------------------------
[Motor3] raw_latency_ms=419.369
[Motor3] EDGE UTC : 2026-08-11T13:03:50.230988+00:00
[Motor3] CLOUD UTC: 2026-08-11T13:03:50.650356+00:00
-------------
Batch 0Nm_BPFI_03:34 from Motor3 received. Processing...
FFT for batch 0Nm_BPFI_03:34 published to Enterprise/Site/Area/Motor3/Analysis/Vibration/fft
Prediction for batch 0Nm_BPFI_03:34 published to Enterprise/Site/Area/Motor3/Analysis/Diagnosis/prediction
-----------------------------------------
[Motor1] raw_latency_ms=951.091
[Motor1] EDGE UTC : 2026-08-11T13:03:50.799661+00:00
[Motor1] CLOUD UTC: 2026-08-11T13:03:51.750752+00:00
-------------
Batch 0Nm_BPFI_03:121 from Motor1 received. Processing...
FFT for batch 0Nm_BPFI_03:121 published to Enterprise/Site/Area/Motor1/Analysis/Vibration/fft
Prediction for batch 0Nm_BPFI_03:121 published to Enterprise/Site/Area/Motor1/Analysis/Diagnosis/prediction
-----------------------------------------
[Motor2] raw_latency_ms=1081.343
[Motor2] EDGE UTC : 2026-08-11T13:03:50.777685+00:00
[Motor2] CLOUD UTC: 2026-08-11T13:03:51.859029+00:00
-------------
Batch 0Nm_BPFI_03:125 from Motor2 received. Processing...
FFT for batch 0Nm_BPFI_03:125 published to Enterprise/Site/Area/Motor2/Analysis/Vibration/fft
Prediction for batch 0Nm_BPFI_03:125 published to Enterprise/Site/Area/Motor2/Analysis/Diagnosis/prediction
-----------------------------------------
[Motor3] raw_latency_ms=737.286
[Motor3] EDGE UTC : 2026-08-11T13:03:51.235516+00:00
[Motor3] CLOUD UTC: 2026-08-11T13:03:51.972801+00:00
-------------
Batch 0Nm_BPFI_03:35 from Motor3 received. Processing...
FFT for batch 0Nm_BPFI_03:35 published to Enterprise/Site/Area/Motor3/Analysis/Vibration/fft
Prediction for batch 0Nm_BPFI_03:35 published to Enterprise/Site/Area/Motor3/Analysis/Diagnosis/prediction
-----------------------------------------
[Motor2] raw_latency_ms=384.010
[Motor2] EDGE UTC : 2026-08-11T13:03:51.825536+00:00
[Motor2] CLOUD UTC: 2026-08-11T13:03:52.209547+00:00
-------------
Batch 0Nm_BPFI_03:126 from Motor2 received. Processing...
FFT for batch 0Nm_BPFI_03:126 published to Enterprise/Site/Area/Motor2/Analysis/Vibration/fft
Prediction for batch 0Nm_BPFI_03:126 published to Enterprise/Site/Area/Motor2/Analysis/Diagnosis/prediction
-----------------------------------------
[Motor1] raw_latency_ms=550.160
[Motor1] EDGE UTC : 2026-08-11T13:03:51.843758+00:00
[Motor1] CLOUD UTC: 2026-08-11T13:03:52.393918+00:00
-------------
Batch 0Nm_BPFI_03:122 from Motor1 received. Processing...
FFT for batch 0Nm_BPFI_03:122 published to Enterprise/Site/Area/Motor1/Analysis/Vibration/fft
Prediction for batch 0Nm_BPFI_03:122 published to Enterprise/Site/Area/Motor1/Analysis/Diagnosis/prediction
-----------------------------------------
[Motor3] raw_latency_ms=411.264
[Motor3] EDGE UTC : 2026-08-11T13:03:52.258435+00:00
[Motor3] CLOUD UTC: 2026-08-11T13:03:52.669699+00:00
-------------
Batch 0Nm_BPFI_03:36 from Motor3 received. Processing...
FFT for batch 0Nm_BPFI_03:36 published to Enterprise/Site/Area/Motor3/Analysis/Vibration/fft
Prediction for batch 0Nm_BPFI_03:36 published to Enterprise/Site/Area/Motor3/Analysis/Diagnosis/prediction
-----------------------------------------
[Motor1] raw_latency_ms=480.629
[Motor1] EDGE UTC : 2026-08-11T13:03:52.888352+00:00
[Motor1] CLOUD UTC: 2026-08-11T13:03:53.368980+00:00
-------------
Batch 0Nm_BPFI_03:123 from Motor1 received. Processing...
FFT for batch 0Nm_BPFI_03:123 published to Enterprise/Site/Area/Motor1/Analysis/Vibration/fft
Prediction for batch 0Nm_BPFI_03:123 published to Enterprise/Site/Area/Motor1/Analysis/Diagnosis/prediction
-----------------------------------------
[Motor2] raw_latency_ms=609.136
[Motor2] EDGE UTC : 2026-08-11T13:03:52.873566+00:00
[Motor2] CLOUD UTC: 2026-08-11T13:03:53.482702+00:00
-------------
Batch 0Nm_BPFI_03:127 from Motor2 received. Processing...
FFT for batch 0Nm_BPFI_03:127 published to Enterprise/Site/Area/Motor2/Analysis/Vibration/fft
Prediction for batch 0Nm_BPFI_03:127 published to Enterprise/Site/Area/Motor2/Analysis/Diagnosis/prediction
-----------------------------------------
[Motor3] raw_latency_ms=428.637
[Motor3] EDGE UTC : 2026-08-11T13:03:53.264763+00:00
[Motor3] CLOUD UTC: 2026-08-11T13:03:53.693400+00:00
-------------
Batch 0Nm_BPFI_03:37 from Motor3 received. Processing...
FFT for batch 0Nm_BPFI_03:37 published to Enterprise/Site/Area/Motor3/Analysis/Vibration/fft
Prediction for batch 0Nm_BPFI_03:37 published to Enterprise/Site/Area/Motor3/Analysis/Diagnosis/prediction
-----------------------------------------
[Motor2] raw_latency_ms=462.032
[Motor2] EDGE UTC : 2026-08-11T13:03:53.921820+00:00
[Motor2] CLOUD UTC: 2026-08-11T13:03:54.383852+00:00
-------------
Batch 0Nm_BPFI_03:128 from Motor2 received. Processing...
FFT for batch 0Nm_BPFI_03:128 published to Enterprise/Site/Area/Motor2/Analysis/Vibration/fft
Prediction for batch 0Nm_BPFI_03:128 published to Enterprise/Site/Area/Motor2/Analysis/Diagnosis/prediction
-----------------------------------------
[Motor1] raw_latency_ms=566.490
[Motor1] EDGE UTC : 2026-08-11T13:03:53.932390+00:00
[Motor1] CLOUD UTC: 2026-08-11T13:03:54.498880+00:00
-------------
Batch 0Nm_BPFI_03:124 from Motor1 received. Processing...
FFT for batch 0Nm_BPFI_03:124 published to Enterprise/Site/Area/Motor1/Analysis/Vibration/fft
Prediction for batch 0Nm_BPFI_03:124 published to Enterprise/Site/Area/Motor1/Analysis/Diagnosis/prediction
-----------------------------------------
[Motor3] raw_latency_ms=430.505
[Motor3] EDGE UTC : 2026-08-11T13:03:54.268302+00:00
[Motor3] CLOUD UTC: 2026-08-11T13:03:54.698807+00:00
-------------
Batch 0Nm_BPFI_03:38 from Motor3 received. Processing...
FFT for batch 0Nm_BPFI_03:38 published to Enterprise/Site/Area/Motor3/Analysis/Vibration/fft
Prediction for batch 0Nm_BPFI_03:38 published to Enterprise/Site/Area/Motor3/Analysis/Diagnosis/prediction
-----------------------------------------
[Motor2] raw_latency_ms=505.098
[Motor2] EDGE UTC : 2026-08-11T13:03:54.970340+00:00
[Motor2] CLOUD UTC: 2026-08-11T13:03:55.475438+00:00
-------------
Batch 0Nm_BPFI_03:129 from Motor2 received. Processing...
FFT for batch 0Nm_BPFI_03:129 published to Enterprise/Site/Area/Motor2/Analysis/Vibration/fft
Prediction for batch 0Nm_BPFI_03:129 published to Enterprise/Site/Area/Motor2/Analysis/Diagnosis/prediction
-----------------------------------------
[Motor1] raw_latency_ms=606.461
[Motor1] EDGE UTC : 2026-08-11T13:03:54.976587+00:00
[Motor1] CLOUD UTC: 2026-08-11T13:03:55.583048+00:00
-------------
Batch 0Nm_BPFI_03:125 from Motor1 received. Processing...
FFT for batch 0Nm_BPFI_03:125 published to Enterprise/Site/Area/Motor1/Analysis/Vibration/fft
Prediction for batch 0Nm_BPFI_03:125 published to Enterprise/Site/Area/Motor1/Analysis/Diagnosis/prediction
-----------------------------------------
[Motor3] raw_latency_ms=458.726
[Motor3] EDGE UTC : 2026-08-11T13:03:55.274827+00:00
[Motor3] CLOUD UTC: 2026-08-11T13:03:55.733553+00:00
-------------
Batch 0Nm_BPFI_03:39 from Motor3 received. Processing...
FFT for batch 0Nm_BPFI_03:39 published to Enterprise/Site/Area/Motor3/Analysis/Vibration/fft
Prediction for batch 0Nm_BPFI_03:39 published to Enterprise/Site/Area/Motor3/Analysis/Diagnosis/prediction
-----------------------------------------
[Motor2] raw_latency_ms=470.237
[Motor2] EDGE UTC : 2026-08-11T13:03:56.018548+00:00
[Motor2] CLOUD UTC: 2026-08-11T13:03:56.488784+00:00
-------------
Batch 0Nm_BPFI_03:130 from Motor2 received. Processing...
FFT for batch 0Nm_BPFI_03:130 published to Enterprise/Site/Area/Motor2/Analysis/Vibration/fft
Prediction for batch 0Nm_BPFI_03:130 published to Enterprise/Site/Area/Motor2/Analysis/Diagnosis/prediction
-----------------------------------------
[Motor1] raw_latency_ms=582.643
[Motor1] EDGE UTC : 2026-08-11T13:03:56.026338+00:00
[Motor1] CLOUD UTC: 2026-08-11T13:03:56.608980+00:00
-------------
Batch 0Nm_BPFI_03:126 from Motor1 received. Processing...
FFT for batch 0Nm_BPFI_03:126 published to Enterprise/Site/Area/Motor1/Analysis/Vibration/fft
Prediction for batch 0Nm_BPFI_03:126 published to Enterprise/Site/Area/Motor1/Analysis/Diagnosis/prediction
-----------------------------------------
[Motor3] raw_latency_ms=449.096
[Motor3] EDGE UTC : 2026-08-11T13:03:56.278934+00:00
[Motor3] CLOUD UTC: 2026-08-11T13:03:56.728030+00:00
-------------
Batch 0Nm_BPFI_03:40 from Motor3 received. Processing...
FFT for batch 0Nm_BPFI_03:40 published to Enterprise/Site/Area/Motor3/Analysis/Vibration/fft
Prediction for batch 0Nm_BPFI_03:40 published to Enterprise/Site/Area/Motor3/Analysis/Diagnosis/prediction
-----------------------------------------
[Motor2] raw_latency_ms=491.410
[Motor2] EDGE UTC : 2026-08-11T13:03:57.066215+00:00
[Motor2] CLOUD UTC: 2026-08-11T13:03:57.557625+00:00
-------------
Batch 0Nm_BPFI_03:131 from Motor2 received. Processing...
FFT for batch 0Nm_BPFI_03:131 published to Enterprise/Site/Area/Motor2/Analysis/Vibration/fft
Prediction for batch 0Nm_BPFI_03:131 published to Enterprise/Site/Area/Motor2/Analysis/Diagnosis/prediction
-----------------------------------------
[Motor1] raw_latency_ms=593.167
[Motor1] EDGE UTC : 2026-08-11T13:03:57.070600+00:00
[Motor1] CLOUD UTC: 2026-08-11T13:03:57.663767+00:00
-------------
Batch 0Nm_BPFI_03:127 from Motor1 received. Processing...
FFT for batch 0Nm_BPFI_03:127 published to Enterprise/Site/Area/Motor1/Analysis/Vibration/fft
Prediction for batch 0Nm_BPFI_03:127 published to Enterprise/Site/Area/Motor1/Analysis/Diagnosis/prediction
-----------------------------------------
[Motor3] raw_latency_ms=503.621
[Motor3] EDGE UTC : 2026-08-11T13:03:57.285402+00:00
[Motor3] CLOUD UTC: 2026-08-11T13:03:57.789023+00:00
-------------
Batch 0Nm_BPFI_03:41 from Motor3 received. Processing...
FFT for batch 0Nm_BPFI_03:41 published to Enterprise/Site/Area/Motor3/Analysis/Vibration/fft
Prediction for batch 0Nm_BPFI_03:41 published to Enterprise/Site/Area/Motor3/Analysis/Diagnosis/prediction
-----------------------------------------
[Motor2] raw_latency_ms=470.079
[Motor2] EDGE UTC : 2026-08-11T13:03:58.084936+00:00
[Motor2] CLOUD UTC: 2026-08-11T13:03:58.555015+00:00
-------------
Batch 0Nm_BPFI_03:132 from Motor2 received. Processing...
FFT for batch 0Nm_BPFI_03:132 published to Enterprise/Site/Area/Motor2/Analysis/Vibration/fft
Prediction for batch 0Nm_BPFI_03:132 published to Enterprise/Site/Area/Motor2/Analysis/Diagnosis/prediction
-----------------------------------------
[Motor1] raw_latency_ms=554.142
[Motor1] EDGE UTC : 2026-08-11T13:03:58.114913+00:00
[Motor1] CLOUD UTC: 2026-08-11T13:03:58.669055+00:00
-------------
Batch 0Nm_BPFI_03:128 from Motor1 received. Processing...
FFT for batch 0Nm_BPFI_03:128 published to Enterprise/Site/Area/Motor1/Analysis/Vibration/fft
Prediction for batch 0Nm_BPFI_03:128 published to Enterprise/Site/Area/Motor1/Analysis/Diagnosis/prediction
-----------------------------------------
[Motor3] raw_latency_ms=491.938
[Motor3] EDGE UTC : 2026-08-11T13:03:58.288833+00:00
[Motor3] CLOUD UTC: 2026-08-11T13:03:58.780771+00:00
-------------
Batch 0Nm_BPFI_03:42 from Motor3 received. Processing...
FFT for batch 0Nm_BPFI_03:42 published to Enterprise/Site/Area/Motor3/Analysis/Vibration/fft
Prediction for batch 0Nm_BPFI_03:42 published to Enterprise/Site/Area/Motor3/Analysis/Diagnosis/prediction
-----------------------------------------
[Motor2] raw_latency_ms=472.923
[Motor2] EDGE UTC : 2026-08-11T13:03:59.103271+00:00
[Motor2] CLOUD UTC: 2026-08-11T13:03:59.576194+00:00
-------------
Batch 0Nm_BPFI_03:133 from Motor2 received. Processing...
FFT for batch 0Nm_BPFI_03:133 published to Enterprise/Site/Area/Motor2/Analysis/Vibration/fft
Prediction for batch 0Nm_BPFI_03:133 published to Enterprise/Site/Area/Motor2/Analysis/Diagnosis/prediction
-----------------------------------------
[Motor1] raw_latency_ms=525.339
[Motor1] EDGE UTC : 2026-08-11T13:03:59.159161+00:00
[Motor1] CLOUD UTC: 2026-08-11T13:03:59.684500+00:00
-------------
Batch 0Nm_BPFI_03:129 from Motor1 received. Processing...
FFT for batch 0Nm_BPFI_03:129 published to Enterprise/Site/Area/Motor1/Analysis/Vibration/fft
Prediction for batch 0Nm_BPFI_03:129 published to Enterprise/Site/Area/Motor1/Analysis/Diagnosis/prediction
-----------------------------------------
[Motor3] raw_latency_ms=531.420
[Motor3] EDGE UTC : 2026-08-11T13:03:59.303659+00:00
[Motor3] CLOUD UTC: 2026-08-11T13:03:59.835079+00:00
-------------
Batch 0Nm_BPFI_03:43 from Motor3 received. Processing...
FFT for batch 0Nm_BPFI_03:43 published to Enterprise/Site/Area/Motor3/Analysis/Vibration/fft
Prediction for batch 0Nm_BPFI_03:43 published to Enterprise/Site/Area/Motor3/Analysis/Diagnosis/prediction
-----------------------------------------
[Motor2] raw_latency_ms=471.157
[Motor2] EDGE UTC : 2026-08-11T13:04:00.121711+00:00
[Motor2] CLOUD UTC: 2026-08-11T13:04:00.592868+00:00
-------------
Batch 0Nm_BPFI_03:134 from Motor2 received. Processing...
FFT for batch 0Nm_BPFI_03:134 published to Enterprise/Site/Area/Motor2/Analysis/Vibration/fft
Prediction for batch 0Nm_BPFI_03:134 published to Enterprise/Site/Area/Motor2/Analysis/Diagnosis/prediction
-----------------------------------------
[Motor3] raw_latency_ms=453.440
[Motor3] EDGE UTC : 2026-08-11T13:04:00.306828+00:00
[Motor3] CLOUD UTC: 2026-08-11T13:04:00.760268+00:00
-------------
Batch 0Nm_BPFI_03:44 from Motor3 received. Processing...
FFT for batch 0Nm_BPFI_03:44 published to Enterprise/Site/Area/Motor3/Analysis/Vibration/fft
Prediction for batch 0Nm_BPFI_03:44 published to Enterprise/Site/Area/Motor3/Analysis/Diagnosis/prediction
-----------------------------------------
[Motor1] raw_latency_ms=776.589
[Motor1] EDGE UTC : 2026-08-11T13:04:00.203610+00:00
[Motor1] CLOUD UTC: 2026-08-11T13:04:00.980200+00:00
-------------
Batch 0Nm_BPFI_03:130 from Motor1 received. Processing...
FFT for batch 0Nm_BPFI_03:130 published to Enterprise/Site/Area/Motor1/Analysis/Vibration/fft
Prediction for batch 0Nm_BPFI_03:130 published to Enterprise/Site/Area/Motor1/Analysis/Diagnosis/prediction
-----------------------------------------
[Motor2] raw_latency_ms=462.088
[Motor2] EDGE UTC : 2026-08-11T13:04:01.140533+00:00
[Motor2] CLOUD UTC: 2026-08-11T13:04:01.602622+00:00
-------------
Batch 0Nm_BPFI_03:135 from Motor2 received. Processing...
FFT for batch 0Nm_BPFI_03:135 published to Enterprise/Site/Area/Motor2/Analysis/Vibration/fft
Prediction for batch 0Nm_BPFI_03:135 published to Enterprise/Site/Area/Motor2/Analysis/Diagnosis/prediction
-----------------------------------------
[Motor3] raw_latency_ms=462.924
[Motor3] EDGE UTC : 2026-08-11T13:04:01.311474+00:00
[Motor3] CLOUD UTC: 2026-08-11T13:04:01.774398+00:00
-------------
Batch 0Nm_BPFI_03:45 from Motor3 received. Processing...
FFT for batch 0Nm_BPFI_03:45 published to Enterprise/Site/Area/Motor3/Analysis/Vibration/fft
Prediction for batch 0Nm_BPFI_03:45 published to Enterprise/Site/Area/Motor3/Analysis/Diagnosis/prediction
-----------------------------------------
[Motor1] raw_latency_ms=741.886
[Motor1] EDGE UTC : 2026-08-11T13:04:01.247466+00:00
[Motor1] CLOUD UTC: 2026-08-11T13:04:01.989352+00:00
-------------
Batch 0Nm_BPFI_03:131 from Motor1 received. Processing...
FFT for batch 0Nm_BPFI_03:131 published to Enterprise/Site/Area/Motor1/Analysis/Vibration/fft
Prediction for batch 0Nm_BPFI_03:131 published to Enterprise/Site/Area/Motor1/Analysis/Diagnosis/prediction
-----------------------------------------
[Motor2] raw_latency_ms=458.250
[Motor2] EDGE UTC : 2026-08-11T13:04:02.187565+00:00
[Motor2] CLOUD UTC: 2026-08-11T13:04:02.645815+00:00
-------------
Batch 0Nm_BPFI_03:136 from Motor2 received. Processing...
FFT for batch 0Nm_BPFI_03:136 published to Enterprise/Site/Area/Motor2/Analysis/Vibration/fft
Prediction for batch 0Nm_BPFI_03:136 published to Enterprise/Site/Area/Motor2/Analysis/Diagnosis/prediction
-----------------------------------------
[Motor3] raw_latency_ms=491.838
[Motor3] EDGE UTC : 2026-08-11T13:04:02.324832+00:00
[Motor3] CLOUD UTC: 2026-08-11T13:04:02.816671+00:00
-------------
Batch 0Nm_BPFI_03:46 from Motor3 received. Processing...
FFT for batch 0Nm_BPFI_03:46 published to Enterprise/Site/Area/Motor3/Analysis/Vibration/fft
Prediction for batch 0Nm_BPFI_03:46 published to Enterprise/Site/Area/Motor3/Analysis/Diagnosis/prediction
-----------------------------------------
[Motor1] raw_latency_ms=1132.278
[Motor1] EDGE UTC : 2026-08-11T13:04:02.383712+00:00
[Motor1] CLOUD UTC: 2026-08-11T13:04:03.515990+00:00
-------------
Batch 0Nm_BPFI_03:132 from Motor1 received. Processing...
FFT for batch 0Nm_BPFI_03:132 published to Enterprise/Site/Area/Motor1/Analysis/Vibration/fft
Prediction for batch 0Nm_BPFI_03:132 published to Enterprise/Site/Area/Motor1/Analysis/Diagnosis/prediction
-----------------------------------------
[Motor2] raw_latency_ms=487.486
[Motor2] EDGE UTC : 2026-08-11T13:04:03.237973+00:00
[Motor2] CLOUD UTC: 2026-08-11T13:04:03.725459+00:00
-------------
Batch 0Nm_BPFI_03:137 from Motor2 received. Processing...
FFT for batch 0Nm_BPFI_03:137 published to Enterprise/Site/Area/Motor2/Analysis/Vibration/fft
Prediction for batch 0Nm_BPFI_03:137 published to Enterprise/Site/Area/Motor2/Analysis/Diagnosis/prediction
-----------------------------------------
[Motor1] raw_latency_ms=485.855
[Motor1] EDGE UTC : 2026-08-11T13:04:03.421761+00:00
[Motor1] CLOUD UTC: 2026-08-11T13:04:03.907616+00:00
-------------
Batch 0Nm_BPFI_03:133 from Motor1 received. Processing...
FFT for batch 0Nm_BPFI_03:133 published to Enterprise/Site/Area/Motor1/Analysis/Vibration/fft
Prediction for batch 0Nm_BPFI_03:133 published to Enterprise/Site/Area/Motor1/Analysis/Diagnosis/prediction
-----------------------------------------
[Motor3] raw_latency_ms=741.569
[Motor3] EDGE UTC : 2026-08-11T13:04:03.332334+00:00
[Motor3] CLOUD UTC: 2026-08-11T13:04:04.073903+00:00
-------------
Batch 0Nm_BPFI_03:47 from Motor3 received. Processing...
FFT for batch 0Nm_BPFI_03:47 published to Enterprise/Site/Area/Motor3/Analysis/Vibration/fft
Prediction for batch 0Nm_BPFI_03:47 published to Enterprise/Site/Area/Motor3/Analysis/Diagnosis/prediction
-----------------------------------------
[Motor2] raw_latency_ms=469.446
[Motor2] EDGE UTC : 2026-08-11T13:04:04.288224+00:00
[Motor2] CLOUD UTC: 2026-08-11T13:04:04.757670+00:00
-------------
Batch 0Nm_BPFI_03:138 from Motor2 received. Processing...
FFT for batch 0Nm_BPFI_03:138 published to Enterprise/Site/Area/Motor2/Analysis/Vibration/fft
Prediction for batch 0Nm_BPFI_03:138 published to Enterprise/Site/Area/Motor2/Analysis/Diagnosis/prediction
-----------------------------------------
[Motor3] raw_latency_ms=527.344
[Motor3] EDGE UTC : 2026-08-11T13:04:04.339029+00:00
[Motor3] CLOUD UTC: 2026-08-11T13:04:04.866373+00:00
-------------
Batch 0Nm_BPFI_03:48 from Motor3 received. Processing...
FFT for batch 0Nm_BPFI_03:48 published to Enterprise/Site/Area/Motor3/Analysis/Vibration/fft
Prediction for batch 0Nm_BPFI_03:48 published to Enterprise/Site/Area/Motor3/Analysis/Diagnosis/prediction
-----------------------------------------
[Motor1] raw_latency_ms=609.058
[Motor1] EDGE UTC : 2026-08-11T13:04:04.460274+00:00
[Motor1] CLOUD UTC: 2026-08-11T13:04:05.069332+00:00
-------------
Batch 0Nm_BPFI_03:134 from Motor1 received. Processing...
FFT for batch 0Nm_BPFI_03:134 published to Enterprise/Site/Area/Motor1/Analysis/Vibration/fft
Prediction for batch 0Nm_BPFI_03:134 published to Enterprise/Site/Area/Motor1/Analysis/Diagnosis/prediction
-----------------------------------------
[Motor3] raw_latency_ms=524.419
[Motor3] EDGE UTC : 2026-08-11T13:04:05.342563+00:00
[Motor3] CLOUD UTC: 2026-08-11T13:04:05.866982+00:00
-------------
Batch 0Nm_BPFI_03:49 from Motor3 received. Processing...
FFT for batch 0Nm_BPFI_03:49 published to Enterprise/Site/Area/Motor3/Analysis/Vibration/fft
Prediction for batch 0Nm_BPFI_03:49 published to Enterprise/Site/Area/Motor3/Analysis/Diagnosis/prediction
-----------------------------------------
[Motor2] raw_latency_ms=642.301
[Motor2] EDGE UTC : 2026-08-11T13:04:05.336332+00:00
[Motor2] CLOUD UTC: 2026-08-11T13:04:05.978633+00:00
-------------
Batch 0Nm_BPFI_03:139 from Motor2 received. Processing...
FFT for batch 0Nm_BPFI_03:139 published to Enterprise/Site/Area/Motor2/Analysis/Vibration/fft
Prediction for batch 0Nm_BPFI_03:139 published to Enterprise/Site/Area/Motor2/Analysis/Diagnosis/prediction
-----------------------------------------
[Motor1] raw_latency_ms=592.999
[Motor1] EDGE UTC : 2026-08-11T13:04:05.498295+00:00
[Motor1] CLOUD UTC: 2026-08-11T13:04:06.091294+00:00
-------------
Batch 0Nm_BPFI_03:135 from Motor1 received. Processing...
FFT for batch 0Nm_BPFI_03:135 published to Enterprise/Site/Area/Motor1/Analysis/Vibration/fft
Prediction for batch 0Nm_BPFI_03:135 published to Enterprise/Site/Area/Motor1/Analysis/Diagnosis/prediction
-----------------------------------------
[Motor2] raw_latency_ms=476.975
[Motor2] EDGE UTC : 2026-08-11T13:04:06.384545+00:00
[Motor2] CLOUD UTC: 2026-08-11T13:04:06.861520+00:00
-------------
Batch 0Nm_BPFI_03:140 from Motor2 received. Processing...
FFT for batch 0Nm_BPFI_03:140 published to Enterprise/Site/Area/Motor2/Analysis/Vibration/fft
Prediction for batch 0Nm_BPFI_03:140 published to Enterprise/Site/Area/Motor2/Analysis/Diagnosis/prediction
-----------------------------------------
[Motor3] raw_latency_ms=621.692
[Motor3] EDGE UTC : 2026-08-11T13:04:06.349214+00:00
[Motor3] CLOUD UTC: 2026-08-11T13:04:06.970906+00:00
-------------
Batch 0Nm_BPFI_03:50 from Motor3 received. Processing...
FFT for batch 0Nm_BPFI_03:50 published to Enterprise/Site/Area/Motor3/Analysis/Vibration/fft
Prediction for batch 0Nm_BPFI_03:50 published to Enterprise/Site/Area/Motor3/Analysis/Diagnosis/prediction
-----------------------------------------
[Motor1] raw_latency_ms=618.605
[Motor1] EDGE UTC : 2026-08-11T13:04:06.536196+00:00
[Motor1] CLOUD UTC: 2026-08-11T13:04:07.154801+00:00
-------------
Batch 0Nm_BPFI_03:136 from Motor1 received. Processing...
FFT for batch 0Nm_BPFI_03:136 published to Enterprise/Site/Area/Motor1/Analysis/Vibration/fft
Prediction for batch 0Nm_BPFI_03:136 published to Enterprise/Site/Area/Motor1/Analysis/Diagnosis/prediction
-----------------------------------------
[Motor3] raw_latency_ms=569.035
[Motor3] EDGE UTC : 2026-08-11T13:04:07.363505+00:00
[Motor3] CLOUD UTC: 2026-08-11T13:04:07.932539+00:00
-------------
Batch 0Nm_BPFI_03:51 from Motor3 received. Processing...
FFT for batch 0Nm_BPFI_03:51 published to Enterprise/Site/Area/Motor3/Analysis/Vibration/fft
Prediction for batch 0Nm_BPFI_03:51 published to Enterprise/Site/Area/Motor3/Analysis/Diagnosis/prediction
-----------------------------------------
[Motor2] raw_latency_ms=612.912
[Motor2] EDGE UTC : 2026-08-11T13:04:07.426778+00:00
[Motor2] CLOUD UTC: 2026-08-11T13:04:08.039690+00:00
-------------
Batch 0Nm_BPFI_03:141 from Motor2 received. Processing...
FFT for batch 0Nm_BPFI_03:141 published to Enterprise/Site/Area/Motor2/Analysis/Vibration/fft
Prediction for batch 0Nm_BPFI_03:141 published to Enterprise/Site/Area/Motor2/Analysis/Diagnosis/prediction
-----------------------------------------
[Motor1] raw_latency_ms=577.038
[Motor1] EDGE UTC : 2026-08-11T13:04:07.575586+00:00
[Motor1] CLOUD UTC: 2026-08-11T13:04:08.152624+00:00
-------------
Batch 0Nm_BPFI_03:137 from Motor1 received. Processing...
FFT for batch 0Nm_BPFI_03:137 published to Enterprise/Site/Area/Motor1/Analysis/Vibration/fft
Prediction for batch 0Nm_BPFI_03:137 published to Enterprise/Site/Area/Motor1/Analysis/Diagnosis/prediction
-----------------------------------------
[Motor3] raw_latency_ms=523.719
[Motor3] EDGE UTC : 2026-08-11T13:04:08.368032+00:00
[Motor3] CLOUD UTC: 2026-08-11T13:04:08.891751+00:00
-------------
Batch 0Nm_BPFI_03:52 from Motor3 received. Processing...
FFT for batch 0Nm_BPFI_03:52 published to Enterprise/Site/Area/Motor3/Analysis/Vibration/fft
Prediction for batch 0Nm_BPFI_03:52 published to Enterprise/Site/Area/Motor3/Analysis/Diagnosis/prediction
-----------------------------------------
[Motor2] raw_latency_ms=522.403
[Motor2] EDGE UTC : 2026-08-11T13:04:08.477407+00:00
[Motor2] CLOUD UTC: 2026-08-11T13:04:08.999810+00:00
-------------
Batch 0Nm_BPFI_03:142 from Motor2 received. Processing...
FFT for batch 0Nm_BPFI_03:142 published to Enterprise/Site/Area/Motor2/Analysis/Vibration/fft
Prediction for batch 0Nm_BPFI_03:142 published to Enterprise/Site/Area/Motor2/Analysis/Diagnosis/prediction
-----------------------------------------
[Motor1] raw_latency_ms=582.916
[Motor1] EDGE UTC : 2026-08-11T13:04:08.622356+00:00
[Motor1] CLOUD UTC: 2026-08-11T13:04:09.205272+00:00
-------------
Batch 0Nm_BPFI_03:138 from Motor1 received. Processing...
FFT for batch 0Nm_BPFI_03:138 published to Enterprise/Site/Area/Motor1/Analysis/Vibration/fft
Prediction for batch 0Nm_BPFI_03:138 published to Enterprise/Site/Area/Motor1/Analysis/Diagnosis/prediction
-----------------------------------------
[Motor3] raw_latency_ms=518.235
[Motor3] EDGE UTC : 2026-08-11T13:04:09.385924+00:00
[Motor3] CLOUD UTC: 2026-08-11T13:04:09.904159+00:00
-------------
Batch 0Nm_BPFI_03:53 from Motor3 received. Processing...
FFT for batch 0Nm_BPFI_03:53 published to Enterprise/Site/Area/Motor3/Analysis/Vibration/fft
Prediction for batch 0Nm_BPFI_03:53 published to Enterprise/Site/Area/Motor3/Analysis/Diagnosis/prediction
-----------------------------------------
[Motor2] raw_latency_ms=523.137
[Motor2] EDGE UTC : 2026-08-11T13:04:09.525717+00:00
[Motor2] CLOUD UTC: 2026-08-11T13:04:10.048853+00:00
-------------
Batch 0Nm_BPFI_03:143 from Motor2 received. Processing...
FFT for batch 0Nm_BPFI_03:143 published to Enterprise/Site/Area/Motor2/Analysis/Vibration/fft
Prediction for batch 0Nm_BPFI_03:143 published to Enterprise/Site/Area/Motor2/Analysis/Diagnosis/prediction
-----------------------------------------
[Motor1] raw_latency_ms=493.493
[Motor1] EDGE UTC : 2026-08-11T13:04:09.667609+00:00
[Motor1] CLOUD UTC: 2026-08-11T13:04:10.161102+00:00
-------------
Batch 0Nm_BPFI_03:139 from Motor1 received. Processing...
FFT for batch 0Nm_BPFI_03:139 published to Enterprise/Site/Area/Motor1/Analysis/Vibration/fft
Prediction for batch 0Nm_BPFI_03:139 published to Enterprise/Site/Area/Motor1/Analysis/Diagnosis/prediction
-----------------------------------------
[Motor3] raw_latency_ms=597.136
[Motor3] EDGE UTC : 2026-08-11T13:04:10.391672+00:00
[Motor3] CLOUD UTC: 2026-08-11T13:04:10.988808+00:00
-------------
Batch 0Nm_BPFI_03:54 from Motor3 received. Processing...
FFT for batch 0Nm_BPFI_03:54 published to Enterprise/Site/Area/Motor3/Analysis/Vibration/fft
Prediction for batch 0Nm_BPFI_03:54 published to Enterprise/Site/Area/Motor3/Analysis/Diagnosis/prediction
-----------------------------------------
[Motor2] raw_latency_ms=528.037
[Motor2] EDGE UTC : 2026-08-11T13:04:10.568682+00:00
[Motor2] CLOUD UTC: 2026-08-11T13:04:11.096719+00:00
-------------
Batch 0Nm_BPFI_03:144 from Motor2 received. Processing...
FFT for batch 0Nm_BPFI_03:144 published to Enterprise/Site/Area/Motor2/Analysis/Vibration/fft
Prediction for batch 0Nm_BPFI_03:144 published to Enterprise/Site/Area/Motor2/Analysis/Diagnosis/prediction
-----------------------------------------
[Motor1] raw_latency_ms=597.542
[Motor1] EDGE UTC : 2026-08-11T13:04:10.714266+00:00
[Motor1] CLOUD UTC: 2026-08-11T13:04:11.311808+00:00
-------------
Batch 0Nm_BPFI_03:140 from Motor1 received. Processing...
FFT for batch 0Nm_BPFI_03:140 published to Enterprise/Site/Area/Motor1/Analysis/Vibration/fft
Prediction for batch 0Nm_BPFI_03:140 published to Enterprise/Site/Area/Motor1/Analysis/Diagnosis/prediction
-----------------------------------------
[Motor3] raw_latency_ms=622.839
[Motor3] EDGE UTC : 2026-08-11T13:04:11.395288+00:00
[Motor3] CLOUD UTC: 2026-08-11T13:04:12.018127+00:00
-------------
Batch 0Nm_BPFI_03:55 from Motor3 received. Processing...
FFT for batch 0Nm_BPFI_03:55 published to Enterprise/Site/Area/Motor3/Analysis/Vibration/fft
Prediction for batch 0Nm_BPFI_03:55 published to Enterprise/Site/Area/Motor3/Analysis/Diagnosis/prediction
-----------------------------------------
[Motor2] raw_latency_ms=519.332
[Motor2] EDGE UTC : 2026-08-11T13:04:11.617454+00:00
[Motor2] CLOUD UTC: 2026-08-11T13:04:12.136787+00:00
-------------
Batch 0Nm_BPFI_03:145 from Motor2 received. Processing...
FFT for batch 0Nm_BPFI_03:145 published to Enterprise/Site/Area/Motor2/Analysis/Vibration/fft
Prediction for batch 0Nm_BPFI_03:145 published to Enterprise/Site/Area/Motor2/Analysis/Diagnosis/prediction
-----------------------------------------
[Motor1] raw_latency_ms=494.529
[Motor1] EDGE UTC : 2026-08-11T13:04:11.762073+00:00
[Motor1] CLOUD UTC: 2026-08-11T13:04:12.256602+00:00
-------------
Batch 0Nm_BPFI_03:141 from Motor1 received. Processing...
FFT for batch 0Nm_BPFI_03:141 published to Enterprise/Site/Area/Motor1/Analysis/Vibration/fft
Prediction for batch 0Nm_BPFI_03:141 published to Enterprise/Site/Area/Motor1/Analysis/Diagnosis/prediction
-----------------------------------------
[Motor3] raw_latency_ms=438.566
[Motor3] EDGE UTC : 2026-08-11T13:04:12.399039+00:00
[Motor3] CLOUD UTC: 2026-08-11T13:04:12.837605+00:00
-------------
Batch 0Nm_BPFI_03:56 from Motor3 received. Processing...
FFT for batch 0Nm_BPFI_03:56 published to Enterprise/Site/Area/Motor3/Analysis/Vibration/fft
Prediction for batch 0Nm_BPFI_03:56 published to Enterprise/Site/Area/Motor3/Analysis/Diagnosis/prediction
-----------------------------------------
[Motor2] raw_latency_ms=382.723
[Motor2] EDGE UTC : 2026-08-11T13:04:12.636514+00:00
[Motor2] CLOUD UTC: 2026-08-11T13:04:13.019237+00:00
-------------
Batch 0Nm_BPFI_03:146 from Motor2 received. Processing...
FFT for batch 0Nm_BPFI_03:146 published to Enterprise/Site/Area/Motor2/Analysis/Vibration/fft
Prediction for batch 0Nm_BPFI_03:146 published to Enterprise/Site/Area/Motor2/Analysis/Diagnosis/prediction
-----------------------------------------
[Motor1] raw_latency_ms=908.661
[Motor1] EDGE UTC : 2026-08-11T13:04:12.806313+00:00
[Motor1] CLOUD UTC: 2026-08-11T13:04:13.714974+00:00
-------------
Batch 0Nm_BPFI_03:142 from Motor1 received. Processing...
FFT for batch 0Nm_BPFI_03:142 published to Enterprise/Site/Area/Motor1/Analysis/Vibration/fft
Prediction for batch 0Nm_BPFI_03:142 published to Enterprise/Site/Area/Motor1/Analysis/Diagnosis/prediction
-----------------------------------------
[Motor3] raw_latency_ms=464.602
[Motor3] EDGE UTC : 2026-08-11T13:04:13.405953+00:00
[Motor3] CLOUD UTC: 2026-08-11T13:04:13.870555+00:00
-------------
Batch 0Nm_BPFI_03:57 from Motor3 received. Processing...
FFT for batch 0Nm_BPFI_03:57 published to Enterprise/Site/Area/Motor3/Analysis/Vibration/fft
Prediction for batch 0Nm_BPFI_03:57 published to Enterprise/Site/Area/Motor3/Analysis/Diagnosis/prediction
-----------------------------------------
[Motor2] raw_latency_ms=529.989
[Motor2] EDGE UTC : 2026-08-11T13:04:13.655044+00:00
[Motor2] CLOUD UTC: 2026-08-11T13:04:14.185033+00:00
-------------
Batch 0Nm_BPFI_03:147 from Motor2 received. Processing...
FFT for batch 0Nm_BPFI_03:147 published to Enterprise/Site/Area/Motor2/Analysis/Vibration/fft
Prediction for batch 0Nm_BPFI_03:147 published to Enterprise/Site/Area/Motor2/Analysis/Diagnosis/prediction
-----------------------------------------
[Motor1] raw_latency_ms=515.437
[Motor1] EDGE UTC : 2026-08-11T13:04:13.850670+00:00
[Motor1] CLOUD UTC: 2026-08-11T13:04:14.366107+00:00
-------------
Batch 0Nm_BPFI_03:143 from Motor1 received. Processing...
FFT for batch 0Nm_BPFI_03:143 published to Enterprise/Site/Area/Motor1/Analysis/Vibration/fft
Prediction for batch 0Nm_BPFI_03:143 published to Enterprise/Site/Area/Motor1/Analysis/Diagnosis/prediction
-----------------------------------------
[Motor3] raw_latency_ms=423.923
[Motor3] EDGE UTC : 2026-08-11T13:04:14.412762+00:00
[Motor3] CLOUD UTC: 2026-08-11T13:04:14.836685+00:00
-------------
Batch 0Nm_BPFI_03:58 from Motor3 received. Processing...
FFT for batch 0Nm_BPFI_03:58 published to Enterprise/Site/Area/Motor3/Analysis/Vibration/fft
Prediction for batch 0Nm_BPFI_03:58 published to Enterprise/Site/Area/Motor3/Analysis/Diagnosis/prediction
-----------------------------------------
[Motor2] raw_latency_ms=375.817
[Motor2] EDGE UTC : 2026-08-11T13:04:14.676701+00:00
[Motor2] CLOUD UTC: 2026-08-11T13:04:15.052518+00:00
-------------
Batch 0Nm_BPFI_03:148 from Motor2 received. Processing...
FFT for batch 0Nm_BPFI_03:148 published to Enterprise/Site/Area/Motor2/Analysis/Vibration/fft
Prediction for batch 0Nm_BPFI_03:148 published to Enterprise/Site/Area/Motor2/Analysis/Diagnosis/prediction
-----------------------------------------
[Motor1] raw_latency_ms=575.781
[Motor1] EDGE UTC : 2026-08-11T13:04:14.892486+00:00
[Motor1] CLOUD UTC: 2026-08-11T13:04:15.468267+00:00
-------------
Batch 0Nm_BPFI_03:144 from Motor1 received. Processing...
FFT for batch 0Nm_BPFI_03:144 published to Enterprise/Site/Area/Motor1/Analysis/Vibration/fft
Prediction for batch 0Nm_BPFI_03:144 published to Enterprise/Site/Area/Motor1/Analysis/Diagnosis/prediction
-----------------------------------------
[Motor3] raw_latency_ms=418.312
[Motor3] EDGE UTC : 2026-08-11T13:04:15.418527+00:00
[Motor3] CLOUD UTC: 2026-08-11T13:04:15.836840+00:00
-------------
Batch 0Nm_BPFI_03:59 from Motor3 received. Processing...
FFT for batch 0Nm_BPFI_03:59 published to Enterprise/Site/Area/Motor3/Analysis/Vibration/fft
Prediction for batch 0Nm_BPFI_03:59 published to Enterprise/Site/Area/Motor3/Analysis/Diagnosis/prediction
-----------------------------------------
[Motor2] raw_latency_ms=511.149
[Motor2] EDGE UTC : 2026-08-11T13:04:15.698389+00:00
[Motor2] CLOUD UTC: 2026-08-11T13:04:16.209538+00:00
-------------
Batch 0Nm_BPFI_03:149 from Motor2 received. Processing...
FFT for batch 0Nm_BPFI_03:149 published to Enterprise/Site/Area/Motor2/Analysis/Vibration/fft
Prediction for batch 0Nm_BPFI_03:149 published to Enterprise/Site/Area/Motor2/Analysis/Diagnosis/prediction
-----------------------------------------
[Motor1] raw_latency_ms=446.933
[Motor1] EDGE UTC : 2026-08-11T13:04:15.930506+00:00
[Motor1] CLOUD UTC: 2026-08-11T13:04:16.377439+00:00
-------------
Batch 0Nm_BPFI_03:145 from Motor1 received. Processing...
FFT for batch 0Nm_BPFI_03:145 published to Enterprise/Site/Area/Motor1/Analysis/Vibration/fft
Prediction for batch 0Nm_BPFI_03:145 published to Enterprise/Site/Area/Motor1/Analysis/Diagnosis/prediction
-----------------------------------------
[Motor3] raw_latency_ms=372.551
[Motor3] EDGE UTC : 2026-08-11T13:04:16.548286+00:00
[Motor3] CLOUD UTC: 2026-08-11T13:04:16.920838+00:00
-------------
Batch 0Nm_BPFI_03:60 from Motor3 received. Processing...
FFT for batch 0Nm_BPFI_03:60 published to Enterprise/Site/Area/Motor3/Analysis/Vibration/fft
Prediction for batch 0Nm_BPFI_03:60 published to Enterprise/Site/Area/Motor3/Analysis/Diagnosis/prediction
-----------------------------------------
[Motor2] raw_latency_ms=374.302
[Motor2] EDGE UTC : 2026-08-11T13:04:16.717077+00:00
[Motor2] CLOUD UTC: 2026-08-11T13:04:17.091379+00:00
-------------
Batch 0Nm_BPFI_03:150 from Motor2 received. Processing...
FFT for batch 0Nm_BPFI_03:150 published to Enterprise/Site/Area/Motor2/Analysis/Vibration/fft
Prediction for batch 0Nm_BPFI_03:150 published to Enterprise/Site/Area/Motor2/Analysis/Diagnosis/prediction
-----------------------------------------
[Motor1] raw_latency_ms=574.199
[Motor1] EDGE UTC : 2026-08-11T13:04:16.975518+00:00
[Motor1] CLOUD UTC: 2026-08-11T13:04:17.549717+00:00
-------------
Batch 0Nm_BPFI_03:146 from Motor1 received. Processing...
FFT for batch 0Nm_BPFI_03:146 published to Enterprise/Site/Area/Motor1/Analysis/Vibration/fft
Prediction for batch 0Nm_BPFI_03:146 published to Enterprise/Site/Area/Motor1/Analysis/Diagnosis/prediction
-----------------------------------------
[Motor3] raw_latency_ms=330.941
[Motor3] EDGE UTC : 2026-08-11T13:04:17.555640+00:00
[Motor3] CLOUD UTC: 2026-08-11T13:04:17.886581+00:00
-------------
Batch 0Nm_BPFI_03:61 from Motor3 received. Processing...
FFT for batch 0Nm_BPFI_03:61 published to Enterprise/Site/Area/Motor3/Analysis/Vibration/fft
Prediction for batch 0Nm_BPFI_03:61 published to Enterprise/Site/Area/Motor3/Analysis/Diagnosis/prediction
-----------------------------------------
[Motor2] raw_latency_ms=1076.088
[Motor2] EDGE UTC : 2026-08-11T13:04:17.765331+00:00
[Motor2] CLOUD UTC: 2026-08-11T13:04:18.841419+00:00
-------------
Batch 0Nm_BPFI_03:151 from Motor2 received. Processing...
FFT for batch 0Nm_BPFI_03:151 published to Enterprise/Site/Area/Motor2/Analysis/Vibration/fft
Prediction for batch 0Nm_BPFI_03:151 published to Enterprise/Site/Area/Motor2/Analysis/Diagnosis/prediction
-----------------------------------------
[Motor1] raw_latency_ms=936.552
[Motor1] EDGE UTC : 2026-08-11T13:04:18.013627+00:00
[Motor1] CLOUD UTC: 2026-08-11T13:04:18.950179+00:00
-------------
Batch 0Nm_BPFI_03:147 from Motor1 received. Processing...
FFT for batch 0Nm_BPFI_03:147 published to Enterprise/Site/Area/Motor1/Analysis/Vibration/fft
Prediction for batch 0Nm_BPFI_03:147 published to Enterprise/Site/Area/Motor1/Analysis/Diagnosis/prediction
-----------------------------------------
[Motor3] raw_latency_ms=500.862
[Motor3] EDGE UTC : 2026-08-11T13:04:18.561208+00:00
[Motor3] CLOUD UTC: 2026-08-11T13:04:19.062069+00:00
-------------
Batch 0Nm_BPFI_03:62 from Motor3 received. Processing...
FFT for batch 0Nm_BPFI_03:62 published to Enterprise/Site/Area/Motor3/Analysis/Vibration/fft
Prediction for batch 0Nm_BPFI_03:62 published to Enterprise/Site/Area/Motor3/Analysis/Diagnosis/prediction
-----------------------------------------
[Motor2] raw_latency_ms=375.885
[Motor2] EDGE UTC : 2026-08-11T13:04:18.813144+00:00
[Motor2] CLOUD UTC: 2026-08-11T13:04:19.189030+00:00
-------------
Batch 0Nm_BPFI_03:152 from Motor2 received. Processing...
FFT for batch 0Nm_BPFI_03:152 published to Enterprise/Site/Area/Motor2/Analysis/Vibration/fft
Prediction for batch 0Nm_BPFI_03:152 published to Enterprise/Site/Area/Motor2/Analysis/Diagnosis/prediction
-----------------------------------------
[Motor1] raw_latency_ms=572.490
[Motor1] EDGE UTC : 2026-08-11T13:04:19.051497+00:00
[Motor1] CLOUD UTC: 2026-08-11T13:04:19.623986+00:00
-------------
Batch 0Nm_BPFI_03:148 from Motor1 received. Processing...
FFT for batch 0Nm_BPFI_03:148 published to Enterprise/Site/Area/Motor1/Analysis/Vibration/fft
Prediction for batch 0Nm_BPFI_03:148 published to Enterprise/Site/Area/Motor1/Analysis/Diagnosis/prediction
-----------------------------------------
[Motor3] raw_latency_ms=329.722
[Motor3] EDGE UTC : 2026-08-11T13:04:19.567607+00:00
[Motor3] CLOUD UTC: 2026-08-11T13:04:19.897329+00:00
-------------
Batch 0Nm_BPFI_03:63 from Motor3 received. Processing...
FFT for batch 0Nm_BPFI_03:63 published to Enterprise/Site/Area/Motor3/Analysis/Vibration/fft
Prediction for batch 0Nm_BPFI_03:63 published to Enterprise/Site/Area/Motor3/Analysis/Diagnosis/prediction
-----------------------------------------
[Motor2] raw_latency_ms=537.817
[Motor2] EDGE UTC : 2026-08-11T13:04:19.859442+00:00
[Motor2] CLOUD UTC: 2026-08-11T13:04:20.397259+00:00
-------------
Batch 0Nm_BPFI_03:153 from Motor2 received. Processing...
FFT for batch 0Nm_BPFI_03:153 published to Enterprise/Site/Area/Motor2/Analysis/Vibration/fft
Prediction for batch 0Nm_BPFI_03:153 published to Enterprise/Site/Area/Motor2/Analysis/Diagnosis/prediction
-----------------------------------------
[Motor1] raw_latency_ms=433.323
[Motor1] EDGE UTC : 2026-08-11T13:04:20.089716+00:00
[Motor1] CLOUD UTC: 2026-08-11T13:04:20.523040+00:00
-------------
Batch 0Nm_BPFI_03:149 from Motor1 received. Processing...
FFT for batch 0Nm_BPFI_03:149 published to Enterprise/Site/Area/Motor1/Analysis/Vibration/fft
Prediction for batch 0Nm_BPFI_03:149 published to Enterprise/Site/Area/Motor1/Analysis/Diagnosis/prediction
-----------------------------------------
[Motor3] raw_latency_ms=373.833
[Motor3] EDGE UTC : 2026-08-11T13:04:20.573190+00:00
[Motor3] CLOUD UTC: 2026-08-11T13:04:20.947023+00:00
-------------
Batch 0Nm_BPFI_03:64 from Motor3 received. Processing...
FFT for batch 0Nm_BPFI_03:64 published to Enterprise/Site/Area/Motor3/Analysis/Vibration/fft
Prediction for batch 0Nm_BPFI_03:64 published to Enterprise/Site/Area/Motor3/Analysis/Diagnosis/prediction
-----------------------------------------
[Motor2] raw_latency_ms=366.056
[Motor2] EDGE UTC : 2026-08-11T13:04:20.909506+00:00
[Motor2] CLOUD UTC: 2026-08-11T13:04:21.275562+00:00
-------------
Batch 0Nm_BPFI_03:154 from Motor2 received. Processing...
FFT for batch 0Nm_BPFI_03:154 published to Enterprise/Site/Area/Motor2/Analysis/Vibration/fft
Prediction for batch 0Nm_BPFI_03:154 published to Enterprise/Site/Area/Motor2/Analysis/Diagnosis/prediction
-----------------------------------------
[Motor1] raw_latency_ms=471.086
[Motor1] EDGE UTC : 2026-08-11T13:04:21.127561+00:00
[Motor1] CLOUD UTC: 2026-08-11T13:04:21.598647+00:00
-------------
Batch 0Nm_BPFI_03:150 from Motor1 received. Processing...
FFT for batch 0Nm_BPFI_03:150 published to Enterprise/Site/Area/Motor1/Analysis/Vibration/fft
Prediction for batch 0Nm_BPFI_03:150 published to Enterprise/Site/Area/Motor1/Analysis/Diagnosis/prediction
-----------------------------------------
[Motor3] raw_latency_ms=348.007
[Motor3] EDGE UTC : 2026-08-11T13:04:21.578964+00:00
[Motor3] CLOUD UTC: 2026-08-11T13:04:21.926972+00:00
-------------
Batch 0Nm_BPFI_03:65 from Motor3 received. Processing...
FFT for batch 0Nm_BPFI_03:65 published to Enterprise/Site/Area/Motor3/Analysis/Vibration/fft
Prediction for batch 0Nm_BPFI_03:65 published to Enterprise/Site/Area/Motor3/Analysis/Diagnosis/prediction
-----------------------------------------
[Motor2] raw_latency_ms=616.536
[Motor2] EDGE UTC : 2026-08-11T13:04:21.957499+00:00
[Motor2] CLOUD UTC: 2026-08-11T13:04:22.574035+00:00
-------------
Batch 0Nm_BPFI_03:155 from Motor2 received. Processing...
FFT for batch 0Nm_BPFI_03:155 published to Enterprise/Site/Area/Motor2/Analysis/Vibration/fft
Prediction for batch 0Nm_BPFI_03:155 published to Enterprise/Site/Area/Motor2/Analysis/Diagnosis/prediction
-----------------------------------------
[Motor1] raw_latency_ms=516.076
[Motor1] EDGE UTC : 2026-08-11T13:04:22.166015+00:00
[Motor1] CLOUD UTC: 2026-08-11T13:04:22.682091+00:00
-------------
Batch 0Nm_BPFI_03:151 from Motor1 received. Processing...
FFT for batch 0Nm_BPFI_03:151 published to Enterprise/Site/Area/Motor1/Analysis/Vibration/fft
Prediction for batch 0Nm_BPFI_03:151 published to Enterprise/Site/Area/Motor1/Analysis/Diagnosis/prediction
-----------------------------------------
[Motor3] raw_latency_ms=349.897
[Motor3] EDGE UTC : 2026-08-11T13:04:22.582491+00:00
[Motor3] CLOUD UTC: 2026-08-11T13:04:22.932388+00:00
-------------
Batch 0Nm_BPFI_03:66 from Motor3 received. Processing...
FFT for batch 0Nm_BPFI_03:66 published to Enterprise/Site/Area/Motor3/Analysis/Vibration/fft
Prediction for batch 0Nm_BPFI_03:66 published to Enterprise/Site/Area/Motor3/Analysis/Diagnosis/prediction
-----------------------------------------
[Motor2] raw_latency_ms=369.472
[Motor2] EDGE UTC : 2026-08-11T13:04:23.040023+00:00
[Motor2] CLOUD UTC: 2026-08-11T13:04:23.409495+00:00
-------------
Batch 0Nm_BPFI_03:156 from Motor2 received. Processing...
FFT for batch 0Nm_BPFI_03:156 published to Enterprise/Site/Area/Motor2/Analysis/Vibration/fft
Prediction for batch 0Nm_BPFI_03:156 published to Enterprise/Site/Area/Motor2/Analysis/Diagnosis/prediction
-----------------------------------------
[Motor1] raw_latency_ms=451.416
[Motor1] EDGE UTC : 2026-08-11T13:04:23.204232+00:00
[Motor1] CLOUD UTC: 2026-08-11T13:04:23.655647+00:00
-------------
Batch 0Nm_BPFI_03:152 from Motor1 received. Processing...
FFT for batch 0Nm_BPFI_03:152 published to Enterprise/Site/Area/Motor1/Analysis/Vibration/fft
Prediction for batch 0Nm_BPFI_03:152 published to Enterprise/Site/Area/Motor1/Analysis/Diagnosis/prediction
-----------------------------------------
[Motor3] raw_latency_ms=377.220
[Motor3] EDGE UTC : 2026-08-11T13:04:23.588626+00:00
[Motor3] CLOUD UTC: 2026-08-11T13:04:23.965846+00:00
-------------
Batch 0Nm_BPFI_03:67 from Motor3 received. Processing...
FFT for batch 0Nm_BPFI_03:67 published to Enterprise/Site/Area/Motor3/Analysis/Vibration/fft
Prediction for batch 0Nm_BPFI_03:67 published to Enterprise/Site/Area/Motor3/Analysis/Diagnosis/prediction
-----------------------------------------
[Motor2] raw_latency_ms=616.138
[Motor2] EDGE UTC : 2026-08-11T13:04:24.091487+00:00
[Motor2] CLOUD UTC: 2026-08-11T13:04:24.707625+00:00
-------------
Batch 0Nm_BPFI_03:157 from Motor2 received. Processing...
FFT for batch 0Nm_BPFI_03:157 published to Enterprise/Site/Area/Motor2/Analysis/Vibration/fft
Prediction for batch 0Nm_BPFI_03:157 published to Enterprise/Site/Area/Motor2/Analysis/Diagnosis/prediction
-----------------------------------------
[Motor1] raw_latency_ms=572.249
[Motor1] EDGE UTC : 2026-08-11T13:04:24.242546+00:00
[Motor1] CLOUD UTC: 2026-08-11T13:04:24.814795+00:00
-------------
Batch 0Nm_BPFI_03:153 from Motor1 received. Processing...
FFT for batch 0Nm_BPFI_03:153 published to Enterprise/Site/Area/Motor1/Analysis/Vibration/fft
Prediction for batch 0Nm_BPFI_03:153 published to Enterprise/Site/Area/Motor1/Analysis/Diagnosis/prediction
-----------------------------------------
[Motor3] raw_latency_ms=355.776
[Motor3] EDGE UTC : 2026-08-11T13:04:24.595103+00:00
[Motor3] CLOUD UTC: 2026-08-11T13:04:24.950879+00:00
-------------
Batch 0Nm_BPFI_03:68 from Motor3 received. Processing...
FFT for batch 0Nm_BPFI_03:68 published to Enterprise/Site/Area/Motor3/Analysis/Vibration/fft
Prediction for batch 0Nm_BPFI_03:68 published to Enterprise/Site/Area/Motor3/Analysis/Diagnosis/prediction
-----------------------------------------
[Motor2] raw_latency_ms=401.606
[Motor2] EDGE UTC : 2026-08-11T13:04:25.138261+00:00
[Motor2] CLOUD UTC: 2026-08-11T13:04:25.539867+00:00
-------------
Batch 0Nm_BPFI_03:158 from Motor2 received. Processing...
FFT for batch 0Nm_BPFI_03:158 published to Enterprise/Site/Area/Motor2/Analysis/Vibration/fft
Prediction for batch 0Nm_BPFI_03:158 published to Enterprise/Site/Area/Motor2/Analysis/Diagnosis/prediction
-----------------------------------------
[Motor1] raw_latency_ms=468.137
[Motor1] EDGE UTC : 2026-08-11T13:04:25.281110+00:00
[Motor1] CLOUD UTC: 2026-08-11T13:04:25.749247+00:00
-------------
Batch 0Nm_BPFI_03:154 from Motor1 received. Processing...
FFT for batch 0Nm_BPFI_03:154 published to Enterprise/Site/Area/Motor1/Analysis/Vibration/fft
Prediction for batch 0Nm_BPFI_03:154 published to Enterprise/Site/Area/Motor1/Analysis/Diagnosis/prediction
-----------------------------------------
[Motor3] raw_latency_ms=371.382
[Motor3] EDGE UTC : 2026-08-11T13:04:25.598765+00:00
[Motor3] CLOUD UTC: 2026-08-11T13:04:25.970147+00:00
-------------
Batch 0Nm_BPFI_03:69 from Motor3 received. Processing...
FFT for batch 0Nm_BPFI_03:69 published to Enterprise/Site/Area/Motor3/Analysis/Vibration/fft
Prediction for batch 0Nm_BPFI_03:69 published to Enterprise/Site/Area/Motor3/Analysis/Diagnosis/prediction
-----------------------------------------
[Motor2] raw_latency_ms=611.493
[Motor2] EDGE UTC : 2026-08-11T13:04:26.183917+00:00
[Motor2] CLOUD UTC: 2026-08-11T13:04:26.795410+00:00
-------------
Batch 0Nm_BPFI_03:159 from Motor2 received. Processing...
FFT for batch 0Nm_BPFI_03:159 published to Enterprise/Site/Area/Motor2/Analysis/Vibration/fft
Prediction for batch 0Nm_BPFI_03:159 published to Enterprise/Site/Area/Motor2/Analysis/Diagnosis/prediction
-----------------------------------------
[Motor1] raw_latency_ms=584.996
[Motor1] EDGE UTC : 2026-08-11T13:04:26.319427+00:00
[Motor1] CLOUD UTC: 2026-08-11T13:04:26.904423+00:00
-------------
Batch 0Nm_BPFI_03:155 from Motor1 received. Processing...
FFT for batch 0Nm_BPFI_03:155 published to Enterprise/Site/Area/Motor1/Analysis/Vibration/fft
Prediction for batch 0Nm_BPFI_03:155 published to Enterprise/Site/Area/Motor1/Analysis/Diagnosis/prediction
-----------------------------------------
[Motor3] raw_latency_ms=424.580
[Motor3] EDGE UTC : 2026-08-11T13:04:26.604474+00:00
[Motor3] CLOUD UTC: 2026-08-11T13:04:27.029053+00:00
-------------
Batch 0Nm_BPFI_03:70 from Motor3 received. Processing...
FFT for batch 0Nm_BPFI_03:70 published to Enterprise/Site/Area/Motor3/Analysis/Vibration/fft
Prediction for batch 0Nm_BPFI_03:70 published to Enterprise/Site/Area/Motor3/Analysis/Diagnosis/prediction
-----------------------------------------
[Motor2] raw_latency_ms=496.415
[Motor2] EDGE UTC : 2026-08-11T13:04:27.231655+00:00
[Motor2] CLOUD UTC: 2026-08-11T13:04:27.728070+00:00
-------------
Batch 0Nm_BPFI_03:160 from Motor2 received. Processing...
FFT for batch 0Nm_BPFI_03:160 published to Enterprise/Site/Area/Motor2/Analysis/Vibration/fft
Prediction for batch 0Nm_BPFI_03:160 published to Enterprise/Site/Area/Motor2/Analysis/Diagnosis/prediction
-----------------------------------------
[Motor1] raw_latency_ms=475.989
[Motor1] EDGE UTC : 2026-08-11T13:04:27.360488+00:00
[Motor1] CLOUD UTC: 2026-08-11T13:04:27.836477+00:00
-------------
Batch 0Nm_BPFI_03:156 from Motor1 received. Processing...
FFT for batch 0Nm_BPFI_03:156 published to Enterprise/Site/Area/Motor1/Analysis/Vibration/fft
Prediction for batch 0Nm_BPFI_03:156 published to Enterprise/Site/Area/Motor1/Analysis/Diagnosis/prediction
-----------------------------------------
[Motor3] raw_latency_ms=340.845
[Motor3] EDGE UTC : 2026-08-11T13:04:27.607642+00:00
[Motor3] CLOUD UTC: 2026-08-11T13:04:27.948486+00:00
-------------
Batch 0Nm_BPFI_03:71 from Motor3 received. Processing...
FFT for batch 0Nm_BPFI_03:71 published to Enterprise/Site/Area/Motor3/Analysis/Vibration/fft
Prediction for batch 0Nm_BPFI_03:71 published to Enterprise/Site/Area/Motor3/Analysis/Diagnosis/prediction
-----------------------------------------
[Motor3] raw_latency_ms=325.284
[Motor3] EDGE UTC : 2026-08-11T13:04:28.610981+00:00
[Motor3] CLOUD UTC: 2026-08-11T13:04:28.936265+00:00
-------------
Batch 0Nm_BPFI_03:72 from Motor3 received. Processing...
FFT for batch 0Nm_BPFI_03:72 published to Enterprise/Site/Area/Motor3/Analysis/Vibration/fft
Prediction for batch 0Nm_BPFI_03:72 published to Enterprise/Site/Area/Motor3/Analysis/Diagnosis/prediction
-----------------------------------------
[Motor2] raw_latency_ms=843.873
[Motor2] EDGE UTC : 2026-08-11T13:04:28.282982+00:00
[Motor2] CLOUD UTC: 2026-08-11T13:04:29.126855+00:00
-------------
Batch 0Nm_BPFI_03:161 from Motor2 received. Processing...
FFT for batch 0Nm_BPFI_03:161 published to Enterprise/Site/Area/Motor2/Analysis/Vibration/fft
Prediction for batch 0Nm_BPFI_03:161 published to Enterprise/Site/Area/Motor2/Analysis/Diagnosis/prediction
-----------------------------------------
[Motor1] raw_latency_ms=895.127
[Motor1] EDGE UTC : 2026-08-11T13:04:28.398447+00:00
[Motor1] CLOUD UTC: 2026-08-11T13:04:29.293574+00:00
-------------
Batch 0Nm_BPFI_03:157 from Motor1 received. Processing...
FFT for batch 0Nm_BPFI_03:157 published to Enterprise/Site/Area/Motor1/Analysis/Vibration/fft
Prediction for batch 0Nm_BPFI_03:157 published to Enterprise/Site/Area/Motor1/Analysis/Diagnosis/prediction
-----------------------------------------
[Motor2] raw_latency_ms=481.014
[Motor2] EDGE UTC : 2026-08-11T13:04:29.336971+00:00
[Motor2] CLOUD UTC: 2026-08-11T13:04:29.817985+00:00
-------------
Batch 0Nm_BPFI_03:162 from Motor2 received. Processing...
FFT for batch 0Nm_BPFI_03:162 published to Enterprise/Site/Area/Motor2/Analysis/Vibration/fft
Prediction for batch 0Nm_BPFI_03:162 published to Enterprise/Site/Area/Motor2/Analysis/Diagnosis/prediction
-----------------------------------------
[Motor3] raw_latency_ms=371.773
[Motor3] EDGE UTC : 2026-08-11T13:04:29.616379+00:00
[Motor3] CLOUD UTC: 2026-08-11T13:04:29.988153+00:00
-------------
Batch 0Nm_BPFI_03:73 from Motor3 received. Processing...
FFT for batch 0Nm_BPFI_03:73 published to Enterprise/Site/Area/Motor3/Analysis/Vibration/fft
Prediction for batch 0Nm_BPFI_03:73 published to Enterprise/Site/Area/Motor3/Analysis/Diagnosis/prediction
-----------------------------------------
[Motor1] raw_latency_ms=771.533
[Motor1] EDGE UTC : 2026-08-11T13:04:29.436623+00:00
[Motor1] CLOUD UTC: 2026-08-11T13:04:30.208156+00:00
-------------
Batch 0Nm_BPFI_03:158 from Motor1 received. Processing...
FFT for batch 0Nm_BPFI_03:158 published to Enterprise/Site/Area/Motor1/Analysis/Vibration/fft
Prediction for batch 0Nm_BPFI_03:158 published to Enterprise/Site/Area/Motor1/Analysis/Diagnosis/prediction
-----------------------------------------
[Motor3] raw_latency_ms=290.360
[Motor3] EDGE UTC : 2026-08-11T13:04:30.620255+00:00
[Motor3] CLOUD UTC: 2026-08-11T13:04:30.910615+00:00
-------------
Batch 0Nm_BPFI_03:74 from Motor3 received. Processing...
FFT for batch 0Nm_BPFI_03:74 published to Enterprise/Site/Area/Motor3/Analysis/Vibration/fft
Prediction for batch 0Nm_BPFI_03:74 published to Enterprise/Site/Area/Motor3/Analysis/Diagnosis/prediction
-----------------------------------------
[Motor1] raw_latency_ms=597.356
[Motor1] EDGE UTC : 2026-08-11T13:04:30.474821+00:00
[Motor1] CLOUD UTC: 2026-08-11T13:04:31.072177+00:00
-------------
Batch 0Nm_BPFI_03:159 from Motor1 received. Processing...
FFT for batch 0Nm_BPFI_03:159 published to Enterprise/Site/Area/Motor1/Analysis/Vibration/fft
Prediction for batch 0Nm_BPFI_03:159 published to Enterprise/Site/Area/Motor1/Analysis/Diagnosis/prediction
-----------------------------------------
[Motor2] raw_latency_ms=909.266
[Motor2] EDGE UTC : 2026-08-11T13:04:30.381323+00:00
[Motor2] CLOUD UTC: 2026-08-11T13:04:31.290589+00:00
-------------
Batch 0Nm_BPFI_03:163 from Motor2 received. Processing...
FFT for batch 0Nm_BPFI_03:163 published to Enterprise/Site/Area/Motor2/Analysis/Vibration/fft
Prediction for batch 0Nm_BPFI_03:163 published to Enterprise/Site/Area/Motor2/Analysis/Diagnosis/prediction
-----------------------------------------
[Motor2] raw_latency_ms=462.126
[Motor2] EDGE UTC : 2026-08-11T13:04:31.424644+00:00
[Motor2] CLOUD UTC: 2026-08-11T13:04:31.886770+00:00
-------------
Batch 0Nm_BPFI_03:164 from Motor2 received. Processing...
FFT for batch 0Nm_BPFI_03:164 published to Enterprise/Site/Area/Motor2/Analysis/Vibration/fft
Prediction for batch 0Nm_BPFI_03:164 published to Enterprise/Site/Area/Motor2/Analysis/Diagnosis/prediction
-----------------------------------------
[Motor3] raw_latency_ms=428.379
[Motor3] EDGE UTC : 2026-08-11T13:04:31.630671+00:00
[Motor3] CLOUD UTC: 2026-08-11T13:04:32.059050+00:00
-------------
Batch 0Nm_BPFI_03:75 from Motor3 received. Processing...
FFT for batch 0Nm_BPFI_03:75 published to Enterprise/Site/Area/Motor3/Analysis/Vibration/fft
Prediction for batch 0Nm_BPFI_03:75 published to Enterprise/Site/Area/Motor3/Analysis/Diagnosis/prediction
-----------------------------------------
[Motor1] raw_latency_ms=679.626
[Motor1] EDGE UTC : 2026-08-11T13:04:31.513007+00:00
[Motor1] CLOUD UTC: 2026-08-11T13:04:32.192633+00:00
-------------
Batch 0Nm_BPFI_03:160 from Motor1 received. Processing...
FFT for batch 0Nm_BPFI_03:160 published to Enterprise/Site/Area/Motor1/Analysis/Vibration/fft
Prediction for batch 0Nm_BPFI_03:160 published to Enterprise/Site/Area/Motor1/Analysis/Diagnosis/prediction
-----------------------------------------
[Motor1] raw_latency_ms=515.373
[Motor1] EDGE UTC : 2026-08-11T13:04:32.554295+00:00
[Motor1] CLOUD UTC: 2026-08-11T13:04:33.069668+00:00
-------------
Batch 0Nm_BPFI_03:161 from Motor1 received. Processing...
FFT for batch 0Nm_BPFI_03:161 published to Enterprise/Site/Area/Motor1/Analysis/Vibration/fft
Prediction for batch 0Nm_BPFI_03:161 published to Enterprise/Site/Area/Motor1/Analysis/Diagnosis/prediction
-----------------------------------------
[Motor3] raw_latency_ms=541.254
[Motor3] EDGE UTC : 2026-08-11T13:04:32.634664+00:00
[Motor3] CLOUD UTC: 2026-08-11T13:04:33.175918+00:00
-------------
Batch 0Nm_BPFI_03:76 from Motor3 received. Processing...
FFT for batch 0Nm_BPFI_03:76 published to Enterprise/Site/Area/Motor3/Analysis/Vibration/fft
Prediction for batch 0Nm_BPFI_03:76 published to Enterprise/Site/Area/Motor3/Analysis/Diagnosis/prediction
-----------------------------------------
[Motor2] raw_latency_ms=813.022
[Motor2] EDGE UTC : 2026-08-11T13:04:32.473507+00:00
[Motor2] CLOUD UTC: 2026-08-11T13:04:33.286529+00:00
-------------
Batch 0Nm_BPFI_03:165 from Motor2 received. Processing...
FFT for batch 0Nm_BPFI_03:165 published to Enterprise/Site/Area/Motor2/Analysis/Vibration/fft
Prediction for batch 0Nm_BPFI_03:165 published to Enterprise/Site/Area/Motor2/Analysis/Diagnosis/prediction
-----------------------------------------
[Motor2] raw_latency_ms=483.318
[Motor2] EDGE UTC : 2026-08-11T13:04:33.521436+00:00
[Motor2] CLOUD UTC: 2026-08-11T13:04:34.004754+00:00
-------------
Batch 0Nm_BPFI_03:166 from Motor2 received. Processing...
FFT for batch 0Nm_BPFI_03:166 published to Enterprise/Site/Area/Motor2/Analysis/Vibration/fft
Prediction for batch 0Nm_BPFI_03:166 published to Enterprise/Site/Area/Motor2/Analysis/Diagnosis/prediction
-----------------------------------------
[Motor3] raw_latency_ms=464.931
[Motor3] EDGE UTC : 2026-08-11T13:04:33.648480+00:00
[Motor3] CLOUD UTC: 2026-08-11T13:04:34.113411+00:00
-------------
Batch 0Nm_BPFI_03:77 from Motor3 received. Processing...
FFT for batch 0Nm_BPFI_03:77 published to Enterprise/Site/Area/Motor3/Analysis/Vibration/fft
Prediction for batch 0Nm_BPFI_03:77 published to Enterprise/Site/Area/Motor3/Analysis/Diagnosis/prediction
-----------------------------------------
[Motor1] raw_latency_ms=630.109
[Motor1] EDGE UTC : 2026-08-11T13:04:33.595161+00:00
[Motor1] CLOUD UTC: 2026-08-11T13:04:34.225271+00:00
-------------
Batch 0Nm_BPFI_03:162 from Motor1 received. Processing...
FFT for batch 0Nm_BPFI_03:162 published to Enterprise/Site/Area/Motor1/Analysis/Vibration/fft
Prediction for batch 0Nm_BPFI_03:162 published to Enterprise/Site/Area/Motor1/Analysis/Diagnosis/prediction
-----------------------------------------
[Motor2] raw_latency_ms=459.223
[Motor2] EDGE UTC : 2026-08-11T13:04:34.565351+00:00
[Motor2] CLOUD UTC: 2026-08-11T13:04:35.024574+00:00
-------------
Batch 0Nm_BPFI_03:167 from Motor2 received. Processing...
FFT for batch 0Nm_BPFI_03:167 published to Enterprise/Site/Area/Motor2/Analysis/Vibration/fft
Prediction for batch 0Nm_BPFI_03:167 published to Enterprise/Site/Area/Motor2/Analysis/Diagnosis/prediction
-----------------------------------------
[Motor3] raw_latency_ms=477.960
[Motor3] EDGE UTC : 2026-08-11T13:04:34.655209+00:00
[Motor3] CLOUD UTC: 2026-08-11T13:04:35.133169+00:00
-------------
Batch 0Nm_BPFI_03:78 from Motor3 received. Processing...
FFT for batch 0Nm_BPFI_03:78 published to Enterprise/Site/Area/Motor3/Analysis/Vibration/fft
Prediction for batch 0Nm_BPFI_03:78 published to Enterprise/Site/Area/Motor3/Analysis/Diagnosis/prediction
-----------------------------------------
[Motor1] raw_latency_ms=603.430
[Motor1] EDGE UTC : 2026-08-11T13:04:34.640831+00:00
[Motor1] CLOUD UTC: 2026-08-11T13:04:35.244262+00:00
-------------
Batch 0Nm_BPFI_03:163 from Motor1 received. Processing...
FFT for batch 0Nm_BPFI_03:163 published to Enterprise/Site/Area/Motor1/Analysis/Vibration/fft
Prediction for batch 0Nm_BPFI_03:163 published to Enterprise/Site/Area/Motor1/Analysis/Diagnosis/prediction
-----------------------------------------
[Motor2] raw_latency_ms=483.979
[Motor2] EDGE UTC : 2026-08-11T13:04:35.612905+00:00
[Motor2] CLOUD UTC: 2026-08-11T13:04:36.096883+00:00
-------------
Batch 0Nm_BPFI_03:168 from Motor2 received. Processing...
FFT for batch 0Nm_BPFI_03:168 published to Enterprise/Site/Area/Motor2/Analysis/Vibration/fft
Prediction for batch 0Nm_BPFI_03:168 published to Enterprise/Site/Area/Motor2/Analysis/Diagnosis/prediction
-----------------------------------------
[Motor3] raw_latency_ms=543.046
[Motor3] EDGE UTC : 2026-08-11T13:04:35.661000+00:00
[Motor3] CLOUD UTC: 2026-08-11T13:04:36.204046+00:00
-------------
Batch 0Nm_BPFI_03:79 from Motor3 received. Processing...
FFT for batch 0Nm_BPFI_03:79 published to Enterprise/Site/Area/Motor3/Analysis/Vibration/fft
Prediction for batch 0Nm_BPFI_03:79 published to Enterprise/Site/Area/Motor3/Analysis/Diagnosis/prediction
-----------------------------------------
[Motor1] raw_latency_ms=632.550
[Motor1] EDGE UTC : 2026-08-11T13:04:35.688009+00:00
[Motor1] CLOUD UTC: 2026-08-11T13:04:36.320559+00:00
-------------
Batch 0Nm_BPFI_03:164 from Motor1 received. Processing...
FFT for batch 0Nm_BPFI_03:164 published to Enterprise/Site/Area/Motor1/Analysis/Vibration/fft
Prediction for batch 0Nm_BPFI_03:164 published to Enterprise/Site/Area/Motor1/Analysis/Diagnosis/prediction
-----------------------------------------
[Motor3] raw_latency_ms=433.858
[Motor3] EDGE UTC : 2026-08-11T13:04:36.673394+00:00
[Motor3] CLOUD UTC: 2026-08-11T13:04:37.107253+00:00
-------------
Batch 0Nm_BPFI_03:80 from Motor3 received. Processing...
FFT for batch 0Nm_BPFI_03:80 published to Enterprise/Site/Area/Motor3/Analysis/Vibration/fft
Prediction for batch 0Nm_BPFI_03:80 published to Enterprise/Site/Area/Motor3/Analysis/Diagnosis/prediction
-----------------------------------------
[Motor2] raw_latency_ms=550.739
[Motor2] EDGE UTC : 2026-08-11T13:04:36.663768+00:00
[Motor2] CLOUD UTC: 2026-08-11T13:04:37.214507+00:00
-------------
Batch 0Nm_BPFI_03:169 from Motor2 received. Processing...
FFT for batch 0Nm_BPFI_03:169 published to Enterprise/Site/Area/Motor2/Analysis/Vibration/fft
Prediction for batch 0Nm_BPFI_03:169 published to Enterprise/Site/Area/Motor2/Analysis/Diagnosis/prediction
-----------------------------------------
[Motor1] raw_latency_ms=591.785
[Motor1] EDGE UTC : 2026-08-11T13:04:36.734869+00:00
[Motor1] CLOUD UTC: 2026-08-11T13:04:37.326654+00:00
-------------
Batch 0Nm_BPFI_03:165 from Motor1 received. Processing...
FFT for batch 0Nm_BPFI_03:165 published to Enterprise/Site/Area/Motor1/Analysis/Vibration/fft
Prediction for batch 0Nm_BPFI_03:165 published to Enterprise/Site/Area/Motor1/Analysis/Diagnosis/prediction
-----------------------------------------
[Motor3] raw_latency_ms=434.118
[Motor3] EDGE UTC : 2026-08-11T13:04:37.681584+00:00
[Motor3] CLOUD UTC: 2026-08-11T13:04:38.115703+00:00
-------------
Batch 0Nm_BPFI_03:81 from Motor3 received. Processing...
FFT for batch 0Nm_BPFI_03:81 published to Enterprise/Site/Area/Motor3/Analysis/Vibration/fft
Prediction for batch 0Nm_BPFI_03:81 published to Enterprise/Site/Area/Motor3/Analysis/Diagnosis/prediction
-----------------------------------------
[Motor2] raw_latency_ms=510.893
[Motor2] EDGE UTC : 2026-08-11T13:04:37.712120+00:00
[Motor2] CLOUD UTC: 2026-08-11T13:04:38.223013+00:00
-------------
Batch 0Nm_BPFI_03:170 from Motor2 received. Processing...
FFT for batch 0Nm_BPFI_03:170 published to Enterprise/Site/Area/Motor2/Analysis/Vibration/fft
Prediction for batch 0Nm_BPFI_03:170 published to Enterprise/Site/Area/Motor2/Analysis/Diagnosis/prediction
-----------------------------------------
[Motor1] raw_latency_ms=555.687
[Motor1] EDGE UTC : 2026-08-11T13:04:37.779084+00:00
[Motor1] CLOUD UTC: 2026-08-11T13:04:38.334770+00:00
-------------
Batch 0Nm_BPFI_03:166 from Motor1 received. Processing...
FFT for batch 0Nm_BPFI_03:166 published to Enterprise/Site/Area/Motor1/Analysis/Vibration/fft
Prediction for batch 0Nm_BPFI_03:166 published to Enterprise/Site/Area/Motor1/Analysis/Diagnosis/prediction
-----------------------------------------
[Motor3] raw_latency_ms=318.985
[Motor3] EDGE UTC : 2026-08-11T13:04:38.687626+00:00
[Motor3] CLOUD UTC: 2026-08-11T13:04:39.006611+00:00
-------------
Batch 0Nm_BPFI_03:82 from Motor3 received. Processing...
FFT for batch 0Nm_BPFI_03:82 published to Enterprise/Site/Area/Motor3/Analysis/Vibration/fft
Prediction for batch 0Nm_BPFI_03:82 published to Enterprise/Site/Area/Motor3/Analysis/Diagnosis/prediction
-----------------------------------------
[Motor2] raw_latency_ms=376.416
[Motor2] EDGE UTC : 2026-08-11T13:04:38.759893+00:00
[Motor2] CLOUD UTC: 2026-08-11T13:04:39.136309+00:00
-------------
Batch 0Nm_BPFI_03:171 from Motor2 received. Processing...
FFT for batch 0Nm_BPFI_03:171 published to Enterprise/Site/Area/Motor2/Analysis/Vibration/fft
Prediction for batch 0Nm_BPFI_03:171 published to Enterprise/Site/Area/Motor2/Analysis/Diagnosis/prediction
-----------------------------------------
[Motor1] raw_latency_ms=425.753
[Motor1] EDGE UTC : 2026-08-11T13:04:38.823580+00:00
[Motor1] CLOUD UTC: 2026-08-11T13:04:39.249333+00:00
-------------
Batch 0Nm_BPFI_03:167 from Motor1 received. Processing...
FFT for batch 0Nm_BPFI_03:167 published to Enterprise/Site/Area/Motor1/Analysis/Vibration/fft
Prediction for batch 0Nm_BPFI_03:167 published to Enterprise/Site/Area/Motor1/Analysis/Diagnosis/prediction
-----------------------------------------
[Motor3] raw_latency_ms=312.312
[Motor3] EDGE UTC : 2026-08-11T13:04:39.693026+00:00
[Motor3] CLOUD UTC: 2026-08-11T13:04:40.005338+00:00
-------------
Batch 0Nm_BPFI_03:83 from Motor3 received. Processing...
FFT for batch 0Nm_BPFI_03:83 published to Enterprise/Site/Area/Motor3/Analysis/Vibration/fft
Prediction for batch 0Nm_BPFI_03:83 published to Enterprise/Site/Area/Motor3/Analysis/Diagnosis/prediction
-----------------------------------------
[Motor2] raw_latency_ms=374.960
[Motor2] EDGE UTC : 2026-08-11T13:04:39.808728+00:00
[Motor2] CLOUD UTC: 2026-08-11T13:04:40.183687+00:00
-------------
Batch 0Nm_BPFI_03:172 from Motor2 received. Processing...
FFT for batch 0Nm_BPFI_03:172 published to Enterprise/Site/Area/Motor2/Analysis/Vibration/fft
Prediction for batch 0Nm_BPFI_03:172 published to Enterprise/Site/Area/Motor2/Analysis/Diagnosis/prediction
-----------------------------------------
[Motor1] raw_latency_ms=438.719
[Motor1] EDGE UTC : 2026-08-11T13:04:39.867892+00:00
[Motor1] CLOUD UTC: 2026-08-11T13:04:40.306610+00:00
-------------
Batch 0Nm_BPFI_03:168 from Motor1 received. Processing...
FFT for batch 0Nm_BPFI_03:168 published to Enterprise/Site/Area/Motor1/Analysis/Vibration/fft
Prediction for batch 0Nm_BPFI_03:168 published to Enterprise/Site/Area/Motor1/Analysis/Diagnosis/prediction
-----------------------------------------
[Motor3] raw_latency_ms=309.727
[Motor3] EDGE UTC : 2026-08-11T13:04:40.699296+00:00
[Motor3] CLOUD UTC: 2026-08-11T13:04:41.009022+00:00
-------------
Batch 0Nm_BPFI_03:84 from Motor3 received. Processing...
FFT for batch 0Nm_BPFI_03:84 published to Enterprise/Site/Area/Motor3/Analysis/Vibration/fft
Prediction for batch 0Nm_BPFI_03:84 published to Enterprise/Site/Area/Motor3/Analysis/Diagnosis/prediction
-----------------------------------------
[Motor2] raw_latency_ms=367.839
[Motor2] EDGE UTC : 2026-08-11T13:04:40.857236+00:00
[Motor2] CLOUD UTC: 2026-08-11T13:04:41.225075+00:00
-------------
Batch 0Nm_BPFI_03:173 from Motor2 received. Processing...
FFT for batch 0Nm_BPFI_03:173 published to Enterprise/Site/Area/Motor2/Analysis/Vibration/fft
Prediction for batch 0Nm_BPFI_03:173 published to Enterprise/Site/Area/Motor2/Analysis/Diagnosis/prediction
-----------------------------------------
[Motor1] raw_latency_ms=427.989
[Motor1] EDGE UTC : 2026-08-11T13:04:40.906114+00:00
[Motor1] CLOUD UTC: 2026-08-11T13:04:41.334102+00:00
-------------
Batch 0Nm_BPFI_03:169 from Motor1 received. Processing...
FFT for batch 0Nm_BPFI_03:169 published to Enterprise/Site/Area/Motor1/Analysis/Vibration/fft
Prediction for batch 0Nm_BPFI_03:169 published to Enterprise/Site/Area/Motor1/Analysis/Diagnosis/prediction
-----------------------------------------
[Motor3] raw_latency_ms=217.712
[Motor3] EDGE UTC : 2026-08-11T13:04:41.705402+00:00
[Motor3] CLOUD UTC: 2026-08-11T13:04:41.923113+00:00
-------------
Batch 0Nm_BPFI_03:85 from Motor3 received. Processing...
FFT for batch 0Nm_BPFI_03:85 published to Enterprise/Site/Area/Motor3/Analysis/Vibration/fft
Prediction for batch 0Nm_BPFI_03:85 published to Enterprise/Site/Area/Motor3/Analysis/Diagnosis/prediction
-----------------------------------------
[Motor2] raw_latency_ms=381.928
[Motor2] EDGE UTC : 2026-08-11T13:04:41.905121+00:00
[Motor2] CLOUD UTC: 2026-08-11T13:04:42.287049+00:00
-------------
Batch 0Nm_BPFI_03:174 from Motor2 received. Processing...
FFT for batch 0Nm_BPFI_03:174 published to Enterprise/Site/Area/Motor2/Analysis/Vibration/fft
Prediction for batch 0Nm_BPFI_03:174 published to Enterprise/Site/Area/Motor2/Analysis/Diagnosis/prediction
-----------------------------------------
[Motor1] raw_latency_ms=552.330
[Motor1] EDGE UTC : 2026-08-11T13:04:41.944242+00:00
[Motor1] CLOUD UTC: 2026-08-11T13:04:42.496571+00:00
-------------
Batch 0Nm_BPFI_03:170 from Motor1 received. Processing...
FFT for batch 0Nm_BPFI_03:170 published to Enterprise/Site/Area/Motor1/Analysis/Vibration/fft
Prediction for batch 0Nm_BPFI_03:170 published to Enterprise/Site/Area/Motor1/Analysis/Diagnosis/prediction
-----------------------------------------
[Motor3] raw_latency_ms=214.085
[Motor3] EDGE UTC : 2026-08-11T13:04:42.712608+00:00
[Motor3] CLOUD UTC: 2026-08-11T13:04:42.926693+00:00
-------------
Batch 0Nm_BPFI_03:86 from Motor3 received. Processing...
FFT for batch 0Nm_BPFI_03:86 published to Enterprise/Site/Area/Motor3/Analysis/Vibration/fft
Prediction for batch 0Nm_BPFI_03:86 published to Enterprise/Site/Area/Motor3/Analysis/Diagnosis/prediction
-----------------------------------------
[Motor2] raw_latency_ms=384.266
[Motor2] EDGE UTC : 2026-08-11T13:04:42.953068+00:00
[Motor2] CLOUD UTC: 2026-08-11T13:04:43.337335+00:00
-------------
Batch 0Nm_BPFI_03:175 from Motor2 received. Processing...
FFT for batch 0Nm_BPFI_03:175 published to Enterprise/Site/Area/Motor2/Analysis/Vibration/fft
Prediction for batch 0Nm_BPFI_03:175 published to Enterprise/Site/Area/Motor2/Analysis/Diagnosis/prediction
-----------------------------------------
[Motor1] raw_latency_ms=521.700
[Motor1] EDGE UTC : 2026-08-11T13:04:42.982493+00:00
[Motor1] CLOUD UTC: 2026-08-11T13:04:43.504193+00:00
-------------
Batch 0Nm_BPFI_03:171 from Motor1 received. Processing...
FFT for batch 0Nm_BPFI_03:171 published to Enterprise/Site/Area/Motor1/Analysis/Vibration/fft
Prediction for batch 0Nm_BPFI_03:171 published to Enterprise/Site/Area/Motor1/Analysis/Diagnosis/prediction
-----------------------------------------
[Motor3] raw_latency_ms=274.913
[Motor3] EDGE UTC : 2026-08-11T13:04:43.717577+00:00
[Motor3] CLOUD UTC: 2026-08-11T13:04:43.992490+00:00
-------------
Batch 0Nm_BPFI_03:87 from Motor3 received. Processing...
FFT for batch 0Nm_BPFI_03:87 published to Enterprise/Site/Area/Motor3/Analysis/Vibration/fft
Prediction for batch 0Nm_BPFI_03:87 published to Enterprise/Site/Area/Motor3/Analysis/Diagnosis/prediction
-----------------------------------------
[Motor2] raw_latency_ms=399.160
[Motor2] EDGE UTC : 2026-08-11T13:04:44.006996+00:00
[Motor2] CLOUD UTC: 2026-08-11T13:04:44.406157+00:00
-------------
Batch 0Nm_BPFI_03:176 from Motor2 received. Processing...
FFT for batch 0Nm_BPFI_03:176 published to Enterprise/Site/Area/Motor2/Analysis/Vibration/fft
Prediction for batch 0Nm_BPFI_03:176 published to Enterprise/Site/Area/Motor2/Analysis/Diagnosis/prediction
-----------------------------------------
[Motor1] raw_latency_ms=561.842
[Motor1] EDGE UTC : 2026-08-11T13:04:44.020649+00:00
[Motor1] CLOUD UTC: 2026-08-11T13:04:44.582491+00:00
-------------
Batch 0Nm_BPFI_03:172 from Motor1 received. Processing...
FFT for batch 0Nm_BPFI_03:172 published to Enterprise/Site/Area/Motor1/Analysis/Vibration/fft
Prediction for batch 0Nm_BPFI_03:172 published to Enterprise/Site/Area/Motor1/Analysis/Diagnosis/prediction
-----------------------------------------
[Motor3] raw_latency_ms=219.258
[Motor3] EDGE UTC : 2026-08-11T13:04:44.720933+00:00
[Motor3] CLOUD UTC: 2026-08-11T13:04:44.940190+00:00
-------------
Batch 0Nm_BPFI_03:88 from Motor3 received. Processing...
FFT for batch 0Nm_BPFI_03:88 published to Enterprise/Site/Area/Motor3/Analysis/Vibration/fft
Prediction for batch 0Nm_BPFI_03:88 published to Enterprise/Site/Area/Motor3/Analysis/Diagnosis/prediction
-----------------------------------------
[Motor2] raw_latency_ms=450.503
[Motor2] EDGE UTC : 2026-08-11T13:04:45.059002+00:00
[Motor2] CLOUD UTC: 2026-08-11T13:04:45.509505+00:00
-------------
Batch 0Nm_BPFI_03:177 from Motor2 received. Processing...
FFT for batch 0Nm_BPFI_03:177 published to Enterprise/Site/Area/Motor2/Analysis/Vibration/fft
Prediction for batch 0Nm_BPFI_03:177 published to Enterprise/Site/Area/Motor2/Analysis/Diagnosis/prediction
-----------------------------------------
[Motor1] raw_latency_ms=623.409
[Motor1] EDGE UTC : 2026-08-11T13:04:45.058992+00:00
[Motor1] CLOUD UTC: 2026-08-11T13:04:45.682400+00:00
-------------
Batch 0Nm_BPFI_03:173 from Motor1 received. Processing...
FFT for batch 0Nm_BPFI_03:173 published to Enterprise/Site/Area/Motor1/Analysis/Vibration/fft
Prediction for batch 0Nm_BPFI_03:173 published to Enterprise/Site/Area/Motor1/Analysis/Diagnosis/prediction
-----------------------------------------
[Motor3] raw_latency_ms=220.096
[Motor3] EDGE UTC : 2026-08-11T13:04:45.724242+00:00
[Motor3] CLOUD UTC: 2026-08-11T13:04:45.944338+00:00
-------------
Batch 0Nm_BPFI_03:89 from Motor3 received. Processing...
FFT for batch 0Nm_BPFI_03:89 published to Enterprise/Site/Area/Motor3/Analysis/Vibration/fft
Prediction for batch 0Nm_BPFI_03:89 published to Enterprise/Site/Area/Motor3/Analysis/Diagnosis/prediction
-----------------------------------------
[Motor2] raw_latency_ms=378.759
[Motor2] EDGE UTC : 2026-08-11T13:04:46.106418+00:00
[Motor2] CLOUD UTC: 2026-08-11T13:04:46.485176+00:00
-------------
Batch 0Nm_BPFI_03:178 from Motor2 received. Processing...
FFT for batch 0Nm_BPFI_03:178 published to Enterprise/Site/Area/Motor2/Analysis/Vibration/fft
Prediction for batch 0Nm_BPFI_03:178 published to Enterprise/Site/Area/Motor2/Analysis/Diagnosis/prediction
-----------------------------------------
[Motor1] raw_latency_ms=496.479
[Motor1] EDGE UTC : 2026-08-11T13:04:46.097125+00:00
[Motor1] CLOUD UTC: 2026-08-11T13:04:46.593604+00:00
-------------
Batch 0Nm_BPFI_03:174 from Motor1 received. Processing...
FFT for batch 0Nm_BPFI_03:174 published to Enterprise/Site/Area/Motor1/Analysis/Vibration/fft
Prediction for batch 0Nm_BPFI_03:174 published to Enterprise/Site/Area/Motor1/Analysis/Diagnosis/prediction
-----------------------------------------
[Motor3] raw_latency_ms=233.928
[Motor3] EDGE UTC : 2026-08-11T13:04:46.727974+00:00
[Motor3] CLOUD UTC: 2026-08-11T13:04:46.961902+00:00
-------------
Batch 0Nm_BPFI_03:90 from Motor3 received. Processing...
FFT for batch 0Nm_BPFI_03:90 published to Enterprise/Site/Area/Motor3/Analysis/Vibration/fft
Prediction for batch 0Nm_BPFI_03:90 published to Enterprise/Site/Area/Motor3/Analysis/Diagnosis/prediction
-----------------------------------------
[Motor2] raw_latency_ms=394.836
[Motor2] EDGE UTC : 2026-08-11T13:04:47.154005+00:00
[Motor2] CLOUD UTC: 2026-08-11T13:04:47.548841+00:00
-------------
Batch 0Nm_BPFI_03:179 from Motor2 received. Processing...
FFT for batch 0Nm_BPFI_03:179 published to Enterprise/Site/Area/Motor2/Analysis/Vibration/fft
Prediction for batch 0Nm_BPFI_03:179 published to Enterprise/Site/Area/Motor2/Analysis/Diagnosis/prediction
-----------------------------------------
[Motor1] raw_latency_ms=523.295
[Motor1] EDGE UTC : 2026-08-11T13:04:47.140091+00:00
[Motor1] CLOUD UTC: 2026-08-11T13:04:47.663387+00:00
-------------
Batch 0Nm_BPFI_03:175 from Motor1 received. Processing...
FFT for batch 0Nm_BPFI_03:175 published to Enterprise/Site/Area/Motor1/Analysis/Vibration/fft
Prediction for batch 0Nm_BPFI_03:175 published to Enterprise/Site/Area/Motor1/Analysis/Diagnosis/prediction
-----------------------------------------
[Motor3] raw_latency_ms=221.709
[Motor3] EDGE UTC : 2026-08-11T13:04:47.731283+00:00
[Motor3] CLOUD UTC: 2026-08-11T13:04:47.952992+00:00
-------------
Batch 0Nm_BPFI_03:91 from Motor3 received. Processing...
FFT for batch 0Nm_BPFI_03:91 published to Enterprise/Site/Area/Motor3/Analysis/Vibration/fft
Prediction for batch 0Nm_BPFI_03:91 published to Enterprise/Site/Area/Motor3/Analysis/Diagnosis/prediction
-----------------------------------------
[Motor1] raw_latency_ms=535.520
[Motor1] EDGE UTC : 2026-08-11T13:04:48.184438+00:00
[Motor1] CLOUD UTC: 2026-08-11T13:04:48.719958+00:00
-------------
Batch 0Nm_BPFI_03:176 from Motor1 received. Processing...
FFT for batch 0Nm_BPFI_03:176 published to Enterprise/Site/Area/Motor1/Analysis/Vibration/fft
Prediction for batch 0Nm_BPFI_03:176 published to Enterprise/Site/Area/Motor1/Analysis/Diagnosis/prediction
-----------------------------------------
[Motor3] raw_latency_ms=422.817
[Motor3] EDGE UTC : 2026-08-11T13:04:48.749467+00:00
[Motor3] CLOUD UTC: 2026-08-11T13:04:49.172284+00:00
-------------
Batch 0Nm_BPFI_03:92 from Motor3 received. Processing...
FFT for batch 0Nm_BPFI_03:92 published to Enterprise/Site/Area/Motor3/Analysis/Vibration/fft
Prediction for batch 0Nm_BPFI_03:92 published to Enterprise/Site/Area/Motor3/Analysis/Diagnosis/prediction
-----------------------------------------
[Motor1] raw_latency_ms=510.224
[Motor1] EDGE UTC : 2026-08-11T13:04:49.228660+00:00
[Motor1] CLOUD UTC: 2026-08-11T13:04:49.738884+00:00
-------------
Batch 0Nm_BPFI_03:177 from Motor1 received. Processing...
FFT for batch 0Nm_BPFI_03:177 published to Enterprise/Site/Area/Motor1/Analysis/Vibration/fft
Prediction for batch 0Nm_BPFI_03:177 published to Enterprise/Site/Area/Motor1/Analysis/Diagnosis/prediction
-----------------------------------------
[Motor3] raw_latency_ms=218.421
[Motor3] EDGE UTC : 2026-08-11T13:04:49.754580+00:00
[Motor3] CLOUD UTC: 2026-08-11T13:04:49.973001+00:00
-------------
Batch 0Nm_BPFI_03:93 from Motor3 received. Processing...
FFT for batch 0Nm_BPFI_03:93 published to Enterprise/Site/Area/Motor3/Analysis/Vibration/fft
Prediction for batch 0Nm_BPFI_03:93 published to Enterprise/Site/Area/Motor3/Analysis/Diagnosis/prediction
-----------------------------------------
[Motor1] raw_latency_ms=535.392
[Motor1] EDGE UTC : 2026-08-11T13:04:50.277712+00:00
[Motor1] CLOUD UTC: 2026-08-11T13:04:50.813105+00:00
-------------
Batch 0Nm_BPFI_03:178 from Motor1 received. Processing...
FFT for batch 0Nm_BPFI_03:178 published to Enterprise/Site/Area/Motor1/Analysis/Vibration/fft
Prediction for batch 0Nm_BPFI_03:178 published to Enterprise/Site/Area/Motor1/Analysis/Diagnosis/prediction
-----------------------------------------
[Motor3] raw_latency_ms=223.113
[Motor3] EDGE UTC : 2026-08-11T13:04:50.759828+00:00
[Motor3] CLOUD UTC: 2026-08-11T13:04:50.982941+00:00
-------------
Batch 0Nm_BPFI_03:94 from Motor3 received. Processing...
FFT for batch 0Nm_BPFI_03:94 published to Enterprise/Site/Area/Motor3/Analysis/Vibration/fft
Prediction for batch 0Nm_BPFI_03:94 published to Enterprise/Site/Area/Motor3/Analysis/Diagnosis/prediction
-----------------------------------------
[Motor1] raw_latency_ms=518.413
[Motor1] EDGE UTC : 2026-08-11T13:04:51.322267+00:00
[Motor1] CLOUD UTC: 2026-08-11T13:04:51.840680+00:00
-------------
Batch 0Nm_BPFI_03:179 from Motor1 received. Processing...
FFT for batch 0Nm_BPFI_03:179 published to Enterprise/Site/Area/Motor1/Analysis/Vibration/fft
Prediction for batch 0Nm_BPFI_03:179 published to Enterprise/Site/Area/Motor1/Analysis/Diagnosis/prediction
-----------------------------------------
[Motor3] raw_latency_ms=228.725
[Motor3] EDGE UTC : 2026-08-11T13:04:51.767826+00:00
[Motor3] CLOUD UTC: 2026-08-11T13:04:51.996551+00:00
-------------
Batch 0Nm_BPFI_03:95 from Motor3 received. Processing...
FFT for batch 0Nm_BPFI_03:95 published to Enterprise/Site/Area/Motor3/Analysis/Vibration/fft
Prediction for batch 0Nm_BPFI_03:95 published to Enterprise/Site/Area/Motor3/Analysis/Diagnosis/prediction
-----------------------------------------
[Motor2] raw_latency_ms=936.898
[Motor2] EDGE UTC : 2026-08-11T13:04:51.241245+00:00
[Motor2] CLOUD UTC: 2026-08-11T13:04:52.178143+00:00
-------------
Batch 0Nm_BPFI_03:0 from Motor2 received. Processing...
FFT for batch 0Nm_BPFI_03:0 published to Enterprise/Site/Area/Motor2/Analysis/Vibration/fft
Prediction for batch 0Nm_BPFI_03:0 published to Enterprise/Site/Area/Motor2/Analysis/Diagnosis/prediction
-----------------------------------------
[Motor2] raw_latency_ms=371.472
[Motor2] EDGE UTC : 2026-08-11T13:04:52.273079+00:00
[Motor2] CLOUD UTC: 2026-08-11T13:04:52.644551+00:00
-------------
Batch 0Nm_BPFI_03:1 from Motor2 received. Processing...
FFT for batch 0Nm_BPFI_03:1 published to Enterprise/Site/Area/Motor2/Analysis/Vibration/fft
Prediction for batch 0Nm_BPFI_03:1 published to Enterprise/Site/Area/Motor2/Analysis/Diagnosis/prediction
-----------------------------------------
[Motor3] raw_latency_ms=218.266
[Motor3] EDGE UTC : 2026-08-11T13:04:52.775737+00:00
[Motor3] CLOUD UTC: 2026-08-11T13:04:52.994004+00:00
-------------
Batch 0Nm_BPFI_03:96 from Motor3 received. Processing...
FFT for batch 0Nm_BPFI_03:96 published to Enterprise/Site/Area/Motor3/Analysis/Vibration/fft
Prediction for batch 0Nm_BPFI_03:96 published to Enterprise/Site/Area/Motor3/Analysis/Diagnosis/prediction
-----------------------------------------
[Motor2] raw_latency_ms=650.535
[Motor2] EDGE UTC : 2026-08-11T13:04:53.291469+00:00
[Motor2] CLOUD UTC: 2026-08-11T13:04:53.942003+00:00
-------------
Batch 0Nm_BPFI_03:2 from Motor2 received. Processing...
FFT for batch 0Nm_BPFI_03:2 published to Enterprise/Site/Area/Motor2/Analysis/Vibration/fft
Prediction for batch 0Nm_BPFI_03:2 published to Enterprise/Site/Area/Motor2/Analysis/Diagnosis/prediction
-----------------------------------------
[Motor3] raw_latency_ms=270.998
[Motor3] EDGE UTC : 2026-08-11T13:04:53.779281+00:00
[Motor3] CLOUD UTC: 2026-08-11T13:04:54.050279+00:00
-------------
Batch 0Nm_BPFI_03:97 from Motor3 received. Processing...
FFT for batch 0Nm_BPFI_03:97 published to Enterprise/Site/Area/Motor3/Analysis/Vibration/fft
Prediction for batch 0Nm_BPFI_03:97 published to Enterprise/Site/Area/Motor3/Analysis/Diagnosis/prediction
-----------------------------------------
[Motor2] raw_latency_ms=476.033
[Motor2] EDGE UTC : 2026-08-11T13:04:54.310102+00:00
[Motor2] CLOUD UTC: 2026-08-11T13:04:54.786135+00:00
-------------
Batch 0Nm_BPFI_03:3 from Motor2 received. Processing...
FFT for batch 0Nm_BPFI_03:3 published to Enterprise/Site/Area/Motor2/Analysis/Vibration/fft
Prediction for batch 0Nm_BPFI_03:3 published to Enterprise/Site/Area/Motor2/Analysis/Diagnosis/prediction
-----------------------------------------
[Motor3] raw_latency_ms=215.698
[Motor3] EDGE UTC : 2026-08-11T13:04:54.786630+00:00
[Motor3] CLOUD UTC: 2026-08-11T13:04:55.002328+00:00
-------------
Batch 0Nm_BPFI_03:98 from Motor3 received. Processing...
FFT for batch 0Nm_BPFI_03:98 published to Enterprise/Site/Area/Motor3/Analysis/Vibration/fft
Prediction for batch 0Nm_BPFI_03:98 published to Enterprise/Site/Area/Motor3/Analysis/Diagnosis/prediction
-----------------------------------------
[Motor2] raw_latency_ms=490.022
[Motor2] EDGE UTC : 2026-08-11T13:04:55.328976+00:00
[Motor2] CLOUD UTC: 2026-08-11T13:04:55.818998+00:00
-------------
Batch 0Nm_BPFI_03:4 from Motor2 received. Processing...
FFT for batch 0Nm_BPFI_03:4 published to Enterprise/Site/Area/Motor2/Analysis/Vibration/fft
Prediction for batch 0Nm_BPFI_03:4 published to Enterprise/Site/Area/Motor2/Analysis/Diagnosis/prediction
-----------------------------------------
[Motor3] raw_latency_ms=224.889
[Motor3] EDGE UTC : 2026-08-11T13:04:55.790290+00:00
[Motor3] CLOUD UTC: 2026-08-11T13:04:56.015178+00:00
-------------
Batch 0Nm_BPFI_03:99 from Motor3 received. Processing...
FFT for batch 0Nm_BPFI_03:99 published to Enterprise/Site/Area/Motor3/Analysis/Vibration/fft
Prediction for batch 0Nm_BPFI_03:99 published to Enterprise/Site/Area/Motor3/Analysis/Diagnosis/prediction
-----------------------------------------
[Motor2] raw_latency_ms=488.183
[Motor2] EDGE UTC : 2026-08-11T13:04:56.347648+00:00
[Motor2] CLOUD UTC: 2026-08-11T13:04:56.835832+00:00
-------------
Batch 0Nm_BPFI_03:5 from Motor2 received. Processing...
FFT for batch 0Nm_BPFI_03:5 published to Enterprise/Site/Area/Motor2/Analysis/Vibration/fft
Prediction for batch 0Nm_BPFI_03:5 published to Enterprise/Site/Area/Motor2/Analysis/Diagnosis/prediction
-----------------------------------------
[Motor3] raw_latency_ms=232.065
[Motor3] EDGE UTC : 2026-08-11T13:04:56.793758+00:00
[Motor3] CLOUD UTC: 2026-08-11T13:04:57.025823+00:00
-------------
Batch 0Nm_BPFI_03:100 from Motor3 received. Processing...
FFT for batch 0Nm_BPFI_03:100 published to Enterprise/Site/Area/Motor3/Analysis/Vibration/fft
Prediction for batch 0Nm_BPFI_03:100 published to Enterprise/Site/Area/Motor3/Analysis/Diagnosis/prediction
-----------------------------------------
[Motor2] raw_latency_ms=492.259
[Motor2] EDGE UTC : 2026-08-11T13:04:57.366139+00:00
[Motor2] CLOUD UTC: 2026-08-11T13:04:57.858398+00:00
-------------
Batch 0Nm_BPFI_03:6 from Motor2 received. Processing...
FFT for batch 0Nm_BPFI_03:6 published to Enterprise/Site/Area/Motor2/Analysis/Vibration/fft
Prediction for batch 0Nm_BPFI_03:6 published to Enterprise/Site/Area/Motor2/Analysis/Diagnosis/prediction
-----------------------------------------
[Motor3] raw_latency_ms=228.938
[Motor3] EDGE UTC : 2026-08-11T13:04:57.802191+00:00
[Motor3] CLOUD UTC: 2026-08-11T13:04:58.031129+00:00
-------------
Batch 0Nm_BPFI_03:101 from Motor3 received. Processing...
FFT for batch 0Nm_BPFI_03:101 published to Enterprise/Site/Area/Motor3/Analysis/Vibration/fft
Prediction for batch 0Nm_BPFI_03:101 published to Enterprise/Site/Area/Motor3/Analysis/Diagnosis/prediction
-----------------------------------------
[Motor1] raw_latency_ms=988.468
[Motor1] EDGE UTC : 2026-08-11T13:04:57.355155+00:00
[Motor1] CLOUD UTC: 2026-08-11T13:04:58.343623+00:00
-------------
Batch 0Nm_BPFI_03:0 from Motor1 received. Processing...
FFT for batch 0Nm_BPFI_03:0 published to Enterprise/Site/Area/Motor1/Analysis/Vibration/fft
Prediction for batch 0Nm_BPFI_03:0 published to Enterprise/Site/Area/Motor1/Analysis/Diagnosis/prediction
-----------------------------------------
[Motor1] raw_latency_ms=282.262
[Motor1] EDGE UTC : 2026-08-11T13:04:58.397041+00:00
[Motor1] CLOUD UTC: 2026-08-11T13:04:58.679303+00:00
-------------
Batch 0Nm_BPFI_03:1 from Motor1 received. Processing...
FFT for batch 0Nm_BPFI_03:1 published to Enterprise/Site/Area/Motor1/Analysis/Vibration/fft
Prediction for batch 0Nm_BPFI_03:1 published to Enterprise/Site/Area/Motor1/Analysis/Diagnosis/prediction
-----------------------------------------
[Motor2] raw_latency_ms=459.532
[Motor2] EDGE UTC : 2026-08-11T13:04:58.388150+00:00
[Motor2] CLOUD UTC: 2026-08-11T13:04:58.847682+00:00
-------------
Batch 0Nm_BPFI_03:7 from Motor2 received. Processing...
FFT for batch 0Nm_BPFI_03:7 published to Enterprise/Site/Area/Motor2/Analysis/Vibration/fft
Prediction for batch 0Nm_BPFI_03:7 published to Enterprise/Site/Area/Motor2/Analysis/Diagnosis/prediction
-----------------------------------------
[Motor3] raw_latency_ms=215.262
[Motor3] EDGE UTC : 2026-08-11T13:04:58.805643+00:00
[Motor3] CLOUD UTC: 2026-08-11T13:04:59.020906+00:00
-------------
Batch 0Nm_BPFI_03:102 from Motor3 received. Processing...
FFT for batch 0Nm_BPFI_03:102 published to Enterprise/Site/Area/Motor3/Analysis/Vibration/fft
Prediction for batch 0Nm_BPFI_03:102 published to Enterprise/Site/Area/Motor3/Analysis/Diagnosis/prediction
-----------------------------------------
[Motor2] raw_latency_ms=489.027
[Motor2] EDGE UTC : 2026-08-11T13:04:59.435784+00:00
[Motor2] CLOUD UTC: 2026-08-11T13:04:59.924812+00:00
-------------
Batch 0Nm_BPFI_03:8 from Motor2 received. Processing...
FFT for batch 0Nm_BPFI_03:8 published to Enterprise/Site/Area/Motor2/Analysis/Vibration/fft
Prediction for batch 0Nm_BPFI_03:8 published to Enterprise/Site/Area/Motor2/Analysis/Diagnosis/prediction
-----------------------------------------
[Motor1] raw_latency_ms=694.646
[Motor1] EDGE UTC : 2026-08-11T13:04:59.435257+00:00
[Motor1] CLOUD UTC: 2026-08-11T13:05:00.129903+00:00
-------------
Batch 0Nm_BPFI_03:2 from Motor1 received. Processing...
FFT for batch 0Nm_BPFI_03:2 published to Enterprise/Site/Area/Motor1/Analysis/Vibration/fft
Prediction for batch 0Nm_BPFI_03:2 published to Enterprise/Site/Area/Motor1/Analysis/Diagnosis/prediction
-----------------------------------------
[Motor3] raw_latency_ms=427.869
[Motor3] EDGE UTC : 2026-08-11T13:04:59.812746+00:00
[Motor3] CLOUD UTC: 2026-08-11T13:05:00.240615+00:00
-------------
Batch 0Nm_BPFI_03:103 from Motor3 received. Processing...
FFT for batch 0Nm_BPFI_03:103 published to Enterprise/Site/Area/Motor3/Analysis/Vibration/fft
Prediction for batch 0Nm_BPFI_03:103 published to Enterprise/Site/Area/Motor3/Analysis/Diagnosis/prediction
-----------------------------------------
Error processing batch: 'utf-8' codec can't decode byte 0x8f in position 1: invalid start byte
[Motor1] raw_latency_ms=513.811
[Motor1] EDGE UTC : 2026-08-11T13:05:00.454304+00:00
[Motor1] CLOUD UTC: 2026-08-11T13:05:00.968114+00:00
-------------
Batch 0Nm_BPFI_03:3 from Motor1 received. Processing...
FFT for batch 0Nm_BPFI_03:3 published to Enterprise/Site/Area/Motor1/Analysis/Vibration/fft
Prediction for batch 0Nm_BPFI_03:3 published to Enterprise/Site/Area/Motor1/Analysis/Diagnosis/prediction
-----------------------------------------
[Motor3] raw_latency_ms=258.287
[Motor3] EDGE UTC : 2026-08-11T13:05:00.816387+00:00
[Motor3] CLOUD UTC: 2026-08-11T13:05:01.074674+00:00
-------------
Batch 0Nm_BPFI_03:104 from Motor3 received. Processing...
FFT for batch 0Nm_BPFI_03:104 published to Enterprise/Site/Area/Motor3/Analysis/Vibration/fft
Prediction for batch 0Nm_BPFI_03:104 published to Enterprise/Site/Area/Motor3/Analysis/Diagnosis/prediction
-----------------------------------------
[Motor1] raw_latency_ms=530.378
[Motor1] EDGE UTC : 2026-08-11T13:05:01.473548+00:00
[Motor1] CLOUD UTC: 2026-08-11T13:05:02.003926+00:00
-------------
Batch 0Nm_BPFI_03:4 from Motor1 received. Processing...
FFT for batch 0Nm_BPFI_03:4 published to Enterprise/Site/Area/Motor1/Analysis/Vibration/fft
Prediction for batch 0Nm_BPFI_03:4 published to Enterprise/Site/Area/Motor1/Analysis/Diagnosis/prediction
-----------------------------------------
[Motor2] raw_latency_ms=579.683
[Motor2] EDGE UTC : 2026-08-11T13:05:01.531998+00:00
[Motor2] CLOUD UTC: 2026-08-11T13:05:02.111681+00:00
-------------
Batch 0Nm_BPFI_03:10 from Motor2 received. Processing...
FFT for batch 0Nm_BPFI_03:10 published to Enterprise/Site/Area/Motor2/Analysis/Vibration/fft
Prediction for batch 0Nm_BPFI_03:10 published to Enterprise/Site/Area/Motor2/Analysis/Diagnosis/prediction
-----------------------------------------
[Motor3] raw_latency_ms=403.971
[Motor3] EDGE UTC : 2026-08-11T13:05:01.821965+00:00
[Motor3] CLOUD UTC: 2026-08-11T13:05:02.225936+00:00
-------------
Batch 0Nm_BPFI_03:105 from Motor3 received. Processing...
FFT for batch 0Nm_BPFI_03:105 published to Enterprise/Site/Area/Motor3/Analysis/Vibration/fft
Prediction for batch 0Nm_BPFI_03:105 published to Enterprise/Site/Area/Motor3/Analysis/Diagnosis/prediction
-----------------------------------------
[Motor1] raw_latency_ms=484.780
[Motor1] EDGE UTC : 2026-08-11T13:05:02.589314+00:00
[Motor1] CLOUD UTC: 2026-08-11T13:05:03.074094+00:00
-------------
Batch 0Nm_BPFI_03:5 from Motor1 received. Processing...
FFT for batch 0Nm_BPFI_03:5 published to Enterprise/Site/Area/Motor1/Analysis/Vibration/fft
Prediction for batch 0Nm_BPFI_03:5 published to Enterprise/Site/Area/Motor1/Analysis/Diagnosis/prediction
-----------------------------------------
[Motor2] raw_latency_ms=609.016
[Motor2] EDGE UTC : 2026-08-11T13:05:02.573929+00:00
[Motor2] CLOUD UTC: 2026-08-11T13:05:03.182945+00:00
-------------
Batch 0Nm_BPFI_03:11 from Motor2 received. Processing...
FFT for batch 0Nm_BPFI_03:11 published to Enterprise/Site/Area/Motor2/Analysis/Vibration/fft
Prediction for batch 0Nm_BPFI_03:11 published to Enterprise/Site/Area/Motor2/Analysis/Diagnosis/prediction
-----------------------------------------
[Motor3] raw_latency_ms=469.386
[Motor3] EDGE UTC : 2026-08-11T13:05:02.827213+00:00
[Motor3] CLOUD UTC: 2026-08-11T13:05:03.296599+00:00
-------------
Batch 0Nm_BPFI_03:106 from Motor3 received. Processing...
FFT for batch 0Nm_BPFI_03:106 published to Enterprise/Site/Area/Motor3/Analysis/Vibration/fft
Prediction for batch 0Nm_BPFI_03:106 published to Enterprise/Site/Area/Motor3/Analysis/Diagnosis/prediction
-----------------------------------------
[Motor1] raw_latency_ms=471.901
[Motor1] EDGE UTC : 2026-08-11T13:05:03.608398+00:00
[Motor1] CLOUD UTC: 2026-08-11T13:05:04.080299+00:00
-------------
Batch 0Nm_BPFI_03:6 from Motor1 received. Processing...
FFT for batch 0Nm_BPFI_03:6 published to Enterprise/Site/Area/Motor1/Analysis/Vibration/fft
Prediction for batch 0Nm_BPFI_03:6 published to Enterprise/Site/Area/Motor1/Analysis/Diagnosis/prediction
-----------------------------------------
[Motor2] raw_latency_ms=559.532
[Motor2] EDGE UTC : 2026-08-11T13:05:03.628283+00:00
[Motor2] CLOUD UTC: 2026-08-11T13:05:04.187815+00:00
-------------
Batch 0Nm_BPFI_03:12 from Motor2 received. Processing...
FFT for batch 0Nm_BPFI_03:12 published to Enterprise/Site/Area/Motor2/Analysis/Vibration/fft
Prediction for batch 0Nm_BPFI_03:12 published to Enterprise/Site/Area/Motor2/Analysis/Diagnosis/prediction
-----------------------------------------
[Motor3] raw_latency_ms=471.125
[Motor3] EDGE UTC : 2026-08-11T13:05:03.831302+00:00
[Motor3] CLOUD UTC: 2026-08-11T13:05:04.302427+00:00
-------------
Batch 0Nm_BPFI_03:107 from Motor3 received. Processing...
FFT for batch 0Nm_BPFI_03:107 published to Enterprise/Site/Area/Motor3/Analysis/Vibration/fft
Prediction for batch 0Nm_BPFI_03:107 published to Enterprise/Site/Area/Motor3/Analysis/Diagnosis/prediction
-----------------------------------------
[Motor1] raw_latency_ms=446.409
[Motor1] EDGE UTC : 2026-08-11T13:05:04.627601+00:00
[Motor1] CLOUD UTC: 2026-08-11T13:05:05.074010+00:00
-------------
Batch 0Nm_BPFI_03:7 from Motor1 received. Processing...
FFT for batch 0Nm_BPFI_03:7 published to Enterprise/Site/Area/Motor1/Analysis/Vibration/fft
Prediction for batch 0Nm_BPFI_03:7 published to Enterprise/Site/Area/Motor1/Analysis/Diagnosis/prediction
-----------------------------------------
[Motor3] raw_latency_ms=336.506
[Motor3] EDGE UTC : 2026-08-11T13:05:04.847589+00:00
[Motor3] CLOUD UTC: 2026-08-11T13:05:05.184095+00:00
-------------
Batch 0Nm_BPFI_03:108 from Motor3 received. Processing...
FFT for batch 0Nm_BPFI_03:108 published to Enterprise/Site/Area/Motor3/Analysis/Vibration/fft
Prediction for batch 0Nm_BPFI_03:108 published to Enterprise/Site/Area/Motor3/Analysis/Diagnosis/prediction
-----------------------------------------
[Motor2] raw_latency_ms=659.361
[Motor2] EDGE UTC : 2026-08-11T13:05:04.675123+00:00
[Motor2] CLOUD UTC: 2026-08-11T13:05:05.334485+00:00
-------------
Batch 0Nm_BPFI_03:13 from Motor2 received. Processing...
FFT for batch 0Nm_BPFI_03:13 published to Enterprise/Site/Area/Motor2/Analysis/Vibration/fft
Prediction for batch 0Nm_BPFI_03:13 published to Enterprise/Site/Area/Motor2/Analysis/Diagnosis/prediction
-----------------------------------------
[Motor1] raw_latency_ms=476.323
[Motor1] EDGE UTC : 2026-08-11T13:05:05.647054+00:00
[Motor1] CLOUD UTC: 2026-08-11T13:05:06.123377+00:00
-------------
Batch 0Nm_BPFI_03:8 from Motor1 received. Processing...
FFT for batch 0Nm_BPFI_03:8 published to Enterprise/Site/Area/Motor1/Analysis/Vibration/fft
Prediction for batch 0Nm_BPFI_03:8 published to Enterprise/Site/Area/Motor1/Analysis/Diagnosis/prediction
-----------------------------------------
[Motor3] raw_latency_ms=374.723
[Motor3] EDGE UTC : 2026-08-11T13:05:05.858100+00:00
[Motor3] CLOUD UTC: 2026-08-11T13:05:06.232823+00:00
-------------
Batch 0Nm_BPFI_03:109 from Motor3 received. Processing...
FFT for batch 0Nm_BPFI_03:109 published to Enterprise/Site/Area/Motor3/Analysis/Vibration/fft
Prediction for batch 0Nm_BPFI_03:109 published to Enterprise/Site/Area/Motor3/Analysis/Diagnosis/prediction
-----------------------------------------
[Motor2] raw_latency_ms=626.450
[Motor2] EDGE UTC : 2026-08-11T13:05:05.722930+00:00
[Motor2] CLOUD UTC: 2026-08-11T13:05:06.349380+00:00
-------------
Batch 0Nm_BPFI_03:14 from Motor2 received. Processing...
FFT for batch 0Nm_BPFI_03:14 published to Enterprise/Site/Area/Motor2/Analysis/Vibration/fft
Prediction for batch 0Nm_BPFI_03:14 published to Enterprise/Site/Area/Motor2/Analysis/Diagnosis/prediction
-----------------------------------------
[Motor1] raw_latency_ms=508.662
[Motor1] EDGE UTC : 2026-08-11T13:05:06.691087+00:00
[Motor1] CLOUD UTC: 2026-08-11T13:05:07.199749+00:00
-------------
Batch 0Nm_BPFI_03:9 from Motor1 received. Processing...
FFT for batch 0Nm_BPFI_03:9 published to Enterprise/Site/Area/Motor1/Analysis/Vibration/fft
Prediction for batch 0Nm_BPFI_03:9 published to Enterprise/Site/Area/Motor1/Analysis/Diagnosis/prediction
-----------------------------------------
[Motor2] raw_latency_ms=565.713
[Motor2] EDGE UTC : 2026-08-11T13:05:06.744035+00:00
[Motor2] CLOUD UTC: 2026-08-11T13:05:07.309749+00:00
-------------
Batch 0Nm_BPFI_03:15 from Motor2 received. Processing...
FFT for batch 0Nm_BPFI_03:15 published to Enterprise/Site/Area/Motor2/Analysis/Vibration/fft
Prediction for batch 0Nm_BPFI_03:15 published to Enterprise/Site/Area/Motor2/Analysis/Diagnosis/prediction
-----------------------------------------
[Motor3] raw_latency_ms=566.074
[Motor3] EDGE UTC : 2026-08-11T13:05:06.861620+00:00
[Motor3] CLOUD UTC: 2026-08-11T13:05:07.427693+00:00
-------------
Batch 0Nm_BPFI_03:110 from Motor3 received. Processing...
FFT for batch 0Nm_BPFI_03:110 published to Enterprise/Site/Area/Motor3/Analysis/Vibration/fft
Prediction for batch 0Nm_BPFI_03:110 published to Enterprise/Site/Area/Motor3/Analysis/Diagnosis/prediction
-----------------------------------------
[Motor1] raw_latency_ms=465.987
[Motor1] EDGE UTC : 2026-08-11T13:05:07.735285+00:00
[Motor1] CLOUD UTC: 2026-08-11T13:05:08.201272+00:00
-------------
Batch 0Nm_BPFI_03:10 from Motor1 received. Processing...
FFT for batch 0Nm_BPFI_03:10 published to Enterprise/Site/Area/Motor1/Analysis/Vibration/fft
Prediction for batch 0Nm_BPFI_03:10 published to Enterprise/Site/Area/Motor1/Analysis/Diagnosis/prediction
-----------------------------------------
[Motor3] raw_latency_ms=444.723
[Motor3] EDGE UTC : 2026-08-11T13:05:07.864808+00:00
[Motor3] CLOUD UTC: 2026-08-11T13:05:08.309531+00:00
-------------
Batch 0Nm_BPFI_03:111 from Motor3 received. Processing...
FFT for batch 0Nm_BPFI_03:111 published to Enterprise/Site/Area/Motor3/Analysis/Vibration/fft
Prediction for batch 0Nm_BPFI_03:111 published to Enterprise/Site/Area/Motor3/Analysis/Diagnosis/prediction
-----------------------------------------
[Motor2] raw_latency_ms=663.475
[Motor2] EDGE UTC : 2026-08-11T13:05:07.762510+00:00
[Motor2] CLOUD UTC: 2026-08-11T13:05:08.425985+00:00
-------------
Batch 0Nm_BPFI_03:16 from Motor2 received. Processing...
FFT for batch 0Nm_BPFI_03:16 published to Enterprise/Site/Area/Motor2/Analysis/Vibration/fft
Prediction for batch 0Nm_BPFI_03:16 published to Enterprise/Site/Area/Motor2/Analysis/Diagnosis/prediction
-----------------------------------------
[Motor3] raw_latency_ms=304.716
[Motor3] EDGE UTC : 2026-08-11T13:05:08.870970+00:00
[Motor3] CLOUD UTC: 2026-08-11T13:05:09.175686+00:00
-------------
Batch 0Nm_BPFI_03:112 from Motor3 received. Processing...
FFT for batch 0Nm_BPFI_03:112 published to Enterprise/Site/Area/Motor3/Analysis/Vibration/fft
Prediction for batch 0Nm_BPFI_03:112 published to Enterprise/Site/Area/Motor3/Analysis/Diagnosis/prediction
-----------------------------------------
[Motor2] raw_latency_ms=501.303
[Motor2] EDGE UTC : 2026-08-11T13:05:08.781065+00:00
[Motor2] CLOUD UTC: 2026-08-11T13:05:09.282368+00:00
-------------
Batch 0Nm_BPFI_03:17 from Motor2 received. Processing...
FFT for batch 0Nm_BPFI_03:17 published to Enterprise/Site/Area/Motor2/Analysis/Vibration/fft
Prediction for batch 0Nm_BPFI_03:17 published to Enterprise/Site/Area/Motor2/Analysis/Diagnosis/prediction
-----------------------------------------
[Motor1] raw_latency_ms=614.952
[Motor1] EDGE UTC : 2026-08-11T13:05:08.779820+00:00
[Motor1] CLOUD UTC: 2026-08-11T13:05:09.394773+00:00
-------------
Batch 0Nm_BPFI_03:11 from Motor1 received. Processing...
FFT for batch 0Nm_BPFI_03:11 published to Enterprise/Site/Area/Motor1/Analysis/Vibration/fft
Prediction for batch 0Nm_BPFI_03:11 published to Enterprise/Site/Area/Motor1/Analysis/Diagnosis/prediction
-----------------------------------------
[Motor3] raw_latency_ms=401.152
[Motor3] EDGE UTC : 2026-08-11T13:05:09.876717+00:00
[Motor3] CLOUD UTC: 2026-08-11T13:05:10.277869+00:00
-------------
Batch 0Nm_BPFI_03:113 from Motor3 received. Processing...
FFT for batch 0Nm_BPFI_03:113 published to Enterprise/Site/Area/Motor3/Analysis/Vibration/fft
Prediction for batch 0Nm_BPFI_03:113 published to Enterprise/Site/Area/Motor3/Analysis/Diagnosis/prediction
-----------------------------------------
[Motor1] raw_latency_ms=632.501
[Motor1] EDGE UTC : 2026-08-11T13:05:09.823961+00:00
[Motor1] CLOUD UTC: 2026-08-11T13:05:10.456462+00:00
-------------
Batch 0Nm_BPFI_03:12 from Motor1 received. Processing...
FFT for batch 0Nm_BPFI_03:12 published to Enterprise/Site/Area/Motor1/Analysis/Vibration/fft
Prediction for batch 0Nm_BPFI_03:12 published to Enterprise/Site/Area/Motor1/Analysis/Diagnosis/prediction
-----------------------------------------
[Motor2] raw_latency_ms=832.321
[Motor2] EDGE UTC : 2026-08-11T13:05:09.799528+00:00
[Motor2] CLOUD UTC: 2026-08-11T13:05:10.631850+00:00
-------------
Batch 0Nm_BPFI_03:18 from Motor2 received. Processing...
FFT for batch 0Nm_BPFI_03:18 published to Enterprise/Site/Area/Motor2/Analysis/Vibration/fft
Prediction for batch 0Nm_BPFI_03:18 published to Enterprise/Site/Area/Motor2/Analysis/Diagnosis/prediction
-----------------------------------------
[Motor3] raw_latency_ms=319.725
[Motor3] EDGE UTC : 2026-08-11T13:05:10.880794+00:00
[Motor3] CLOUD UTC: 2026-08-11T13:05:11.200520+00:00
-------------
Batch 0Nm_BPFI_03:114 from Motor3 received. Processing...
FFT for batch 0Nm_BPFI_03:114 published to Enterprise/Site/Area/Motor3/Analysis/Vibration/fft
Prediction for batch 0Nm_BPFI_03:114 published to Enterprise/Site/Area/Motor3/Analysis/Diagnosis/prediction
-----------------------------------------
[Motor2] raw_latency_ms=522.804
[Motor2] EDGE UTC : 2026-08-11T13:05:10.845573+00:00
[Motor2] CLOUD UTC: 2026-08-11T13:05:11.368377+00:00
-------------
Batch 0Nm_BPFI_03:19 from Motor2 received. Processing...
FFT for batch 0Nm_BPFI_03:19 published to Enterprise/Site/Area/Motor2/Analysis/Vibration/fft
Prediction for batch 0Nm_BPFI_03:19 published to Enterprise/Site/Area/Motor2/Analysis/Diagnosis/prediction
-----------------------------------------
[Motor1] raw_latency_ms=673.757
[Motor1] EDGE UTC : 2026-08-11T13:05:10.867768+00:00
[Motor1] CLOUD UTC: 2026-08-11T13:05:11.541524+00:00
-------------
Batch 0Nm_BPFI_03:13 from Motor1 received. Processing...
FFT for batch 0Nm_BPFI_03:13 published to Enterprise/Site/Area/Motor1/Analysis/Vibration/fft
Prediction for batch 0Nm_BPFI_03:13 published to Enterprise/Site/Area/Motor1/Analysis/Diagnosis/prediction
-----------------------------------------
[Motor2] raw_latency_ms=522.532
[Motor2] EDGE UTC : 2026-08-11T13:05:11.896151+00:00
[Motor2] CLOUD UTC: 2026-08-11T13:05:12.418683+00:00
-------------
Batch 0Nm_BPFI_03:20 from Motor2 received. Processing...
FFT for batch 0Nm_BPFI_03:20 published to Enterprise/Site/Area/Motor2/Analysis/Vibration/fft
Prediction for batch 0Nm_BPFI_03:20 published to Enterprise/Site/Area/Motor2/Analysis/Diagnosis/prediction
-----------------------------------------
[Motor3] raw_latency_ms=694.096
[Motor3] EDGE UTC : 2026-08-11T13:05:11.892826+00:00
[Motor3] CLOUD UTC: 2026-08-11T13:05:12.586922+00:00
-------------
Batch 0Nm_BPFI_03:115 from Motor3 received. Processing...
FFT for batch 0Nm_BPFI_03:115 published to Enterprise/Site/Area/Motor3/Analysis/Vibration/fft
Prediction for batch 0Nm_BPFI_03:115 published to Enterprise/Site/Area/Motor3/Analysis/Diagnosis/prediction
-----------------------------------------
[Motor1] raw_latency_ms=849.426
[Motor1] EDGE UTC : 2026-08-11T13:05:11.913505+00:00
[Motor1] CLOUD UTC: 2026-08-11T13:05:12.762931+00:00
-------------
Batch 0Nm_BPFI_03:14 from Motor1 received. Processing...
FFT for batch 0Nm_BPFI_03:14 published to Enterprise/Site/Area/Motor1/Analysis/Vibration/fft
Prediction for batch 0Nm_BPFI_03:14 published to Enterprise/Site/Area/Motor1/Analysis/Diagnosis/prediction
-----------------------------------------
[Motor3] raw_latency_ms=481.621
[Motor3] EDGE UTC : 2026-08-11T13:05:12.898347+00:00
[Motor3] CLOUD UTC: 2026-08-11T13:05:13.379969+00:00
-------------
Batch 0Nm_BPFI_03:116 from Motor3 received. Processing...
FFT for batch 0Nm_BPFI_03:116 published to Enterprise/Site/Area/Motor3/Analysis/Vibration/fft
Prediction for batch 0Nm_BPFI_03:116 published to Enterprise/Site/Area/Motor3/Analysis/Diagnosis/prediction
-----------------------------------------
[Motor2] raw_latency_ms=633.710
[Motor2] EDGE UTC : 2026-08-11T13:05:12.944344+00:00
[Motor2] CLOUD UTC: 2026-08-11T13:05:13.578054+00:00
-------------
Batch 0Nm_BPFI_03:21 from Motor2 received. Processing...
FFT for batch 0Nm_BPFI_03:21 published to Enterprise/Site/Area/Motor2/Analysis/Vibration/fft
Prediction for batch 0Nm_BPFI_03:21 published to Enterprise/Site/Area/Motor2/Analysis/Diagnosis/prediction
-----------------------------------------
[Motor1] raw_latency_ms=789.821
[Motor1] EDGE UTC : 2026-08-11T13:05:12.959026+00:00
[Motor1] CLOUD UTC: 2026-08-11T13:05:13.748847+00:00
-------------
Batch 0Nm_BPFI_03:15 from Motor1 received. Processing...
FFT for batch 0Nm_BPFI_03:15 published to Enterprise/Site/Area/Motor1/Analysis/Vibration/fft
Prediction for batch 0Nm_BPFI_03:15 published to Enterprise/Site/Area/Motor1/Analysis/Diagnosis/prediction
-----------------------------------------
[Motor3] raw_latency_ms=450.449
[Motor3] EDGE UTC : 2026-08-11T13:05:13.904244+00:00
[Motor3] CLOUD UTC: 2026-08-11T13:05:14.354694+00:00
-------------
Batch 0Nm_BPFI_03:117 from Motor3 received. Processing...
FFT for batch 0Nm_BPFI_03:117 published to Enterprise/Site/Area/Motor3/Analysis/Vibration/fft
Prediction for batch 0Nm_BPFI_03:117 published to Enterprise/Site/Area/Motor3/Analysis/Diagnosis/prediction
-----------------------------------------
[Motor2] raw_latency_ms=479.072
[Motor2] EDGE UTC : 2026-08-11T13:05:13.985139+00:00
[Motor2] CLOUD UTC: 2026-08-11T13:05:14.464211+00:00
-------------
Batch 0Nm_BPFI_03:22 from Motor2 received. Processing...
FFT for batch 0Nm_BPFI_03:22 published to Enterprise/Site/Area/Motor2/Analysis/Vibration/fft
Prediction for batch 0Nm_BPFI_03:22 published to Enterprise/Site/Area/Motor2/Analysis/Diagnosis/prediction
-----------------------------------------
[Motor1] raw_latency_ms=616.624
[Motor1] EDGE UTC : 2026-08-11T13:05:13.998847+00:00
[Motor1] CLOUD UTC: 2026-08-11T13:05:14.615471+00:00
-------------
Batch 0Nm_BPFI_03:16 from Motor1 received. Processing...
FFT for batch 0Nm_BPFI_03:16 published to Enterprise/Site/Area/Motor1/Analysis/Vibration/fft
Prediction for batch 0Nm_BPFI_03:16 published to Enterprise/Site/Area/Motor1/Analysis/Diagnosis/prediction
-----------------------------------------
[Motor3] raw_latency_ms=432.966
[Motor3] EDGE UTC : 2026-08-11T13:05:14.910024+00:00
[Motor3] CLOUD UTC: 2026-08-11T13:05:15.342990+00:00
-------------
Batch 0Nm_BPFI_03:118 from Motor3 received. Processing...
FFT for batch 0Nm_BPFI_03:118 published to Enterprise/Site/Area/Motor3/Analysis/Vibration/fft
Prediction for batch 0Nm_BPFI_03:118 published to Enterprise/Site/Area/Motor3/Analysis/Diagnosis/prediction
-----------------------------------------
[Motor1] raw_latency_ms=413.563
[Motor1] EDGE UTC : 2026-08-11T13:05:15.037184+00:00
[Motor1] CLOUD UTC: 2026-08-11T13:05:15.450747+00:00
-------------
Batch 0Nm_BPFI_03:17 from Motor1 received. Processing...
FFT for batch 0Nm_BPFI_03:17 published to Enterprise/Site/Area/Motor1/Analysis/Vibration/fft
Prediction for batch 0Nm_BPFI_03:17 published to Enterprise/Site/Area/Motor1/Analysis/Diagnosis/prediction
-----------------------------------------
[Motor2] raw_latency_ms=530.772
[Motor2] EDGE UTC : 2026-08-11T13:05:15.036325+00:00
[Motor2] CLOUD UTC: 2026-08-11T13:05:15.567097+00:00
-------------
Batch 0Nm_BPFI_03:23 from Motor2 received. Processing...
FFT for batch 0Nm_BPFI_03:23 published to Enterprise/Site/Area/Motor2/Analysis/Vibration/fft
Prediction for batch 0Nm_BPFI_03:23 published to Enterprise/Site/Area/Motor2/Analysis/Diagnosis/prediction
-----------------------------------------
[Motor3] raw_latency_ms=468.340
[Motor3] EDGE UTC : 2026-08-11T13:05:15.913276+00:00
[Motor3] CLOUD UTC: 2026-08-11T13:05:16.381616+00:00
-------------
Batch 0Nm_BPFI_03:119 from Motor3 received. Processing...
FFT for batch 0Nm_BPFI_03:119 published to Enterprise/Site/Area/Motor3/Analysis/Vibration/fft
Prediction for batch 0Nm_BPFI_03:119 published to Enterprise/Site/Area/Motor3/Analysis/Diagnosis/prediction
-----------------------------------------
[Motor1] raw_latency_ms=418.825
[Motor1] EDGE UTC : 2026-08-11T13:05:16.075275+00:00
[Motor1] CLOUD UTC: 2026-08-11T13:05:16.494101+00:00
-------------
Batch 0Nm_BPFI_03:18 from Motor1 received. Processing...
FFT for batch 0Nm_BPFI_03:18 published to Enterprise/Site/Area/Motor1/Analysis/Vibration/fft
Prediction for batch 0Nm_BPFI_03:18 published to Enterprise/Site/Area/Motor1/Analysis/Diagnosis/prediction
-----------------------------------------
[Motor2] raw_latency_ms=527.660
[Motor2] EDGE UTC : 2026-08-11T13:05:16.084753+00:00
[Motor2] CLOUD UTC: 2026-08-11T13:05:16.612413+00:00
-------------
Batch 0Nm_BPFI_03:24 from Motor2 received. Processing...
FFT for batch 0Nm_BPFI_03:24 published to Enterprise/Site/Area/Motor2/Analysis/Vibration/fft
Prediction for batch 0Nm_BPFI_03:24 published to Enterprise/Site/Area/Motor2/Analysis/Diagnosis/prediction
-----------------------------------------
[Motor3] raw_latency_ms=478.554
[Motor3] EDGE UTC : 2026-08-11T13:05:16.944427+00:00
[Motor3] CLOUD UTC: 2026-08-11T13:05:17.422981+00:00
-------------
Batch 0Nm_BPFI_03:120 from Motor3 received. Processing...
FFT for batch 0Nm_BPFI_03:120 published to Enterprise/Site/Area/Motor3/Analysis/Vibration/fft
Prediction for batch 0Nm_BPFI_03:120 published to Enterprise/Site/Area/Motor3/Analysis/Diagnosis/prediction
-----------------------------------------
[Motor1] raw_latency_ms=420.912
[Motor1] EDGE UTC : 2026-08-11T13:05:17.113506+00:00
[Motor1] CLOUD UTC: 2026-08-11T13:05:17.534418+00:00
-------------
Batch 0Nm_BPFI_03:19 from Motor1 received. Processing...
FFT for batch 0Nm_BPFI_03:19 published to Enterprise/Site/Area/Motor1/Analysis/Vibration/fft
Prediction for batch 0Nm_BPFI_03:19 published to Enterprise/Site/Area/Motor1/Analysis/Diagnosis/prediction
-----------------------------------------
[Motor2] raw_latency_ms=520.624
[Motor2] EDGE UTC : 2026-08-11T13:05:17.128279+00:00
[Motor2] CLOUD UTC: 2026-08-11T13:05:17.648903+00:00
-------------
Batch 0Nm_BPFI_03:25 from Motor2 received. Processing...
FFT for batch 0Nm_BPFI_03:25 published to Enterprise/Site/Area/Motor2/Analysis/Vibration/fft
Prediction for batch 0Nm_BPFI_03:25 published to Enterprise/Site/Area/Motor2/Analysis/Diagnosis/prediction
-----------------------------------------
[Motor3] raw_latency_ms=487.001
[Motor3] EDGE UTC : 2026-08-11T13:05:17.949354+00:00
[Motor3] CLOUD UTC: 2026-08-11T13:05:18.436355+00:00
-------------
Batch 0Nm_BPFI_03:121 from Motor3 received. Processing...
FFT for batch 0Nm_BPFI_03:121 published to Enterprise/Site/Area/Motor3/Analysis/Vibration/fft
Prediction for batch 0Nm_BPFI_03:121 published to Enterprise/Site/Area/Motor3/Analysis/Diagnosis/prediction
-----------------------------------------
[Motor1] raw_latency_ms=396.037
[Motor1] EDGE UTC : 2026-08-11T13:05:18.151795+00:00
[Motor1] CLOUD UTC: 2026-08-11T13:05:18.547832+00:00
-------------
Batch 0Nm_BPFI_03:20 from Motor1 received. Processing...
FFT for batch 0Nm_BPFI_03:20 published to Enterprise/Site/Area/Motor1/Analysis/Vibration/fft
Prediction for batch 0Nm_BPFI_03:20 published to Enterprise/Site/Area/Motor1/Analysis/Diagnosis/prediction
-----------------------------------------
[Motor2] raw_latency_ms=486.275
[Motor2] EDGE UTC : 2026-08-11T13:05:18.175832+00:00
[Motor2] CLOUD UTC: 2026-08-11T13:05:18.662107+00:00
-------------
Batch 0Nm_BPFI_03:26 from Motor2 received. Processing...
FFT for batch 0Nm_BPFI_03:26 published to Enterprise/Site/Area/Motor2/Analysis/Vibration/fft
Prediction for batch 0Nm_BPFI_03:26 published to Enterprise/Site/Area/Motor2/Analysis/Diagnosis/prediction
-----------------------------------------
[Motor3] raw_latency_ms=472.466
[Motor3] EDGE UTC : 2026-08-11T13:05:18.955282+00:00
[Motor3] CLOUD UTC: 2026-08-11T13:05:19.427748+00:00
-------------
Batch 0Nm_BPFI_03:122 from Motor3 received. Processing...
FFT for batch 0Nm_BPFI_03:122 published to Enterprise/Site/Area/Motor3/Analysis/Vibration/fft
Prediction for batch 0Nm_BPFI_03:122 published to Enterprise/Site/Area/Motor3/Analysis/Diagnosis/prediction
-----------------------------------------
[Motor1] raw_latency_ms=379.532
[Motor1] EDGE UTC : 2026-08-11T13:05:19.190616+00:00
[Motor1] CLOUD UTC: 2026-08-11T13:05:19.570148+00:00
-------------
Batch 0Nm_BPFI_03:21 from Motor1 received. Processing...
FFT for batch 0Nm_BPFI_03:21 published to Enterprise/Site/Area/Motor1/Analysis/Vibration/fft
Prediction for batch 0Nm_BPFI_03:21 published to Enterprise/Site/Area/Motor1/Analysis/Diagnosis/prediction
-----------------------------------------
[Motor2] raw_latency_ms=460.238
[Motor2] EDGE UTC : 2026-08-11T13:05:19.223608+00:00
[Motor2] CLOUD UTC: 2026-08-11T13:05:19.683846+00:00
-------------
Batch 0Nm_BPFI_03:27 from Motor2 received. Processing...
FFT for batch 0Nm_BPFI_03:27 published to Enterprise/Site/Area/Motor2/Analysis/Vibration/fft
Prediction for batch 0Nm_BPFI_03:27 published to Enterprise/Site/Area/Motor2/Analysis/Diagnosis/prediction
-----------------------------------------
[Motor3] raw_latency_ms=471.434
[Motor3] EDGE UTC : 2026-08-11T13:05:19.962211+00:00
[Motor3] CLOUD UTC: 2026-08-11T13:05:20.433645+00:00
-------------
Batch 0Nm_BPFI_03:123 from Motor3 received. Processing...
FFT for batch 0Nm_BPFI_03:123 published to Enterprise/Site/Area/Motor3/Analysis/Vibration/fft
Prediction for batch 0Nm_BPFI_03:123 published to Enterprise/Site/Area/Motor3/Analysis/Diagnosis/prediction
-----------------------------------------
[Motor1] raw_latency_ms=408.156
[Motor1] EDGE UTC : 2026-08-11T13:05:20.234650+00:00
[Motor1] CLOUD UTC: 2026-08-11T13:05:20.642806+00:00
-------------
Batch 0Nm_BPFI_03:22 from Motor1 received. Processing...
FFT for batch 0Nm_BPFI_03:22 published to Enterprise/Site/Area/Motor1/Analysis/Vibration/fft
Prediction for batch 0Nm_BPFI_03:22 published to Enterprise/Site/Area/Motor1/Analysis/Diagnosis/prediction
-----------------------------------------
[Motor2] raw_latency_ms=483.383
[Motor2] EDGE UTC : 2026-08-11T13:05:20.272463+00:00
[Motor2] CLOUD UTC: 2026-08-11T13:05:20.755845+00:00
-------------
Batch 0Nm_BPFI_03:28 from Motor2 received. Processing...
FFT for batch 0Nm_BPFI_03:28 published to Enterprise/Site/Area/Motor2/Analysis/Vibration/fft
Prediction for batch 0Nm_BPFI_03:28 published to Enterprise/Site/Area/Motor2/Analysis/Diagnosis/prediction
-----------------------------------------
[Motor3] raw_latency_ms=372.880
[Motor3] EDGE UTC : 2026-08-11T13:05:20.967858+00:00
[Motor3] CLOUD UTC: 2026-08-11T13:05:21.340738+00:00
-------------
Batch 0Nm_BPFI_03:124 from Motor3 received. Processing...
FFT for batch 0Nm_BPFI_03:124 published to Enterprise/Site/Area/Motor3/Analysis/Vibration/fft
Prediction for batch 0Nm_BPFI_03:124 published to Enterprise/Site/Area/Motor3/Analysis/Diagnosis/prediction
-----------------------------------------
[Motor1] raw_latency_ms=377.869
[Motor1] EDGE UTC : 2026-08-11T13:05:21.279037+00:00
[Motor1] CLOUD UTC: 2026-08-11T13:05:21.656905+00:00
-------------
Batch 0Nm_BPFI_03:23 from Motor1 received. Processing...
FFT for batch 0Nm_BPFI_03:23 published to Enterprise/Site/Area/Motor1/Analysis/Vibration/fft
Prediction for batch 0Nm_BPFI_03:23 published to Enterprise/Site/Area/Motor1/Analysis/Diagnosis/prediction
-----------------------------------------
[Motor2] raw_latency_ms=449.008
[Motor2] EDGE UTC : 2026-08-11T13:05:21.320386+00:00
[Motor2] CLOUD UTC: 2026-08-11T13:05:21.769394+00:00
-------------
Batch 0Nm_BPFI_03:29 from Motor2 received. Processing...
FFT for batch 0Nm_BPFI_03:29 published to Enterprise/Site/Area/Motor2/Analysis/Vibration/fft
Prediction for batch 0Nm_BPFI_03:29 published to Enterprise/Site/Area/Motor2/Analysis/Diagnosis/prediction
-----------------------------------------
[Motor3] raw_latency_ms=502.361
[Motor3] EDGE UTC : 2026-08-11T13:05:21.975577+00:00
[Motor3] CLOUD UTC: 2026-08-11T13:05:22.477939+00:00
-------------
Batch 0Nm_BPFI_03:125 from Motor3 received. Processing...
FFT for batch 0Nm_BPFI_03:125 published to Enterprise/Site/Area/Motor3/Analysis/Vibration/fft
Prediction for batch 0Nm_BPFI_03:125 published to Enterprise/Site/Area/Motor3/Analysis/Diagnosis/prediction
-----------------------------------------
[Motor1] raw_latency_ms=375.311
[Motor1] EDGE UTC : 2026-08-11T13:05:22.323511+00:00
[Motor1] CLOUD UTC: 2026-08-11T13:05:22.698822+00:00
-------------
Batch 0Nm_BPFI_03:24 from Motor1 received. Processing...
FFT for batch 0Nm_BPFI_03:24 published to Enterprise/Site/Area/Motor1/Analysis/Vibration/fft
Prediction for batch 0Nm_BPFI_03:24 published to Enterprise/Site/Area/Motor1/Analysis/Diagnosis/prediction
-----------------------------------------
[Motor2] raw_latency_ms=443.025
[Motor2] EDGE UTC : 2026-08-11T13:05:22.368023+00:00
[Motor2] CLOUD UTC: 2026-08-11T13:05:22.811048+00:00
-------------
Batch 0Nm_BPFI_03:30 from Motor2 received. Processing...
FFT for batch 0Nm_BPFI_03:30 published to Enterprise/Site/Area/Motor2/Analysis/Vibration/fft
Prediction for batch 0Nm_BPFI_03:30 published to Enterprise/Site/Area/Motor2/Analysis/Diagnosis/prediction
-----------------------------------------
[Motor3] raw_latency_ms=390.144
[Motor3] EDGE UTC : 2026-08-11T13:05:22.983543+00:00
[Motor3] CLOUD UTC: 2026-08-11T13:05:23.373687+00:00
-------------
Batch 0Nm_BPFI_03:126 from Motor3 received. Processing...
FFT for batch 0Nm_BPFI_03:126 published to Enterprise/Site/Area/Motor3/Analysis/Vibration/fft
Prediction for batch 0Nm_BPFI_03:126 published to Enterprise/Site/Area/Motor3/Analysis/Diagnosis/prediction
-----------------------------------------
[Motor1] raw_latency_ms=379.262
[Motor1] EDGE UTC : 2026-08-11T13:05:23.367782+00:00
[Motor1] CLOUD UTC: 2026-08-11T13:05:23.747045+00:00
-------------
Batch 0Nm_BPFI_03:25 from Motor1 received. Processing...
FFT for batch 0Nm_BPFI_03:25 published to Enterprise/Site/Area/Motor1/Analysis/Vibration/fft
Prediction for batch 0Nm_BPFI_03:25 published to Enterprise/Site/Area/Motor1/Analysis/Diagnosis/prediction
-----------------------------------------
[Motor2] raw_latency_ms=408.298
[Motor2] EDGE UTC : 2026-08-11T13:05:23.451625+00:00
[Motor2] CLOUD UTC: 2026-08-11T13:05:23.859923+00:00
-------------
Batch 0Nm_BPFI_03:31 from Motor2 received. Processing...
FFT for batch 0Nm_BPFI_03:31 published to Enterprise/Site/Area/Motor2/Analysis/Vibration/fft
Prediction for batch 0Nm_BPFI_03:31 published to Enterprise/Site/Area/Motor2/Analysis/Diagnosis/prediction
-----------------------------------------
[Motor3] raw_latency_ms=463.651
[Motor3] EDGE UTC : 2026-08-11T13:05:23.987753+00:00
[Motor3] CLOUD UTC: 2026-08-11T13:05:24.451404+00:00
-------------
Batch 0Nm_BPFI_03:127 from Motor3 received. Processing...
FFT for batch 0Nm_BPFI_03:127 published to Enterprise/Site/Area/Motor3/Analysis/Vibration/fft
Prediction for batch 0Nm_BPFI_03:127 published to Enterprise/Site/Area/Motor3/Analysis/Diagnosis/prediction
-----------------------------------------
[Motor1] raw_latency_ms=471.262
[Motor1] EDGE UTC : 2026-08-11T13:05:24.411746+00:00
[Motor1] CLOUD UTC: 2026-08-11T13:05:24.883008+00:00
-------------
Batch 0Nm_BPFI_03:26 from Motor1 received. Processing...
FFT for batch 0Nm_BPFI_03:26 published to Enterprise/Site/Area/Motor1/Analysis/Vibration/fft
Prediction for batch 0Nm_BPFI_03:26 published to Enterprise/Site/Area/Motor1/Analysis/Diagnosis/prediction
-----------------------------------------
[Motor2] raw_latency_ms=547.597
[Motor2] EDGE UTC : 2026-08-11T13:05:24.503854+00:00
[Motor2] CLOUD UTC: 2026-08-11T13:05:25.051450+00:00
-------------
Batch 0Nm_BPFI_03:32 from Motor2 received. Processing...
FFT for batch 0Nm_BPFI_03:32 published to Enterprise/Site/Area/Motor2/Analysis/Vibration/fft
Prediction for batch 0Nm_BPFI_03:32 published to Enterprise/Site/Area/Motor2/Analysis/Diagnosis/prediction
-----------------------------------------
[Motor3] raw_latency_ms=421.722
[Motor3] EDGE UTC : 2026-08-11T13:05:24.991846+00:00
[Motor3] CLOUD UTC: 2026-08-11T13:05:25.413568+00:00
-------------
Batch 0Nm_BPFI_03:128 from Motor3 received. Processing...
FFT for batch 0Nm_BPFI_03:128 published to Enterprise/Site/Area/Motor3/Analysis/Vibration/fft
Prediction for batch 0Nm_BPFI_03:128 published to Enterprise/Site/Area/Motor3/Analysis/Diagnosis/prediction
-----------------------------------------
[Motor1] raw_latency_ms=376.342
[Motor1] EDGE UTC : 2026-08-11T13:05:25.455720+00:00
[Motor1] CLOUD UTC: 2026-08-11T13:05:25.832062+00:00
-------------
Batch 0Nm_BPFI_03:27 from Motor1 received. Processing...
FFT for batch 0Nm_BPFI_03:27 published to Enterprise/Site/Area/Motor1/Analysis/Vibration/fft
Prediction for batch 0Nm_BPFI_03:27 published to Enterprise/Site/Area/Motor1/Analysis/Diagnosis/prediction
-----------------------------------------
[Motor2] raw_latency_ms=454.232
[Motor2] EDGE UTC : 2026-08-11T13:05:25.551401+00:00
[Motor2] CLOUD UTC: 2026-08-11T13:05:26.005633+00:00
-------------
Batch 0Nm_BPFI_03:33 from Motor2 received. Processing...
FFT for batch 0Nm_BPFI_03:33 published to Enterprise/Site/Area/Motor2/Analysis/Vibration/fft
Prediction for batch 0Nm_BPFI_03:33 published to Enterprise/Site/Area/Motor2/Analysis/Diagnosis/prediction
-----------------------------------------
[Motor3] raw_latency_ms=372.031
[Motor3] EDGE UTC : 2026-08-11T13:05:25.995423+00:00
[Motor3] CLOUD UTC: 2026-08-11T13:05:26.367454+00:00
-------------
Batch 0Nm_BPFI_03:129 from Motor3 received. Processing...
FFT for batch 0Nm_BPFI_03:129 published to Enterprise/Site/Area/Motor3/Analysis/Vibration/fft
Prediction for batch 0Nm_BPFI_03:129 published to Enterprise/Site/Area/Motor3/Analysis/Diagnosis/prediction
-----------------------------------------
[Motor1] raw_latency_ms=364.089
[Motor1] EDGE UTC : 2026-08-11T13:05:26.494038+00:00
[Motor1] CLOUD UTC: 2026-08-11T13:05:26.858127+00:00
-------------
Batch 0Nm_BPFI_03:28 from Motor1 received. Processing...
FFT for batch 0Nm_BPFI_03:28 published to Enterprise/Site/Area/Motor1/Analysis/Vibration/fft
Prediction for batch 0Nm_BPFI_03:28 published to Enterprise/Site/Area/Motor1/Analysis/Diagnosis/prediction
-----------------------------------------
[Motor2] raw_latency_ms=456.491
[Motor2] EDGE UTC : 2026-08-11T13:05:26.603028+00:00
[Motor2] CLOUD UTC: 2026-08-11T13:05:27.059519+00:00
-------------
Batch 0Nm_BPFI_03:34 from Motor2 received. Processing...
FFT for batch 0Nm_BPFI_03:34 published to Enterprise/Site/Area/Motor2/Analysis/Vibration/fft
Prediction for batch 0Nm_BPFI_03:34 published to Enterprise/Site/Area/Motor2/Analysis/Diagnosis/prediction
-----------------------------------------
[Motor3] raw_latency_ms=371.618
[Motor3] EDGE UTC : 2026-08-11T13:05:26.998791+00:00
[Motor3] CLOUD UTC: 2026-08-11T13:05:27.370409+00:00
-------------
Batch 0Nm_BPFI_03:130 from Motor3 received. Processing...
FFT for batch 0Nm_BPFI_03:130 published to Enterprise/Site/Area/Motor3/Analysis/Vibration/fft
Prediction for batch 0Nm_BPFI_03:130 published to Enterprise/Site/Area/Motor3/Analysis/Diagnosis/prediction
-----------------------------------------
[Motor1] raw_latency_ms=475.509
[Motor1] EDGE UTC : 2026-08-11T13:05:27.532369+00:00
[Motor1] CLOUD UTC: 2026-08-11T13:05:28.007877+00:00
-------------
Batch 0Nm_BPFI_03:29 from Motor1 received. Processing...
FFT for batch 0Nm_BPFI_03:29 published to Enterprise/Site/Area/Motor1/Analysis/Vibration/fft
Prediction for batch 0Nm_BPFI_03:29 published to Enterprise/Site/Area/Motor1/Analysis/Diagnosis/prediction
-----------------------------------------
[Motor2] raw_latency_ms=563.747
[Motor2] EDGE UTC : 2026-08-11T13:05:27.652962+00:00
[Motor2] CLOUD UTC: 2026-08-11T13:05:28.216709+00:00
-------------
Batch 0Nm_BPFI_03:35 from Motor2 received. Processing...
FFT for batch 0Nm_BPFI_03:35 published to Enterprise/Site/Area/Motor2/Analysis/Vibration/fft
Prediction for batch 0Nm_BPFI_03:35 published to Enterprise/Site/Area/Motor2/Analysis/Diagnosis/prediction
-----------------------------------------
[Motor3] raw_latency_ms=370.525
[Motor3] EDGE UTC : 2026-08-11T13:05:28.003762+00:00
[Motor3] CLOUD UTC: 2026-08-11T13:05:28.374287+00:00
-------------
Batch 0Nm_BPFI_03:131 from Motor3 received. Processing...
FFT for batch 0Nm_BPFI_03:131 published to Enterprise/Site/Area/Motor3/Analysis/Vibration/fft
Prediction for batch 0Nm_BPFI_03:131 published to Enterprise/Site/Area/Motor3/Analysis/Diagnosis/prediction
-----------------------------------------
[Motor1] raw_latency_ms=494.500
[Motor1] EDGE UTC : 2026-08-11T13:05:28.570448+00:00
[Motor1] CLOUD UTC: 2026-08-11T13:05:29.064948+00:00
-------------
Batch 0Nm_BPFI_03:30 from Motor1 received. Processing...
FFT for batch 0Nm_BPFI_03:30 published to Enterprise/Site/Area/Motor1/Analysis/Vibration/fft
Prediction for batch 0Nm_BPFI_03:30 published to Enterprise/Site/Area/Motor1/Analysis/Diagnosis/prediction
-----------------------------------------
[Motor2] raw_latency_ms=471.339
[Motor2] EDGE UTC : 2026-08-11T13:05:28.704283+00:00
[Motor2] CLOUD UTC: 2026-08-11T13:05:29.175622+00:00
-------------
Batch 0Nm_BPFI_03:36 from Motor2 received. Processing...
FFT for batch 0Nm_BPFI_03:36 published to Enterprise/Site/Area/Motor2/Analysis/Vibration/fft
Prediction for batch 0Nm_BPFI_03:36 published to Enterprise/Site/Area/Motor2/Analysis/Diagnosis/prediction
-----------------------------------------
[Motor3] raw_latency_ms=370.251
[Motor3] EDGE UTC : 2026-08-11T13:05:29.007587+00:00
[Motor3] CLOUD UTC: 2026-08-11T13:05:29.377838+00:00
-------------
Batch 0Nm_BPFI_03:132 from Motor3 received. Processing...
FFT for batch 0Nm_BPFI_03:132 published to Enterprise/Site/Area/Motor3/Analysis/Vibration/fft
Prediction for batch 0Nm_BPFI_03:132 published to Enterprise/Site/Area/Motor3/Analysis/Diagnosis/prediction
-----------------------------------------
[Motor1] raw_latency_ms=367.975
[Motor1] EDGE UTC : 2026-08-11T13:05:29.608660+00:00
[Motor1] CLOUD UTC: 2026-08-11T13:05:29.976635+00:00
-------------
Batch 0Nm_BPFI_03:31 from Motor1 received. Processing...
FFT for batch 0Nm_BPFI_03:31 published to Enterprise/Site/Area/Motor1/Analysis/Vibration/fft
Prediction for batch 0Nm_BPFI_03:31 published to Enterprise/Site/Area/Motor1/Analysis/Diagnosis/prediction
-----------------------------------------
[Motor2] raw_latency_ms=388.967
[Motor2] EDGE UTC : 2026-08-11T13:05:29.722995+00:00
[Motor2] CLOUD UTC: 2026-08-11T13:05:30.111961+00:00
-------------
Batch 0Nm_BPFI_03:37 from Motor2 received. Processing...
FFT for batch 0Nm_BPFI_03:37 published to Enterprise/Site/Area/Motor2/Analysis/Vibration/fft
Prediction for batch 0Nm_BPFI_03:37 published to Enterprise/Site/Area/Motor2/Analysis/Diagnosis/prediction
-----------------------------------------
[Motor1] raw_latency_ms=559.235
[Motor1] EDGE UTC : 2026-08-11T13:05:30.647046+00:00
[Motor1] CLOUD UTC: 2026-08-11T13:05:31.206281+00:00
-------------
Batch 0Nm_BPFI_03:32 from Motor1 received. Processing...
FFT for batch 0Nm_BPFI_03:32 published to Enterprise/Site/Area/Motor1/Analysis/Vibration/fft
Prediction for batch 0Nm_BPFI_03:32 published to Enterprise/Site/Area/Motor1/Analysis/Diagnosis/prediction
-----------------------------------------
[Motor2] raw_latency_ms=570.840
[Motor2] EDGE UTC : 2026-08-11T13:05:30.741231+00:00
[Motor2] CLOUD UTC: 2026-08-11T13:05:31.312071+00:00
-------------
Batch 0Nm_BPFI_03:38 from Motor2 received. Processing...
FFT for batch 0Nm_BPFI_03:38 published to Enterprise/Site/Area/Motor2/Analysis/Vibration/fft
Prediction for batch 0Nm_BPFI_03:38 published to Enterprise/Site/Area/Motor2/Analysis/Diagnosis/prediction
-----------------------------------------
[Motor1] raw_latency_ms=479.309
[Motor1] EDGE UTC : 2026-08-11T13:05:31.685180+00:00
[Motor1] CLOUD UTC: 2026-08-11T13:05:32.164489+00:00
-------------
Batch 0Nm_BPFI_03:33 from Motor1 received. Processing...
FFT for batch 0Nm_BPFI_03:33 published to Enterprise/Site/Area/Motor1/Analysis/Vibration/fft
Prediction for batch 0Nm_BPFI_03:33 published to Enterprise/Site/Area/Motor1/Analysis/Diagnosis/prediction
-----------------------------------------
[Motor2] raw_latency_ms=511.658
[Motor2] EDGE UTC : 2026-08-11T13:05:31.759725+00:00
[Motor2] CLOUD UTC: 2026-08-11T13:05:32.271383+00:00
-------------
Batch 0Nm_BPFI_03:39 from Motor2 received. Processing...
FFT for batch 0Nm_BPFI_03:39 published to Enterprise/Site/Area/Motor2/Analysis/Vibration/fft
Prediction for batch 0Nm_BPFI_03:39 published to Enterprise/Site/Area/Motor2/Analysis/Diagnosis/prediction
-----------------------------------------
[Motor1] raw_latency_ms=471.954
[Motor1] EDGE UTC : 2026-08-11T13:05:32.729342+00:00
[Motor1] CLOUD UTC: 2026-08-11T13:05:33.201296+00:00
-------------
Batch 0Nm_BPFI_03:34 from Motor1 received. Processing...
FFT for batch 0Nm_BPFI_03:34 published to Enterprise/Site/Area/Motor1/Analysis/Vibration/fft
Prediction for batch 0Nm_BPFI_03:34 published to Enterprise/Site/Area/Motor1/Analysis/Diagnosis/prediction
-----------------------------------------
[Motor2] raw_latency_ms=530.442
[Motor2] EDGE UTC : 2026-08-11T13:05:32.778346+00:00
[Motor2] CLOUD UTC: 2026-08-11T13:05:33.308788+00:00
-------------
Batch 0Nm_BPFI_03:40 from Motor2 received. Processing...
FFT for batch 0Nm_BPFI_03:40 published to Enterprise/Site/Area/Motor2/Analysis/Vibration/fft
Prediction for batch 0Nm_BPFI_03:40 published to Enterprise/Site/Area/Motor2/Analysis/Diagnosis/prediction
-----------------------------------------
[Motor1] raw_latency_ms=469.047
[Motor1] EDGE UTC : 2026-08-11T13:05:33.773659+00:00
[Motor1] CLOUD UTC: 2026-08-11T13:05:34.242706+00:00
-------------
Batch 0Nm_BPFI_03:35 from Motor1 received. Processing...
FFT for batch 0Nm_BPFI_03:35 published to Enterprise/Site/Area/Motor1/Analysis/Vibration/fft
Prediction for batch 0Nm_BPFI_03:35 published to Enterprise/Site/Area/Motor1/Analysis/Diagnosis/prediction
-----------------------------------------
[Motor2] raw_latency_ms=581.393
[Motor2] EDGE UTC : 2026-08-11T13:05:33.829105+00:00
[Motor2] CLOUD UTC: 2026-08-11T13:05:34.410497+00:00
-------------
Batch 0Nm_BPFI_03:41 from Motor2 received. Processing...
FFT for batch 0Nm_BPFI_03:41 published to Enterprise/Site/Area/Motor2/Analysis/Vibration/fft
Prediction for batch 0Nm_BPFI_03:41 published to Enterprise/Site/Area/Motor2/Analysis/Diagnosis/prediction
-----------------------------------------
[Motor1] raw_latency_ms=473.410
[Motor1] EDGE UTC : 2026-08-11T13:05:34.817762+00:00
[Motor1] CLOUD UTC: 2026-08-11T13:05:35.291173+00:00
-------------
Batch 0Nm_BPFI_03:36 from Motor1 received. Processing...
FFT for batch 0Nm_BPFI_03:36 published to Enterprise/Site/Area/Motor1/Analysis/Vibration/fft
Prediction for batch 0Nm_BPFI_03:36 published to Enterprise/Site/Area/Motor1/Analysis/Diagnosis/prediction
-----------------------------------------
[Motor2] raw_latency_ms=523.201
[Motor2] EDGE UTC : 2026-08-11T13:05:34.875230+00:00
[Motor2] CLOUD UTC: 2026-08-11T13:05:35.398431+00:00
-------------
Batch 0Nm_BPFI_03:42 from Motor2 received. Processing...
FFT for batch 0Nm_BPFI_03:42 published to Enterprise/Site/Area/Motor2/Analysis/Vibration/fft
Prediction for batch 0Nm_BPFI_03:42 published to Enterprise/Site/Area/Motor2/Analysis/Diagnosis/prediction
-----------------------------------------
[Motor1] raw_latency_ms=473.291
[Motor1] EDGE UTC : 2026-08-11T13:05:35.861990+00:00
[Motor1] CLOUD UTC: 2026-08-11T13:05:36.335281+00:00
-------------
Batch 0Nm_BPFI_03:37 from Motor1 received. Processing...
FFT for batch 0Nm_BPFI_03:37 published to Enterprise/Site/Area/Motor1/Analysis/Vibration/fft
Prediction for batch 0Nm_BPFI_03:37 published to Enterprise/Site/Area/Motor1/Analysis/Diagnosis/prediction
-----------------------------------------
[Motor2] raw_latency_ms=517.104
[Motor2] EDGE UTC : 2026-08-11T13:05:35.927022+00:00
[Motor2] CLOUD UTC: 2026-08-11T13:05:36.444127+00:00
-------------
Batch 0Nm_BPFI_03:43 from Motor2 received. Processing...
FFT for batch 0Nm_BPFI_03:43 published to Enterprise/Site/Area/Motor2/Analysis/Vibration/fft
Prediction for batch 0Nm_BPFI_03:43 published to Enterprise/Site/Area/Motor2/Analysis/Diagnosis/prediction
-----------------------------------------
[Motor1] raw_latency_ms=474.794
[Motor1] EDGE UTC : 2026-08-11T13:05:36.906837+00:00
[Motor1] CLOUD UTC: 2026-08-11T13:05:37.381630+00:00
-------------
Batch 0Nm_BPFI_03:38 from Motor1 received. Processing...
FFT for batch 0Nm_BPFI_03:38 published to Enterprise/Site/Area/Motor1/Analysis/Vibration/fft
Prediction for batch 0Nm_BPFI_03:38 published to Enterprise/Site/Area/Motor1/Analysis/Diagnosis/prediction
-----------------------------------------
[Motor2] raw_latency_ms=514.591
[Motor2] EDGE UTC : 2026-08-11T13:05:36.975522+00:00
[Motor2] CLOUD UTC: 2026-08-11T13:05:37.490113+00:00
-------------
Batch 0Nm_BPFI_03:44 from Motor2 received. Processing...
FFT for batch 0Nm_BPFI_03:44 published to Enterprise/Site/Area/Motor2/Analysis/Vibration/fft
Prediction for batch 0Nm_BPFI_03:44 published to Enterprise/Site/Area/Motor2/Analysis/Diagnosis/prediction
-----------------------------------------
[Motor1] raw_latency_ms=572.588
[Motor1] EDGE UTC : 2026-08-11T13:05:37.951031+00:00
[Motor1] CLOUD UTC: 2026-08-11T13:05:38.523618+00:00
-------------
Batch 0Nm_BPFI_03:39 from Motor1 received. Processing...
FFT for batch 0Nm_BPFI_03:39 published to Enterprise/Site/Area/Motor1/Analysis/Vibration/fft
Prediction for batch 0Nm_BPFI_03:39 published to Enterprise/Site/Area/Motor1/Analysis/Diagnosis/prediction
-----------------------------------------
[Motor2] raw_latency_ms=709.677
[Motor2] EDGE UTC : 2026-08-11T13:05:38.027013+00:00
[Motor2] CLOUD UTC: 2026-08-11T13:05:38.736690+00:00
-------------
Batch 0Nm_BPFI_03:45 from Motor2 received. Processing...
FFT for batch 0Nm_BPFI_03:45 published to Enterprise/Site/Area/Motor2/Analysis/Vibration/fft
Prediction for batch 0Nm_BPFI_03:45 published to Enterprise/Site/Area/Motor2/Analysis/Diagnosis/prediction
-----------------------------------------
[Motor1] raw_latency_ms=460.883
[Motor1] EDGE UTC : 2026-08-11T13:05:38.994947+00:00
[Motor1] CLOUD UTC: 2026-08-11T13:05:39.455830+00:00
-------------
Batch 0Nm_BPFI_03:40 from Motor1 received. Processing...
FFT for batch 0Nm_BPFI_03:40 published to Enterprise/Site/Area/Motor1/Analysis/Vibration/fft
Prediction for batch 0Nm_BPFI_03:40 published to Enterprise/Site/Area/Motor1/Analysis/Diagnosis/prediction
-----------------------------------------
[Motor2] raw_latency_ms=553.417
[Motor2] EDGE UTC : 2026-08-11T13:05:39.074702+00:00
[Motor2] CLOUD UTC: 2026-08-11T13:05:39.628119+00:00
-------------
Batch 0Nm_BPFI_03:46 from Motor2 received. Processing...
FFT for batch 0Nm_BPFI_03:46 published to Enterprise/Site/Area/Motor2/Analysis/Vibration/fft
Prediction for batch 0Nm_BPFI_03:46 published to Enterprise/Site/Area/Motor2/Analysis/Diagnosis/prediction
-----------------------------------------
[Motor1] raw_latency_ms=474.616
[Motor1] EDGE UTC : 2026-08-11T13:05:40.039194+00:00
[Motor1] CLOUD UTC: 2026-08-11T13:05:40.513809+00:00
-------------
Batch 0Nm_BPFI_03:41 from Motor1 received. Processing...
FFT for batch 0Nm_BPFI_03:41 published to Enterprise/Site/Area/Motor1/Analysis/Vibration/fft
Prediction for batch 0Nm_BPFI_03:41 published to Enterprise/Site/Area/Motor1/Analysis/Diagnosis/prediction
-----------------------------------------
[Motor2] raw_latency_ms=585.829
[Motor2] EDGE UTC : 2026-08-11T13:05:40.096084+00:00
[Motor2] CLOUD UTC: 2026-08-11T13:05:40.681913+00:00
-------------
Batch 0Nm_BPFI_03:47 from Motor2 received. Processing...
FFT for batch 0Nm_BPFI_03:47 published to Enterprise/Site/Area/Motor2/Analysis/Vibration/fft
Prediction for batch 0Nm_BPFI_03:47 published to Enterprise/Site/Area/Motor2/Analysis/Diagnosis/prediction
-----------------------------------------
[Motor1] raw_latency_ms=473.727
[Motor1] EDGE UTC : 2026-08-11T13:05:41.083612+00:00
[Motor1] CLOUD UTC: 2026-08-11T13:05:41.557339+00:00
-------------
Batch 0Nm_BPFI_03:42 from Motor1 received. Processing...
FFT for batch 0Nm_BPFI_03:42 published to Enterprise/Site/Area/Motor1/Analysis/Vibration/fft
Prediction for batch 0Nm_BPFI_03:42 published to Enterprise/Site/Area/Motor1/Analysis/Diagnosis/prediction
-----------------------------------------
[Motor2] raw_latency_ms=621.364
[Motor2] EDGE UTC : 2026-08-11T13:05:41.114601+00:00
[Motor2] CLOUD UTC: 2026-08-11T13:05:41.735965+00:00
-------------
Batch 0Nm_BPFI_03:48 from Motor2 received. Processing...
FFT for batch 0Nm_BPFI_03:48 published to Enterprise/Site/Area/Motor2/Analysis/Vibration/fft
Prediction for batch 0Nm_BPFI_03:48 published to Enterprise/Site/Area/Motor2/Analysis/Diagnosis/prediction
-----------------------------------------
[Motor1] raw_latency_ms=473.692
[Motor1] EDGE UTC : 2026-08-11T13:05:42.128057+00:00
[Motor1] CLOUD UTC: 2026-08-11T13:05:42.601749+00:00
-------------
Batch 0Nm_BPFI_03:43 from Motor1 received. Processing...
FFT for batch 0Nm_BPFI_03:43 published to Enterprise/Site/Area/Motor1/Analysis/Vibration/fft
Prediction for batch 0Nm_BPFI_03:43 published to Enterprise/Site/Area/Motor1/Analysis/Diagnosis/prediction
-----------------------------------------
[Motor2] raw_latency_ms=579.539
[Motor2] EDGE UTC : 2026-08-11T13:05:42.133074+00:00
[Motor2] CLOUD UTC: 2026-08-11T13:05:42.712613+00:00
-------------
Batch 0Nm_BPFI_03:49 from Motor2 received. Processing...
FFT for batch 0Nm_BPFI_03:49 published to Enterprise/Site/Area/Motor2/Analysis/Vibration/fft
Prediction for batch 0Nm_BPFI_03:49 published to Enterprise/Site/Area/Motor2/Analysis/Diagnosis/prediction
-----------------------------------------
[Motor2] raw_latency_ms=459.975
[Motor2] EDGE UTC : 2026-08-11T13:05:43.151583+00:00
[Motor2] CLOUD UTC: 2026-08-11T13:05:43.611558+00:00
-------------
Batch 0Nm_BPFI_03:50 from Motor2 received. Processing...
FFT for batch 0Nm_BPFI_03:50 published to Enterprise/Site/Area/Motor2/Analysis/Vibration/fft
Prediction for batch 0Nm_BPFI_03:50 published to Enterprise/Site/Area/Motor2/Analysis/Diagnosis/prediction
-----------------------------------------
[Motor2] raw_latency_ms=578.071
[Motor2] EDGE UTC : 2026-08-11T13:05:44.201735+00:00
[Motor2] CLOUD UTC: 2026-08-11T13:05:44.779806+00:00
-------------
Batch 0Nm_BPFI_03:51 from Motor2 received. Processing...
FFT for batch 0Nm_BPFI_03:51 published to Enterprise/Site/Area/Motor2/Analysis/Vibration/fft
Prediction for batch 0Nm_BPFI_03:51 published to Enterprise/Site/Area/Motor2/Analysis/Diagnosis/prediction
-----------------------------------------
[Motor2] raw_latency_ms=559.650
[Motor2] EDGE UTC : 2026-08-11T13:05:45.244928+00:00
[Motor2] CLOUD UTC: 2026-08-11T13:05:45.804578+00:00
-------------
Batch 0Nm_BPFI_03:52 from Motor2 received. Processing...
FFT for batch 0Nm_BPFI_03:52 published to Enterprise/Site/Area/Motor2/Analysis/Vibration/fft
Prediction for batch 0Nm_BPFI_03:52 published to Enterprise/Site/Area/Motor2/Analysis/Diagnosis/prediction
-----------------------------------------
