/tmp/ipykernel_636/1434080408.py:103: DeprecationWarning: Callback API version 1 is deprecated, update to latest version
  client = mqtt.Client(client_id=f"vibration_diagnosis_{DEVICE_FILTER or 'all'}", clean_session=True)
Streaming output truncated to the last 5000 lines.
[Motor8] EDGE UTC : 2026-08-12T01:17:48.686752+00:00
[Motor8] CLOUD UTC: 2026-08-12T01:17:50.852263+00:00
-------------
Batch 0Nm_BPFI_03:29 from Motor8 received. Processing...
FFT for batch 0Nm_BPFI_03:29 published to Enterprise/Site/Area/Motor8/Analysis/Vibration/fft
Prediction for batch 0Nm_BPFI_03:29 published to Enterprise/Site/Area/Motor8/Analysis/Diagnosis/prediction
-----------------------------------------
[Motor3] raw_latency_ms=2371.505
[Motor3] EDGE UTC : 2026-08-12T01:17:48.655894+00:00
[Motor3] CLOUD UTC: 2026-08-12T01:17:51.027399+00:00
-------------
Batch 0Nm_BPFI_03:142 from Motor3 received. Processing...
FFT for batch 0Nm_BPFI_03:142 published to Enterprise/Site/Area/Motor3/Analysis/Vibration/fft
Prediction for batch 0Nm_BPFI_03:142 published to Enterprise/Site/Area/Motor3/Analysis/Diagnosis/prediction
-----------------------------------------
[Motor9] raw_latency_ms=2334.012
[Motor9] EDGE UTC : 2026-08-12T01:17:48.865743+00:00
[Motor9] CLOUD UTC: 2026-08-12T01:17:51.199754+00:00
-------------
Batch 0Nm_BPFI_03:12 from Motor9 received. Processing...
FFT for batch 0Nm_BPFI_03:12 published to Enterprise/Site/Area/Motor9/Analysis/Vibration/fft
Prediction for batch 0Nm_BPFI_03:12 published to Enterprise/Site/Area/Motor9/Analysis/Diagnosis/prediction
-----------------------------------------
[Motor5] raw_latency_ms=2372.465
[Motor5] EDGE UTC : 2026-08-12T01:17:49.019023+00:00
[Motor5] CLOUD UTC: 2026-08-12T01:17:51.391489+00:00
-------------
Batch 0Nm_BPFI_03:94 from Motor5 received. Processing...
FFT for batch 0Nm_BPFI_03:94 published to Enterprise/Site/Area/Motor5/Analysis/Vibration/fft
Prediction for batch 0Nm_BPFI_03:94 published to Enterprise/Site/Area/Motor5/Analysis/Diagnosis/prediction
-----------------------------------------
[Motor4] raw_latency_ms=2559.689
[Motor4] EDGE UTC : 2026-08-12T01:17:49.025339+00:00
[Motor4] CLOUD UTC: 2026-08-12T01:17:51.585028+00:00
-------------
Batch 0Nm_BPFI_03:112 from Motor4 received. Processing...
FFT for batch 0Nm_BPFI_03:112 published to Enterprise/Site/Area/Motor4/Analysis/Vibration/fft
Prediction for batch 0Nm_BPFI_03:112 published to Enterprise/Site/Area/Motor4/Analysis/Diagnosis/prediction
-----------------------------------------
[Motor7] raw_latency_ms=2449.484
[Motor7] EDGE UTC : 2026-08-12T01:17:49.318454+00:00
[Motor7] CLOUD UTC: 2026-08-12T01:17:51.767938+00:00
-------------
Batch 0Nm_BPFI_03:50 from Motor7 received. Processing...
FFT for batch 0Nm_BPFI_03:50 published to Enterprise/Site/Area/Motor7/Analysis/Vibration/fft
Prediction for batch 0Nm_BPFI_03:50 published to Enterprise/Site/Area/Motor7/Analysis/Diagnosis/prediction
-----------------------------------------
[Motor6] raw_latency_ms=2726.978
[Motor6] EDGE UTC : 2026-08-12T01:17:49.251078+00:00
[Motor6] CLOUD UTC: 2026-08-12T01:17:51.978057+00:00
-------------
Batch 0Nm_BPFI_03:78 from Motor6 received. Processing...
FFT for batch 0Nm_BPFI_03:78 published to Enterprise/Site/Area/Motor6/Analysis/Vibration/fft
Prediction for batch 0Nm_BPFI_03:78 published to Enterprise/Site/Area/Motor6/Analysis/Diagnosis/prediction
-----------------------------------------
[Motor1] raw_latency_ms=2809.051
[Motor1] EDGE UTC : 2026-08-12T01:17:49.336111+00:00
[Motor1] CLOUD UTC: 2026-08-12T01:17:52.145162+00:00
-------------
Batch 0Nm_BPFI_03:174 from Motor1 received. Processing...
FFT for batch 0Nm_BPFI_03:174 published to Enterprise/Site/Area/Motor1/Analysis/Vibration/fft
Prediction for batch 0Nm_BPFI_03:174 published to Enterprise/Site/Area/Motor1/Analysis/Diagnosis/prediction
-----------------------------------------
[Motor2] raw_latency_ms=2781.290
[Motor2] EDGE UTC : 2026-08-12T01:17:49.542308+00:00
[Motor2] CLOUD UTC: 2026-08-12T01:17:52.323598+00:00
-------------
Batch 0Nm_BPFI_03:158 from Motor2 received. Processing...
FFT for batch 0Nm_BPFI_03:158 published to Enterprise/Site/Area/Motor2/Analysis/Vibration/fft
Prediction for batch 0Nm_BPFI_03:158 published to Enterprise/Site/Area/Motor2/Analysis/Diagnosis/prediction
-----------------------------------------
[Motor3] raw_latency_ms=2837.654
[Motor3] EDGE UTC : 2026-08-12T01:17:49.662779+00:00
[Motor3] CLOUD UTC: 2026-08-12T01:17:52.500433+00:00
-------------
Batch 0Nm_BPFI_03:143 from Motor3 received. Processing...
FFT for batch 0Nm_BPFI_03:143 published to Enterprise/Site/Area/Motor3/Analysis/Vibration/fft
Prediction for batch 0Nm_BPFI_03:143 published to Enterprise/Site/Area/Motor3/Analysis/Diagnosis/prediction
-----------------------------------------
[Motor8] raw_latency_ms=2983.200
[Motor8] EDGE UTC : 2026-08-12T01:17:49.705755+00:00
[Motor8] CLOUD UTC: 2026-08-12T01:17:52.688955+00:00
-------------
Batch 0Nm_BPFI_03:30 from Motor8 received. Processing...
FFT for batch 0Nm_BPFI_03:30 published to Enterprise/Site/Area/Motor8/Analysis/Vibration/fft
Prediction for batch 0Nm_BPFI_03:30 published to Enterprise/Site/Area/Motor8/Analysis/Diagnosis/prediction
-----------------------------------------
[Motor9] raw_latency_ms=3006.872
[Motor9] EDGE UTC : 2026-08-12T01:17:49.871855+00:00
[Motor9] CLOUD UTC: 2026-08-12T01:17:52.878726+00:00
-------------
Batch 0Nm_BPFI_03:13 from Motor9 received. Processing...
FFT for batch 0Nm_BPFI_03:13 published to Enterprise/Site/Area/Motor9/Analysis/Vibration/fft
Prediction for batch 0Nm_BPFI_03:13 published to Enterprise/Site/Area/Motor9/Analysis/Diagnosis/prediction
-----------------------------------------
[Motor5] raw_latency_ms=3003.834
[Motor5] EDGE UTC : 2026-08-12T01:17:50.040962+00:00
[Motor5] CLOUD UTC: 2026-08-12T01:17:53.044796+00:00
-------------
Batch 0Nm_BPFI_03:95 from Motor5 received. Processing...
FFT for batch 0Nm_BPFI_03:95 published to Enterprise/Site/Area/Motor5/Analysis/Vibration/fft
Prediction for batch 0Nm_BPFI_03:95 published to Enterprise/Site/Area/Motor5/Analysis/Diagnosis/prediction
-----------------------------------------
[Motor4] raw_latency_ms=3145.609
[Motor4] EDGE UTC : 2026-08-12T01:17:50.058401+00:00
[Motor4] CLOUD UTC: 2026-08-12T01:17:53.204010+00:00
-------------
Batch 0Nm_BPFI_03:113 from Motor4 received. Processing...
FFT for batch 0Nm_BPFI_03:113 published to Enterprise/Site/Area/Motor4/Analysis/Vibration/fft
Prediction for batch 0Nm_BPFI_03:113 published to Enterprise/Site/Area/Motor4/Analysis/Diagnosis/prediction
-----------------------------------------
[Motor6] raw_latency_ms=3149.954
[Motor6] EDGE UTC : 2026-08-12T01:17:50.257900+00:00
[Motor6] CLOUD UTC: 2026-08-12T01:17:53.407854+00:00
-------------
Batch 0Nm_BPFI_03:79 from Motor6 received. Processing...
FFT for batch 0Nm_BPFI_03:79 published to Enterprise/Site/Area/Motor6/Analysis/Vibration/fft
Prediction for batch 0Nm_BPFI_03:79 published to Enterprise/Site/Area/Motor6/Analysis/Diagnosis/prediction
-----------------------------------------
[Motor1] raw_latency_ms=3244.256
[Motor1] EDGE UTC : 2026-08-12T01:17:50.369338+00:00
[Motor1] CLOUD UTC: 2026-08-12T01:17:53.613593+00:00
-------------
Batch 0Nm_BPFI_03:175 from Motor1 received. Processing...
FFT for batch 0Nm_BPFI_03:175 published to Enterprise/Site/Area/Motor1/Analysis/Vibration/fft
Prediction for batch 0Nm_BPFI_03:175 published to Enterprise/Site/Area/Motor1/Analysis/Diagnosis/prediction
-----------------------------------------
[Motor7] raw_latency_ms=3430.234
[Motor7] EDGE UTC : 2026-08-12T01:17:50.351314+00:00
[Motor7] CLOUD UTC: 2026-08-12T01:17:53.781548+00:00
-------------
Batch 0Nm_BPFI_03:51 from Motor7 received. Processing...
FFT for batch 0Nm_BPFI_03:51 published to Enterprise/Site/Area/Motor7/Analysis/Vibration/fft
Prediction for batch 0Nm_BPFI_03:51 published to Enterprise/Site/Area/Motor7/Analysis/Diagnosis/prediction
-----------------------------------------
[Motor2] raw_latency_ms=3430.865
[Motor2] EDGE UTC : 2026-08-12T01:17:50.561028+00:00
[Motor2] CLOUD UTC: 2026-08-12T01:17:53.991894+00:00
-------------
Batch 0Nm_BPFI_03:159 from Motor2 received. Processing...
FFT for batch 0Nm_BPFI_03:159 published to Enterprise/Site/Area/Motor2/Analysis/Vibration/fft
Prediction for batch 0Nm_BPFI_03:159 published to Enterprise/Site/Area/Motor2/Analysis/Diagnosis/prediction
-----------------------------------------
[Motor3] raw_latency_ms=3542.229
[Motor3] EDGE UTC : 2026-08-12T01:17:50.668086+00:00
[Motor3] CLOUD UTC: 2026-08-12T01:17:54.210315+00:00
-------------
Batch 0Nm_BPFI_03:144 from Motor3 received. Processing...
FFT for batch 0Nm_BPFI_03:144 published to Enterprise/Site/Area/Motor3/Analysis/Vibration/fft
Prediction for batch 0Nm_BPFI_03:144 published to Enterprise/Site/Area/Motor3/Analysis/Diagnosis/prediction
-----------------------------------------
[Motor8] raw_latency_ms=3679.313
[Motor8] EDGE UTC : 2026-08-12T01:17:50.725894+00:00
[Motor8] CLOUD UTC: 2026-08-12T01:17:54.405206+00:00
-------------
Batch 0Nm_BPFI_03:31 from Motor8 received. Processing...
FFT for batch 0Nm_BPFI_03:31 published to Enterprise/Site/Area/Motor8/Analysis/Vibration/fft
Prediction for batch 0Nm_BPFI_03:31 published to Enterprise/Site/Area/Motor8/Analysis/Diagnosis/prediction
-----------------------------------------
[Motor9] raw_latency_ms=3727.050
[Motor9] EDGE UTC : 2026-08-12T01:17:50.878671+00:00
[Motor9] CLOUD UTC: 2026-08-12T01:17:54.605722+00:00
-------------
Batch 0Nm_BPFI_03:14 from Motor9 received. Processing...
FFT for batch 0Nm_BPFI_03:14 published to Enterprise/Site/Area/Motor9/Analysis/Vibration/fft
Prediction for batch 0Nm_BPFI_03:14 published to Enterprise/Site/Area/Motor9/Analysis/Diagnosis/prediction
-----------------------------------------
[Motor5] raw_latency_ms=3715.148
[Motor5] EDGE UTC : 2026-08-12T01:17:51.063133+00:00
[Motor5] CLOUD UTC: 2026-08-12T01:17:54.778280+00:00
-------------
Batch 0Nm_BPFI_03:96 from Motor5 received. Processing...
FFT for batch 0Nm_BPFI_03:96 published to Enterprise/Site/Area/Motor5/Analysis/Vibration/fft
Prediction for batch 0Nm_BPFI_03:96 published to Enterprise/Site/Area/Motor5/Analysis/Diagnosis/prediction
-----------------------------------------
[Motor4] raw_latency_ms=3886.773
[Motor4] EDGE UTC : 2026-08-12T01:17:51.091501+00:00
[Motor4] CLOUD UTC: 2026-08-12T01:17:54.978275+00:00
-------------
Batch 0Nm_BPFI_03:114 from Motor4 received. Processing...
FFT for batch 0Nm_BPFI_03:114 published to Enterprise/Site/Area/Motor4/Analysis/Vibration/fft
Prediction for batch 0Nm_BPFI_03:114 published to Enterprise/Site/Area/Motor4/Analysis/Diagnosis/prediction
-----------------------------------------
[Motor6] raw_latency_ms=3886.349
[Motor6] EDGE UTC : 2026-08-12T01:17:51.263997+00:00
[Motor6] CLOUD UTC: 2026-08-12T01:17:55.150346+00:00
-------------
Batch 0Nm_BPFI_03:80 from Motor6 received. Processing...
FFT for batch 0Nm_BPFI_03:80 published to Enterprise/Site/Area/Motor6/Analysis/Vibration/fft
Prediction for batch 0Nm_BPFI_03:80 published to Enterprise/Site/Area/Motor6/Analysis/Diagnosis/prediction
-----------------------------------------
[Motor7] raw_latency_ms=3876.614
[Motor7] EDGE UTC : 2026-08-12T01:17:51.384115+00:00
[Motor7] CLOUD UTC: 2026-08-12T01:17:55.260729+00:00
-------------
Batch 0Nm_BPFI_03:52 from Motor7 received. Processing...
FFT for batch 0Nm_BPFI_03:52 published to Enterprise/Site/Area/Motor7/Analysis/Vibration/fft
Prediction for batch 0Nm_BPFI_03:52 published to Enterprise/Site/Area/Motor7/Analysis/Diagnosis/prediction
-----------------------------------------
[Motor1] raw_latency_ms=3962.441
[Motor1] EDGE UTC : 2026-08-12T01:17:51.402586+00:00
[Motor1] CLOUD UTC: 2026-08-12T01:17:55.365027+00:00
-------------
Batch 0Nm_BPFI_03:176 from Motor1 received. Processing...
FFT for batch 0Nm_BPFI_03:176 published to Enterprise/Site/Area/Motor1/Analysis/Vibration/fft
Prediction for batch 0Nm_BPFI_03:176 published to Enterprise/Site/Area/Motor1/Analysis/Diagnosis/prediction
-----------------------------------------
[Motor3] raw_latency_ms=3837.026
[Motor3] EDGE UTC : 2026-08-12T01:17:51.675031+00:00
[Motor3] CLOUD UTC: 2026-08-12T01:17:55.512057+00:00
-------------
Batch 0Nm_BPFI_03:145 from Motor3 received. Processing...
FFT for batch 0Nm_BPFI_03:145 published to Enterprise/Site/Area/Motor3/Analysis/Vibration/fft
Prediction for batch 0Nm_BPFI_03:145 published to Enterprise/Site/Area/Motor3/Analysis/Diagnosis/prediction
-----------------------------------------
[Motor8] raw_latency_ms=3870.633
[Motor8] EDGE UTC : 2026-08-12T01:17:51.744861+00:00
[Motor8] CLOUD UTC: 2026-08-12T01:17:55.615494+00:00
-------------
Batch 0Nm_BPFI_03:32 from Motor8 received. Processing...
FFT for batch 0Nm_BPFI_03:32 published to Enterprise/Site/Area/Motor8/Analysis/Vibration/fft
Prediction for batch 0Nm_BPFI_03:32 published to Enterprise/Site/Area/Motor8/Analysis/Diagnosis/prediction
-----------------------------------------
[Motor9] raw_latency_ms=3842.196
[Motor9] EDGE UTC : 2026-08-12T01:17:51.882842+00:00
[Motor9] CLOUD UTC: 2026-08-12T01:17:55.725038+00:00
-------------
Batch 0Nm_BPFI_03:15 from Motor9 received. Processing...
FFT for batch 0Nm_BPFI_03:15 published to Enterprise/Site/Area/Motor9/Analysis/Vibration/fft
Prediction for batch 0Nm_BPFI_03:15 published to Enterprise/Site/Area/Motor9/Analysis/Diagnosis/prediction
-----------------------------------------
[Motor2] raw_latency_ms=4248.659
[Motor2] EDGE UTC : 2026-08-12T01:17:51.580089+00:00
[Motor2] CLOUD UTC: 2026-08-12T01:17:55.828748+00:00
-------------
Batch 0Nm_BPFI_03:160 from Motor2 received. Processing...
FFT for batch 0Nm_BPFI_03:160 published to Enterprise/Site/Area/Motor2/Analysis/Vibration/fft
Prediction for batch 0Nm_BPFI_03:160 published to Enterprise/Site/Area/Motor2/Analysis/Diagnosis/prediction
-----------------------------------------
[Motor5] raw_latency_ms=3857.800
[Motor5] EDGE UTC : 2026-08-12T01:17:52.082355+00:00
[Motor5] CLOUD UTC: 2026-08-12T01:17:55.940155+00:00
-------------
Batch 0Nm_BPFI_03:97 from Motor5 received. Processing...
FFT for batch 0Nm_BPFI_03:97 published to Enterprise/Site/Area/Motor5/Analysis/Vibration/fft
Prediction for batch 0Nm_BPFI_03:97 published to Enterprise/Site/Area/Motor5/Analysis/Diagnosis/prediction
-----------------------------------------
[Motor4] raw_latency_ms=3938.168
[Motor4] EDGE UTC : 2026-08-12T01:17:52.124012+00:00
[Motor4] CLOUD UTC: 2026-08-12T01:17:56.062179+00:00
-------------
Batch 0Nm_BPFI_03:115 from Motor4 received. Processing...
FFT for batch 0Nm_BPFI_03:115 published to Enterprise/Site/Area/Motor4/Analysis/Vibration/fft
Prediction for batch 0Nm_BPFI_03:115 published to Enterprise/Site/Area/Motor4/Analysis/Diagnosis/prediction
-----------------------------------------
[Motor6] raw_latency_ms=3913.221
[Motor6] EDGE UTC : 2026-08-12T01:17:52.271282+00:00
[Motor6] CLOUD UTC: 2026-08-12T01:17:56.184503+00:00
-------------
Batch 0Nm_BPFI_03:81 from Motor6 received. Processing...
FFT for batch 0Nm_BPFI_03:81 published to Enterprise/Site/Area/Motor6/Analysis/Vibration/fft
Prediction for batch 0Nm_BPFI_03:81 published to Enterprise/Site/Area/Motor6/Analysis/Diagnosis/prediction
-----------------------------------------
[Motor1] raw_latency_ms=3854.143
[Motor1] EDGE UTC : 2026-08-12T01:17:52.435567+00:00
[Motor1] CLOUD UTC: 2026-08-12T01:17:56.289710+00:00
-------------
Batch 0Nm_BPFI_03:177 from Motor1 received. Processing...
FFT for batch 0Nm_BPFI_03:177 published to Enterprise/Site/Area/Motor1/Analysis/Vibration/fft
Prediction for batch 0Nm_BPFI_03:177 published to Enterprise/Site/Area/Motor1/Analysis/Diagnosis/prediction
-----------------------------------------
[Motor7] raw_latency_ms=4020.648
[Motor7] EDGE UTC : 2026-08-12T01:17:52.417159+00:00
[Motor7] CLOUD UTC: 2026-08-12T01:17:56.437808+00:00
-------------
Batch 0Nm_BPFI_03:53 from Motor7 received. Processing...
FFT for batch 0Nm_BPFI_03:53 published to Enterprise/Site/Area/Motor7/Analysis/Vibration/fft
Prediction for batch 0Nm_BPFI_03:53 published to Enterprise/Site/Area/Motor7/Analysis/Diagnosis/prediction
-----------------------------------------
[Motor2] raw_latency_ms=3944.215
[Motor2] EDGE UTC : 2026-08-12T01:17:52.599047+00:00
[Motor2] CLOUD UTC: 2026-08-12T01:17:56.543262+00:00
-------------
Batch 0Nm_BPFI_03:161 from Motor2 received. Processing...
FFT for batch 0Nm_BPFI_03:161 published to Enterprise/Site/Area/Motor2/Analysis/Vibration/fft
Prediction for batch 0Nm_BPFI_03:161 published to Enterprise/Site/Area/Motor2/Analysis/Diagnosis/prediction
-----------------------------------------
[Motor3] raw_latency_ms=3974.642
[Motor3] EDGE UTC : 2026-08-12T01:17:52.682362+00:00
[Motor3] CLOUD UTC: 2026-08-12T01:17:56.657004+00:00
-------------
Batch 0Nm_BPFI_03:146 from Motor3 received. Processing...
FFT for batch 0Nm_BPFI_03:146 published to Enterprise/Site/Area/Motor3/Analysis/Vibration/fft
Prediction for batch 0Nm_BPFI_03:146 published to Enterprise/Site/Area/Motor3/Analysis/Diagnosis/prediction
-----------------------------------------
[Motor8] raw_latency_ms=3997.502
[Motor8] EDGE UTC : 2026-08-12T01:17:52.763391+00:00
[Motor8] CLOUD UTC: 2026-08-12T01:17:56.760893+00:00
-------------
Batch 0Nm_BPFI_03:33 from Motor8 received. Processing...
FFT for batch 0Nm_BPFI_03:33 published to Enterprise/Site/Area/Motor8/Analysis/Vibration/fft
Prediction for batch 0Nm_BPFI_03:33 published to Enterprise/Site/Area/Motor8/Analysis/Diagnosis/prediction
-----------------------------------------
[Motor9] raw_latency_ms=3980.160
[Motor9] EDGE UTC : 2026-08-12T01:17:52.888437+00:00
[Motor9] CLOUD UTC: 2026-08-12T01:17:56.868596+00:00
-------------
Batch 0Nm_BPFI_03:16 from Motor9 received. Processing...
FFT for batch 0Nm_BPFI_03:16 published to Enterprise/Site/Area/Motor9/Analysis/Vibration/fft
Prediction for batch 0Nm_BPFI_03:16 published to Enterprise/Site/Area/Motor9/Analysis/Diagnosis/prediction
-----------------------------------------
[Motor5] raw_latency_ms=3865.663
[Motor5] EDGE UTC : 2026-08-12T01:17:53.106994+00:00
[Motor5] CLOUD UTC: 2026-08-12T01:17:56.972657+00:00
-------------
Batch 0Nm_BPFI_03:98 from Motor5 received. Processing...
FFT for batch 0Nm_BPFI_03:98 published to Enterprise/Site/Area/Motor5/Analysis/Vibration/fft
Prediction for batch 0Nm_BPFI_03:98 published to Enterprise/Site/Area/Motor5/Analysis/Diagnosis/prediction
-----------------------------------------
[Motor4] raw_latency_ms=3865.413
[Motor4] EDGE UTC : 2026-08-12T01:17:53.225233+00:00
[Motor4] CLOUD UTC: 2026-08-12T01:17:57.090646+00:00
-------------
Batch 0Nm_BPFI_03:116 from Motor4 received. Processing...
FFT for batch 0Nm_BPFI_03:116 published to Enterprise/Site/Area/Motor4/Analysis/Vibration/fft
Prediction for batch 0Nm_BPFI_03:116 published to Enterprise/Site/Area/Motor4/Analysis/Diagnosis/prediction
-----------------------------------------
[Motor6] raw_latency_ms=3931.488
[Motor6] EDGE UTC : 2026-08-12T01:17:53.277025+00:00
[Motor6] CLOUD UTC: 2026-08-12T01:17:57.208513+00:00
-------------
Batch 0Nm_BPFI_03:82 from Motor6 received. Processing...
FFT for batch 0Nm_BPFI_03:82 published to Enterprise/Site/Area/Motor6/Analysis/Vibration/fft
Prediction for batch 0Nm_BPFI_03:82 published to Enterprise/Site/Area/Motor6/Analysis/Diagnosis/prediction
-----------------------------------------
[Motor7] raw_latency_ms=3864.887
[Motor7] EDGE UTC : 2026-08-12T01:17:53.450037+00:00
[Motor7] CLOUD UTC: 2026-08-12T01:17:57.314924+00:00
-------------
Batch 0Nm_BPFI_03:54 from Motor7 received. Processing...
FFT for batch 0Nm_BPFI_03:54 published to Enterprise/Site/Area/Motor7/Analysis/Vibration/fft
Prediction for batch 0Nm_BPFI_03:54 published to Enterprise/Site/Area/Motor7/Analysis/Diagnosis/prediction
-----------------------------------------
[Motor1] raw_latency_ms=3950.065
[Motor1] EDGE UTC : 2026-08-12T01:17:53.468637+00:00
[Motor1] CLOUD UTC: 2026-08-12T01:17:57.418702+00:00
-------------
Batch 0Nm_BPFI_03:178 from Motor1 received. Processing...
FFT for batch 0Nm_BPFI_03:178 published to Enterprise/Site/Area/Motor1/Analysis/Vibration/fft
Prediction for batch 0Nm_BPFI_03:178 published to Enterprise/Site/Area/Motor1/Analysis/Diagnosis/prediction
-----------------------------------------
[Motor3] raw_latency_ms=3836.098
[Motor3] EDGE UTC : 2026-08-12T01:17:53.687604+00:00
[Motor3] CLOUD UTC: 2026-08-12T01:17:57.523702+00:00
-------------
Batch 0Nm_BPFI_03:147 from Motor3 received. Processing...
FFT for batch 0Nm_BPFI_03:147 published to Enterprise/Site/Area/Motor3/Analysis/Vibration/fft
Prediction for batch 0Nm_BPFI_03:147 published to Enterprise/Site/Area/Motor3/Analysis/Diagnosis/prediction
-----------------------------------------
[Motor8] raw_latency_ms=3843.662
[Motor8] EDGE UTC : 2026-08-12T01:17:53.782222+00:00
[Motor8] CLOUD UTC: 2026-08-12T01:17:57.625885+00:00
-------------
Batch 0Nm_BPFI_03:34 from Motor8 received. Processing...
FFT for batch 0Nm_BPFI_03:34 published to Enterprise/Site/Area/Motor8/Analysis/Vibration/fft
Prediction for batch 0Nm_BPFI_03:34 published to Enterprise/Site/Area/Motor8/Analysis/Diagnosis/prediction
-----------------------------------------
[Motor9] raw_latency_ms=3843.826
[Motor9] EDGE UTC : 2026-08-12T01:17:53.894274+00:00
[Motor9] CLOUD UTC: 2026-08-12T01:17:57.738100+00:00
-------------
Batch 0Nm_BPFI_03:17 from Motor9 received. Processing...
FFT for batch 0Nm_BPFI_03:17 published to Enterprise/Site/Area/Motor9/Analysis/Vibration/fft
Prediction for batch 0Nm_BPFI_03:17 published to Enterprise/Site/Area/Motor9/Analysis/Diagnosis/prediction
-----------------------------------------
[Motor2] raw_latency_ms=4224.902
[Motor2] EDGE UTC : 2026-08-12T01:17:53.617983+00:00
[Motor2] CLOUD UTC: 2026-08-12T01:17:57.842885+00:00
-------------
Batch 0Nm_BPFI_03:162 from Motor2 received. Processing...
FFT for batch 0Nm_BPFI_03:162 published to Enterprise/Site/Area/Motor2/Analysis/Vibration/fft
Prediction for batch 0Nm_BPFI_03:162 published to Enterprise/Site/Area/Motor2/Analysis/Diagnosis/prediction
-----------------------------------------
[Motor5] raw_latency_ms=3827.934
[Motor5] EDGE UTC : 2026-08-12T01:17:54.126304+00:00
[Motor5] CLOUD UTC: 2026-08-12T01:17:57.954238+00:00
-------------
Batch 0Nm_BPFI_03:99 from Motor5 received. Processing...
FFT for batch 0Nm_BPFI_03:99 published to Enterprise/Site/Area/Motor5/Analysis/Vibration/fft
Prediction for batch 0Nm_BPFI_03:99 published to Enterprise/Site/Area/Motor5/Analysis/Diagnosis/prediction
-----------------------------------------
[Motor4] raw_latency_ms=3809.043
[Motor4] EDGE UTC : 2026-08-12T01:17:54.258391+00:00
[Motor4] CLOUD UTC: 2026-08-12T01:17:58.067435+00:00
-------------
Batch 0Nm_BPFI_03:117 from Motor4 received. Processing...
FFT for batch 0Nm_BPFI_03:117 published to Enterprise/Site/Area/Motor4/Analysis/Vibration/fft
Prediction for batch 0Nm_BPFI_03:117 published to Enterprise/Site/Area/Motor4/Analysis/Diagnosis/prediction
-----------------------------------------
[Motor6] raw_latency_ms=3904.992
[Motor6] EDGE UTC : 2026-08-12T01:17:54.284028+00:00
[Motor6] CLOUD UTC: 2026-08-12T01:17:58.189020+00:00
-------------
Batch 0Nm_BPFI_03:83 from Motor6 received. Processing...
FFT for batch 0Nm_BPFI_03:83 published to Enterprise/Site/Area/Motor6/Analysis/Vibration/fft
Prediction for batch 0Nm_BPFI_03:83 published to Enterprise/Site/Area/Motor6/Analysis/Diagnosis/prediction
-----------------------------------------
[Motor7] raw_latency_ms=3816.892
[Motor7] EDGE UTC : 2026-08-12T01:17:54.483035+00:00
[Motor7] CLOUD UTC: 2026-08-12T01:17:58.299927+00:00
-------------
Batch 0Nm_BPFI_03:55 from Motor7 received. Processing...
FFT for batch 0Nm_BPFI_03:55 published to Enterprise/Site/Area/Motor7/Analysis/Vibration/fft
Prediction for batch 0Nm_BPFI_03:55 published to Enterprise/Site/Area/Motor7/Analysis/Diagnosis/prediction
-----------------------------------------
[Motor1] raw_latency_ms=3913.782
[Motor1] EDGE UTC : 2026-08-12T01:17:54.502132+00:00
[Motor1] CLOUD UTC: 2026-08-12T01:17:58.415915+00:00
-------------
Batch 0Nm_BPFI_03:179 from Motor1 received. Processing...
FFT for batch 0Nm_BPFI_03:179 published to Enterprise/Site/Area/Motor1/Analysis/Vibration/fft
Prediction for batch 0Nm_BPFI_03:179 published to Enterprise/Site/Area/Motor1/Analysis/Diagnosis/prediction
-----------------------------------------
[Motor3] raw_latency_ms=3831.489
[Motor3] EDGE UTC : 2026-08-12T01:17:54.692834+00:00
[Motor3] CLOUD UTC: 2026-08-12T01:17:58.524323+00:00
-------------
Batch 0Nm_BPFI_03:148 from Motor3 received. Processing...
FFT for batch 0Nm_BPFI_03:148 published to Enterprise/Site/Area/Motor3/Analysis/Vibration/fft
Prediction for batch 0Nm_BPFI_03:148 published to Enterprise/Site/Area/Motor3/Analysis/Diagnosis/prediction
-----------------------------------------
[Motor2] raw_latency_ms=3982.198
[Motor2] EDGE UTC : 2026-08-12T01:17:54.653678+00:00
[Motor2] CLOUD UTC: 2026-08-12T01:17:58.635876+00:00
-------------
Batch 0Nm_BPFI_03:163 from Motor2 received. Processing...
FFT for batch 0Nm_BPFI_03:163 published to Enterprise/Site/Area/Motor2/Analysis/Vibration/fft
Prediction for batch 0Nm_BPFI_03:163 published to Enterprise/Site/Area/Motor2/Analysis/Diagnosis/prediction
-----------------------------------------
[Motor8] raw_latency_ms=3939.087
[Motor8] EDGE UTC : 2026-08-12T01:17:54.803316+00:00
[Motor8] CLOUD UTC: 2026-08-12T01:17:58.742403+00:00
-------------
Batch 0Nm_BPFI_03:35 from Motor8 received. Processing...
FFT for batch 0Nm_BPFI_03:35 published to Enterprise/Site/Area/Motor8/Analysis/Vibration/fft
Prediction for batch 0Nm_BPFI_03:35 published to Enterprise/Site/Area/Motor8/Analysis/Diagnosis/prediction
-----------------------------------------
[Motor9] raw_latency_ms=3953.089
[Motor9] EDGE UTC : 2026-08-12T01:17:54.900906+00:00
[Motor9] CLOUD UTC: 2026-08-12T01:17:58.853995+00:00
-------------
Batch 0Nm_BPFI_03:18 from Motor9 received. Processing...
FFT for batch 0Nm_BPFI_03:18 published to Enterprise/Site/Area/Motor9/Analysis/Vibration/fft
Prediction for batch 0Nm_BPFI_03:18 published to Enterprise/Site/Area/Motor9/Analysis/Diagnosis/prediction
-----------------------------------------
[Motor5] raw_latency_ms=3814.624
[Motor5] EDGE UTC : 2026-08-12T01:17:55.145701+00:00
[Motor5] CLOUD UTC: 2026-08-12T01:17:58.960325+00:00
-------------
Batch 0Nm_BPFI_03:100 from Motor5 received. Processing...
FFT for batch 0Nm_BPFI_03:100 published to Enterprise/Site/Area/Motor5/Analysis/Vibration/fft
Prediction for batch 0Nm_BPFI_03:100 published to Enterprise/Site/Area/Motor5/Analysis/Diagnosis/prediction
-----------------------------------------
[Motor4] raw_latency_ms=3782.161
[Motor4] EDGE UTC : 2026-08-12T01:17:55.291178+00:00
[Motor4] CLOUD UTC: 2026-08-12T01:17:59.073340+00:00
-------------
Batch 0Nm_BPFI_03:118 from Motor4 received. Processing...
FFT for batch 0Nm_BPFI_03:118 published to Enterprise/Site/Area/Motor4/Analysis/Vibration/fft
Prediction for batch 0Nm_BPFI_03:118 published to Enterprise/Site/Area/Motor4/Analysis/Diagnosis/prediction
-----------------------------------------
[Motor6] raw_latency_ms=3932.155
[Motor6] EDGE UTC : 2026-08-12T01:17:55.289684+00:00
[Motor6] CLOUD UTC: 2026-08-12T01:17:59.221839+00:00
-------------
Batch 0Nm_BPFI_03:84 from Motor6 received. Processing...
FFT for batch 0Nm_BPFI_03:84 published to Enterprise/Site/Area/Motor6/Analysis/Vibration/fft
Prediction for batch 0Nm_BPFI_03:84 published to Enterprise/Site/Area/Motor6/Analysis/Diagnosis/prediction
-----------------------------------------
[Motor7] raw_latency_ms=3819.290
[Motor7] EDGE UTC : 2026-08-12T01:17:55.515765+00:00
[Motor7] CLOUD UTC: 2026-08-12T01:17:59.335055+00:00
-------------
Batch 0Nm_BPFI_03:56 from Motor7 received. Processing...
FFT for batch 0Nm_BPFI_03:56 published to Enterprise/Site/Area/Motor7/Analysis/Vibration/fft
Prediction for batch 0Nm_BPFI_03:56 published to Enterprise/Site/Area/Motor7/Analysis/Diagnosis/prediction
-----------------------------------------
[Motor3] raw_latency_ms=3742.823
[Motor3] EDGE UTC : 2026-08-12T01:17:55.696574+00:00
[Motor3] CLOUD UTC: 2026-08-12T01:17:59.439398+00:00
-------------
Batch 0Nm_BPFI_03:149 from Motor3 received. Processing...
FFT for batch 0Nm_BPFI_03:149 published to Enterprise/Site/Area/Motor3/Analysis/Vibration/fft
Prediction for batch 0Nm_BPFI_03:149 published to Enterprise/Site/Area/Motor3/Analysis/Diagnosis/prediction
-----------------------------------------
[Motor8] raw_latency_ms=3738.651
[Motor8] EDGE UTC : 2026-08-12T01:17:55.822087+00:00
[Motor8] CLOUD UTC: 2026-08-12T01:17:59.560738+00:00
-------------
Batch 0Nm_BPFI_03:36 from Motor8 received. Processing...
FFT for batch 0Nm_BPFI_03:36 published to Enterprise/Site/Area/Motor8/Analysis/Vibration/fft
Prediction for batch 0Nm_BPFI_03:36 published to Enterprise/Site/Area/Motor8/Analysis/Diagnosis/prediction
-----------------------------------------
[Motor2] raw_latency_ms=3989.908
[Motor2] EDGE UTC : 2026-08-12T01:17:55.675647+00:00
[Motor2] CLOUD UTC: 2026-08-12T01:17:59.665555+00:00
-------------
Batch 0Nm_BPFI_03:164 from Motor2 received. Processing...
FFT for batch 0Nm_BPFI_03:164 published to Enterprise/Site/Area/Motor2/Analysis/Vibration/fft
Prediction for batch 0Nm_BPFI_03:164 published to Enterprise/Site/Area/Motor2/Analysis/Diagnosis/prediction
-----------------------------------------
[Motor9] raw_latency_ms=3864.838
[Motor9] EDGE UTC : 2026-08-12T01:17:55.908438+00:00
[Motor9] CLOUD UTC: 2026-08-12T01:17:59.773276+00:00
-------------
Batch 0Nm_BPFI_03:19 from Motor9 received. Processing...
FFT for batch 0Nm_BPFI_03:19 published to Enterprise/Site/Area/Motor9/Analysis/Vibration/fft
Prediction for batch 0Nm_BPFI_03:19 published to Enterprise/Site/Area/Motor9/Analysis/Diagnosis/prediction
-----------------------------------------
[Motor5] raw_latency_ms=3713.610
[Motor5] EDGE UTC : 2026-08-12T01:17:56.165177+00:00
[Motor5] CLOUD UTC: 2026-08-12T01:17:59.878788+00:00
-------------
Batch 0Nm_BPFI_03:101 from Motor5 received. Processing...
FFT for batch 0Nm_BPFI_03:101 published to Enterprise/Site/Area/Motor5/Analysis/Vibration/fft
Prediction for batch 0Nm_BPFI_03:101 published to Enterprise/Site/Area/Motor5/Analysis/Diagnosis/prediction
-----------------------------------------
[Motor6] raw_latency_ms=3692.537
[Motor6] EDGE UTC : 2026-08-12T01:17:56.296506+00:00
[Motor6] CLOUD UTC: 2026-08-12T01:17:59.989043+00:00
-------------
Batch 0Nm_BPFI_03:85 from Motor6 received. Processing...
FFT for batch 0Nm_BPFI_03:85 published to Enterprise/Site/Area/Motor6/Analysis/Vibration/fft
Prediction for batch 0Nm_BPFI_03:85 published to Enterprise/Site/Area/Motor6/Analysis/Diagnosis/prediction
-----------------------------------------
[Motor4] raw_latency_ms=3772.091
[Motor4] EDGE UTC : 2026-08-12T01:17:56.324432+00:00
[Motor4] CLOUD UTC: 2026-08-12T01:18:00.096523+00:00
-------------
Batch 0Nm_BPFI_03:119 from Motor4 received. Processing...
FFT for batch 0Nm_BPFI_03:119 published to Enterprise/Site/Area/Motor4/Analysis/Vibration/fft
Prediction for batch 0Nm_BPFI_03:119 published to Enterprise/Site/Area/Motor4/Analysis/Diagnosis/prediction
-----------------------------------------
[Motor7] raw_latency_ms=3663.650
[Motor7] EDGE UTC : 2026-08-12T01:17:56.548142+00:00
[Motor7] CLOUD UTC: 2026-08-12T01:18:00.211793+00:00
-------------
Batch 0Nm_BPFI_03:57 from Motor7 received. Processing...
FFT for batch 0Nm_BPFI_03:57 published to Enterprise/Site/Area/Motor7/Analysis/Vibration/fft
Prediction for batch 0Nm_BPFI_03:57 published to Enterprise/Site/Area/Motor7/Analysis/Diagnosis/prediction
-----------------------------------------
[Motor3] raw_latency_ms=3631.954
[Motor3] EDGE UTC : 2026-08-12T01:17:56.702626+00:00
[Motor3] CLOUD UTC: 2026-08-12T01:18:00.334579+00:00
-------------
Batch 0Nm_BPFI_03:150 from Motor3 received. Processing...
FFT for batch 0Nm_BPFI_03:150 published to Enterprise/Site/Area/Motor3/Analysis/Vibration/fft
Prediction for batch 0Nm_BPFI_03:150 published to Enterprise/Site/Area/Motor3/Analysis/Diagnosis/prediction
-----------------------------------------
[Motor2] raw_latency_ms=3771.792
[Motor2] EDGE UTC : 2026-08-12T01:17:56.694754+00:00
[Motor2] CLOUD UTC: 2026-08-12T01:18:00.466545+00:00
-------------
Batch 0Nm_BPFI_03:165 from Motor2 received. Processing...
FFT for batch 0Nm_BPFI_03:165 published to Enterprise/Site/Area/Motor2/Analysis/Vibration/fft
Prediction for batch 0Nm_BPFI_03:165 published to Enterprise/Site/Area/Motor2/Analysis/Diagnosis/prediction
-----------------------------------------
[Motor9] raw_latency_ms=3658.764
[Motor9] EDGE UTC : 2026-08-12T01:17:56.913928+00:00
[Motor9] CLOUD UTC: 2026-08-12T01:18:00.572691+00:00
-------------
Batch 0Nm_BPFI_03:20 from Motor9 received. Processing...
FFT for batch 0Nm_BPFI_03:20 published to Enterprise/Site/Area/Motor9/Analysis/Vibration/fft
Prediction for batch 0Nm_BPFI_03:20 published to Enterprise/Site/Area/Motor9/Analysis/Diagnosis/prediction
-----------------------------------------
[Motor8] raw_latency_ms=3841.850
[Motor8] EDGE UTC : 2026-08-12T01:17:56.843658+00:00
[Motor8] CLOUD UTC: 2026-08-12T01:18:00.685508+00:00
-------------
Batch 0Nm_BPFI_03:37 from Motor8 received. Processing...
FFT for batch 0Nm_BPFI_03:37 published to Enterprise/Site/Area/Motor8/Analysis/Vibration/fft
Prediction for batch 0Nm_BPFI_03:37 published to Enterprise/Site/Area/Motor8/Analysis/Diagnosis/prediction
-----------------------------------------
[Motor5] raw_latency_ms=3603.091
[Motor5] EDGE UTC : 2026-08-12T01:17:57.187539+00:00
[Motor5] CLOUD UTC: 2026-08-12T01:18:00.790630+00:00
-------------
Batch 0Nm_BPFI_03:102 from Motor5 received. Processing...
FFT for batch 0Nm_BPFI_03:102 published to Enterprise/Site/Area/Motor5/Analysis/Vibration/fft
Prediction for batch 0Nm_BPFI_03:102 published to Enterprise/Site/Area/Motor5/Analysis/Diagnosis/prediction
-----------------------------------------
[Motor4] raw_latency_ms=3542.122
[Motor4] EDGE UTC : 2026-08-12T01:17:57.358315+00:00
[Motor4] CLOUD UTC: 2026-08-12T01:18:00.900437+00:00
-------------
Batch 0Nm_BPFI_03:120 from Motor4 received. Processing...
FFT for batch 0Nm_BPFI_03:120 published to Enterprise/Site/Area/Motor4/Analysis/Vibration/fft
Prediction for batch 0Nm_BPFI_03:120 published to Enterprise/Site/Area/Motor4/Analysis/Diagnosis/prediction
-----------------------------------------
[Motor6] raw_latency_ms=3703.028
[Motor6] EDGE UTC : 2026-08-12T01:17:57.303781+00:00
[Motor6] CLOUD UTC: 2026-08-12T01:18:01.006809+00:00
-------------
Batch 0Nm_BPFI_03:86 from Motor6 received. Processing...
FFT for batch 0Nm_BPFI_03:86 published to Enterprise/Site/Area/Motor6/Analysis/Vibration/fft
Prediction for batch 0Nm_BPFI_03:86 published to Enterprise/Site/Area/Motor6/Analysis/Diagnosis/prediction
-----------------------------------------
[Motor7] raw_latency_ms=3505.784
[Motor7] EDGE UTC : 2026-08-12T01:17:57.618374+00:00
[Motor7] CLOUD UTC: 2026-08-12T01:18:01.124158+00:00
-------------
Batch 0Nm_BPFI_03:58 from Motor7 received. Processing...
FFT for batch 0Nm_BPFI_03:58 published to Enterprise/Site/Area/Motor7/Analysis/Vibration/fft
Prediction for batch 0Nm_BPFI_03:58 published to Enterprise/Site/Area/Motor7/Analysis/Diagnosis/prediction
-----------------------------------------
[Motor3] raw_latency_ms=3522.316
[Motor3] EDGE UTC : 2026-08-12T01:17:57.708411+00:00
[Motor3] CLOUD UTC: 2026-08-12T01:18:01.230727+00:00
-------------
Batch 0Nm_BPFI_03:151 from Motor3 received. Processing...
FFT for batch 0Nm_BPFI_03:151 published to Enterprise/Site/Area/Motor3/Analysis/Vibration/fft
Prediction for batch 0Nm_BPFI_03:151 published to Enterprise/Site/Area/Motor3/Analysis/Diagnosis/prediction
-----------------------------------------
[Motor9] raw_latency_ms=3439.872
[Motor9] EDGE UTC : 2026-08-12T01:17:57.919854+00:00
[Motor9] CLOUD UTC: 2026-08-12T01:18:01.359725+00:00
-------------
Batch 0Nm_BPFI_03:21 from Motor9 received. Processing...
FFT for batch 0Nm_BPFI_03:21 published to Enterprise/Site/Area/Motor9/Analysis/Vibration/fft
Prediction for batch 0Nm_BPFI_03:21 published to Enterprise/Site/Area/Motor9/Analysis/Diagnosis/prediction
-----------------------------------------
[Motor8] raw_latency_ms=3607.158
[Motor8] EDGE UTC : 2026-08-12T01:17:57.862133+00:00
[Motor8] CLOUD UTC: 2026-08-12T01:18:01.469291+00:00
-------------
Batch 0Nm_BPFI_03:38 from Motor8 received. Processing...
FFT for batch 0Nm_BPFI_03:38 published to Enterprise/Site/Area/Motor8/Analysis/Vibration/fft
Prediction for batch 0Nm_BPFI_03:38 published to Enterprise/Site/Area/Motor8/Analysis/Diagnosis/prediction
-----------------------------------------
[Motor2] raw_latency_ms=3868.271
[Motor2] EDGE UTC : 2026-08-12T01:17:57.713646+00:00
[Motor2] CLOUD UTC: 2026-08-12T01:18:01.581917+00:00
-------------
Batch 0Nm_BPFI_03:166 from Motor2 received. Processing...
FFT for batch 0Nm_BPFI_03:166 published to Enterprise/Site/Area/Motor2/Analysis/Vibration/fft
Prediction for batch 0Nm_BPFI_03:166 published to Enterprise/Site/Area/Motor2/Analysis/Diagnosis/prediction
-----------------------------------------
[Motor5] raw_latency_ms=3484.719
[Motor5] EDGE UTC : 2026-08-12T01:17:58.206715+00:00
[Motor5] CLOUD UTC: 2026-08-12T01:18:01.691435+00:00
-------------
Batch 0Nm_BPFI_03:103 from Motor5 received. Processing...
FFT for batch 0Nm_BPFI_03:103 published to Enterprise/Site/Area/Motor5/Analysis/Vibration/fft
Prediction for batch 0Nm_BPFI_03:103 published to Enterprise/Site/Area/Motor5/Analysis/Diagnosis/prediction
-----------------------------------------
[Motor4] raw_latency_ms=3414.121
[Motor4] EDGE UTC : 2026-08-12T01:17:58.393156+00:00
[Motor4] CLOUD UTC: 2026-08-12T01:18:01.807277+00:00
-------------
Batch 0Nm_BPFI_03:121 from Motor4 received. Processing...
FFT for batch 0Nm_BPFI_03:121 published to Enterprise/Site/Area/Motor4/Analysis/Vibration/fft
Prediction for batch 0Nm_BPFI_03:121 published to Enterprise/Site/Area/Motor4/Analysis/Diagnosis/prediction
-----------------------------------------
[Motor6] raw_latency_ms=3607.475
[Motor6] EDGE UTC : 2026-08-12T01:17:58.310368+00:00
[Motor6] CLOUD UTC: 2026-08-12T01:18:01.917843+00:00
-------------
Batch 0Nm_BPFI_03:87 from Motor6 received. Processing...
FFT for batch 0Nm_BPFI_03:87 published to Enterprise/Site/Area/Motor6/Analysis/Vibration/fft
Prediction for batch 0Nm_BPFI_03:87 published to Enterprise/Site/Area/Motor6/Analysis/Diagnosis/prediction
-----------------------------------------
[Motor3] raw_latency_ms=3328.468
[Motor3] EDGE UTC : 2026-08-12T01:17:58.714139+00:00
[Motor3] CLOUD UTC: 2026-08-12T01:18:02.042607+00:00
-------------
Batch 0Nm_BPFI_03:152 from Motor3 received. Processing...
FFT for batch 0Nm_BPFI_03:152 published to Enterprise/Site/Area/Motor3/Analysis/Vibration/fft
Prediction for batch 0Nm_BPFI_03:152 published to Enterprise/Site/Area/Motor3/Analysis/Diagnosis/prediction
-----------------------------------------
[Motor7] raw_latency_ms=3500.294
[Motor7] EDGE UTC : 2026-08-12T01:17:58.652451+00:00
[Motor7] CLOUD UTC: 2026-08-12T01:18:02.152745+00:00
-------------
Batch 0Nm_BPFI_03:59 from Motor7 received. Processing...
FFT for batch 0Nm_BPFI_03:59 published to Enterprise/Site/Area/Motor7/Analysis/Vibration/fft
Prediction for batch 0Nm_BPFI_03:59 published to Enterprise/Site/Area/Motor7/Analysis/Diagnosis/prediction
-----------------------------------------
[Motor2] raw_latency_ms=3537.454
[Motor2] EDGE UTC : 2026-08-12T01:17:58.732427+00:00
[Motor2] CLOUD UTC: 2026-08-12T01:18:02.269881+00:00
-------------
Batch 0Nm_BPFI_03:167 from Motor2 received. Processing...
FFT for batch 0Nm_BPFI_03:167 published to Enterprise/Site/Area/Motor2/Analysis/Vibration/fft
Prediction for batch 0Nm_BPFI_03:167 published to Enterprise/Site/Area/Motor2/Analysis/Diagnosis/prediction
-----------------------------------------
[Motor8] raw_latency_ms=3519.202
[Motor8] EDGE UTC : 2026-08-12T01:17:58.880941+00:00
[Motor8] CLOUD UTC: 2026-08-12T01:18:02.400143+00:00
-------------
Batch 0Nm_BPFI_03:39 from Motor8 received. Processing...
FFT for batch 0Nm_BPFI_03:39 published to Enterprise/Site/Area/Motor8/Analysis/Vibration/fft
Prediction for batch 0Nm_BPFI_03:39 published to Enterprise/Site/Area/Motor8/Analysis/Diagnosis/prediction
-----------------------------------------
[Motor9] raw_latency_ms=3585.974
[Motor9] EDGE UTC : 2026-08-12T01:17:58.926060+00:00
[Motor9] CLOUD UTC: 2026-08-12T01:18:02.512034+00:00
-------------
Batch 0Nm_BPFI_03:22 from Motor9 received. Processing...
FFT for batch 0Nm_BPFI_03:22 published to Enterprise/Site/Area/Motor9/Analysis/Vibration/fft
Prediction for batch 0Nm_BPFI_03:22 published to Enterprise/Site/Area/Motor9/Analysis/Diagnosis/prediction
-----------------------------------------
[Motor6] raw_latency_ms=3301.176
[Motor6] EDGE UTC : 2026-08-12T01:17:59.316062+00:00
[Motor6] CLOUD UTC: 2026-08-12T01:18:02.617238+00:00
-------------
Batch 0Nm_BPFI_03:88 from Motor6 received. Processing...
FFT for batch 0Nm_BPFI_03:88 published to Enterprise/Site/Area/Motor6/Analysis/Vibration/fft
Prediction for batch 0Nm_BPFI_03:88 published to Enterprise/Site/Area/Motor6/Analysis/Diagnosis/prediction
-----------------------------------------
[Motor5] raw_latency_ms=3534.784
[Motor5] EDGE UTC : 2026-08-12T01:17:59.228995+00:00
[Motor5] CLOUD UTC: 2026-08-12T01:18:02.763778+00:00
-------------
Batch 0Nm_BPFI_03:104 from Motor5 received. Processing...
FFT for batch 0Nm_BPFI_03:104 published to Enterprise/Site/Area/Motor5/Analysis/Vibration/fft
Prediction for batch 0Nm_BPFI_03:104 published to Enterprise/Site/Area/Motor5/Analysis/Diagnosis/prediction
-----------------------------------------
[Motor4] raw_latency_ms=3448.325
[Motor4] EDGE UTC : 2026-08-12T01:17:59.424871+00:00
[Motor4] CLOUD UTC: 2026-08-12T01:18:02.873196+00:00
-------------
Batch 0Nm_BPFI_03:122 from Motor4 received. Processing...
FFT for batch 0Nm_BPFI_03:122 published to Enterprise/Site/Area/Motor4/Analysis/Vibration/fft
Prediction for batch 0Nm_BPFI_03:122 published to Enterprise/Site/Area/Motor4/Analysis/Diagnosis/prediction
-----------------------------------------
[Motor3] raw_latency_ms=3267.138
[Motor3] EDGE UTC : 2026-08-12T01:17:59.720035+00:00
[Motor3] CLOUD UTC: 2026-08-12T01:18:02.987173+00:00
-------------
Batch 0Nm_BPFI_03:153 from Motor3 received. Processing...
FFT for batch 0Nm_BPFI_03:153 published to Enterprise/Site/Area/Motor3/Analysis/Vibration/fft
Prediction for batch 0Nm_BPFI_03:153 published to Enterprise/Site/Area/Motor3/Analysis/Diagnosis/prediction
-----------------------------------------
[Motor9] raw_latency_ms=3161.197
[Motor9] EDGE UTC : 2026-08-12T01:17:59.933482+00:00
[Motor9] CLOUD UTC: 2026-08-12T01:18:03.094680+00:00
-------------
Batch 0Nm_BPFI_03:23 from Motor9 received. Processing...
FFT for batch 0Nm_BPFI_03:23 published to Enterprise/Site/Area/Motor9/Analysis/Vibration/fft
Prediction for batch 0Nm_BPFI_03:23 published to Enterprise/Site/Area/Motor9/Analysis/Diagnosis/prediction
-----------------------------------------
[Motor2] raw_latency_ms=3435.276
[Motor2] EDGE UTC : 2026-08-12T01:17:59.771563+00:00
[Motor2] CLOUD UTC: 2026-08-12T01:18:03.206839+00:00
-------------
Batch 0Nm_BPFI_03:168 from Motor2 received. Processing...
FFT for batch 0Nm_BPFI_03:168 published to Enterprise/Site/Area/Motor2/Analysis/Vibration/fft
Prediction for batch 0Nm_BPFI_03:168 published to Enterprise/Site/Area/Motor2/Analysis/Diagnosis/prediction
-----------------------------------------
[Motor8] raw_latency_ms=3425.312
[Motor8] EDGE UTC : 2026-08-12T01:17:59.899422+00:00
[Motor8] CLOUD UTC: 2026-08-12T01:18:03.324734+00:00
-------------
Batch 0Nm_BPFI_03:40 from Motor8 received. Processing...
FFT for batch 0Nm_BPFI_03:40 published to Enterprise/Site/Area/Motor8/Analysis/Vibration/fft
Prediction for batch 0Nm_BPFI_03:40 published to Enterprise/Site/Area/Motor8/Analysis/Diagnosis/prediction
-----------------------------------------
[Motor1] raw_latency_ms=3919.740
[Motor1] EDGE UTC : 2026-08-12T01:17:59.523753+00:00
[Motor1] CLOUD UTC: 2026-08-12T01:18:03.443493+00:00
-------------
Batch 0Nm_BPFI_03:0 from Motor1 received. Processing...
FFT for batch 0Nm_BPFI_03:0 published to Enterprise/Site/Area/Motor1/Analysis/Vibration/fft
Prediction for batch 0Nm_BPFI_03:0 published to Enterprise/Site/Area/Motor1/Analysis/Diagnosis/prediction
-----------------------------------------
[Motor6] raw_latency_ms=3224.673
[Motor6] EDGE UTC : 2026-08-12T01:18:00.322301+00:00
[Motor6] CLOUD UTC: 2026-08-12T01:18:03.546974+00:00
-------------
Batch 0Nm_BPFI_03:89 from Motor6 received. Processing...
FFT for batch 0Nm_BPFI_03:89 published to Enterprise/Site/Area/Motor6/Analysis/Vibration/fft
Prediction for batch 0Nm_BPFI_03:89 published to Enterprise/Site/Area/Motor6/Analysis/Diagnosis/prediction
-----------------------------------------
[Motor5] raw_latency_ms=3406.124
[Motor5] EDGE UTC : 2026-08-12T01:18:00.248245+00:00
[Motor5] CLOUD UTC: 2026-08-12T01:18:03.654368+00:00
-------------
Batch 0Nm_BPFI_03:105 from Motor5 received. Processing...
FFT for batch 0Nm_BPFI_03:105 published to Enterprise/Site/Area/Motor5/Analysis/Vibration/fft
Prediction for batch 0Nm_BPFI_03:105 published to Enterprise/Site/Area/Motor5/Analysis/Diagnosis/prediction
-----------------------------------------
[Motor4] raw_latency_ms=3301.813
[Motor4] EDGE UTC : 2026-08-12T01:18:00.454718+00:00
[Motor4] CLOUD UTC: 2026-08-12T01:18:03.756531+00:00
-------------
Batch 0Nm_BPFI_03:123 from Motor4 received. Processing...
FFT for batch 0Nm_BPFI_03:123 published to Enterprise/Site/Area/Motor4/Analysis/Vibration/fft
Prediction for batch 0Nm_BPFI_03:123 published to Enterprise/Site/Area/Motor4/Analysis/Diagnosis/prediction
-----------------------------------------
[Motor1] raw_latency_ms=3314.778
[Motor1] EDGE UTC : 2026-08-12T01:18:00.555068+00:00
[Motor1] CLOUD UTC: 2026-08-12T01:18:03.869846+00:00
-------------
Batch 0Nm_BPFI_03:1 from Motor1 received. Processing...
FFT for batch 0Nm_BPFI_03:1 published to Enterprise/Site/Area/Motor1/Analysis/Vibration/fft
Prediction for batch 0Nm_BPFI_03:1 published to Enterprise/Site/Area/Motor1/Analysis/Diagnosis/prediction
-----------------------------------------
[Motor3] raw_latency_ms=3526.422
[Motor3] EDGE UTC : 2026-08-12T01:18:00.727438+00:00
[Motor3] CLOUD UTC: 2026-08-12T01:18:04.253860+00:00
-------------
Batch 0Nm_BPFI_03:154 from Motor3 received. Processing...
FFT for batch 0Nm_BPFI_03:154 published to Enterprise/Site/Area/Motor3/Analysis/Vibration/fft
Prediction for batch 0Nm_BPFI_03:154 published to Enterprise/Site/Area/Motor3/Analysis/Diagnosis/prediction
-----------------------------------------
[Motor9] raw_latency_ms=3458.298
[Motor9] EDGE UTC : 2026-08-12T01:18:00.939966+00:00
[Motor9] CLOUD UTC: 2026-08-12T01:18:04.398264+00:00
-------------
Batch 0Nm_BPFI_03:24 from Motor9 received. Processing...
FFT for batch 0Nm_BPFI_03:24 published to Enterprise/Site/Area/Motor9/Analysis/Vibration/fft
Prediction for batch 0Nm_BPFI_03:24 published to Enterprise/Site/Area/Motor9/Analysis/Diagnosis/prediction
-----------------------------------------
[Motor7] raw_latency_ms=4827.525
[Motor7] EDGE UTC : 2026-08-12T01:17:59.678663+00:00
[Motor7] CLOUD UTC: 2026-08-12T01:18:04.506188+00:00
-------------
Batch 0Nm_BPFI_03:60 from Motor7 received. Processing...
FFT for batch 0Nm_BPFI_03:60 published to Enterprise/Site/Area/Motor7/Analysis/Vibration/fft
Prediction for batch 0Nm_BPFI_03:60 published to Enterprise/Site/Area/Motor7/Analysis/Diagnosis/prediction
-----------------------------------------
[Motor2] raw_latency_ms=3825.824
[Motor2] EDGE UTC : 2026-08-12T01:18:00.790517+00:00
[Motor2] CLOUD UTC: 2026-08-12T01:18:04.616341+00:00
-------------
Batch 0Nm_BPFI_03:169 from Motor2 received. Processing...
FFT for batch 0Nm_BPFI_03:169 published to Enterprise/Site/Area/Motor2/Analysis/Vibration/fft
Prediction for batch 0Nm_BPFI_03:169 published to Enterprise/Site/Area/Motor2/Analysis/Diagnosis/prediction
-----------------------------------------
[Motor7] raw_latency_ms=4018.636
[Motor7] EDGE UTC : 2026-08-12T01:18:00.703368+00:00
[Motor7] CLOUD UTC: 2026-08-12T01:18:04.722004+00:00
-------------
Batch 0Nm_BPFI_03:61 from Motor7 received. Processing...
FFT for batch 0Nm_BPFI_03:61 published to Enterprise/Site/Area/Motor7/Analysis/Vibration/fft
Prediction for batch 0Nm_BPFI_03:61 published to Enterprise/Site/Area/Motor7/Analysis/Diagnosis/prediction
-----------------------------------------
[Motor6] raw_latency_ms=3511.026
[Motor6] EDGE UTC : 2026-08-12T01:18:01.329132+00:00
[Motor6] CLOUD UTC: 2026-08-12T01:18:04.840158+00:00
-------------
Batch 0Nm_BPFI_03:90 from Motor6 received. Processing...
FFT for batch 0Nm_BPFI_03:90 published to Enterprise/Site/Area/Motor6/Analysis/Vibration/fft
Prediction for batch 0Nm_BPFI_03:90 published to Enterprise/Site/Area/Motor6/Analysis/Diagnosis/prediction
-----------------------------------------
[Motor5] raw_latency_ms=3678.669
[Motor5] EDGE UTC : 2026-08-12T01:18:01.268954+00:00
[Motor5] CLOUD UTC: 2026-08-12T01:18:04.947623+00:00
-------------
Batch 0Nm_BPFI_03:106 from Motor5 received. Processing...
FFT for batch 0Nm_BPFI_03:106 published to Enterprise/Site/Area/Motor5/Analysis/Vibration/fft
Prediction for batch 0Nm_BPFI_03:106 published to Enterprise/Site/Area/Motor5/Analysis/Diagnosis/prediction
-----------------------------------------
[Motor2] raw_latency_ms=3255.024
[Motor2] EDGE UTC : 2026-08-12T01:18:01.809346+00:00
[Motor2] CLOUD UTC: 2026-08-12T01:18:05.064370+00:00
-------------
Batch 0Nm_BPFI_03:170 from Motor2 received. Processing...
FFT for batch 0Nm_BPFI_03:170 published to Enterprise/Site/Area/Motor2/Analysis/Vibration/fft
Prediction for batch 0Nm_BPFI_03:170 published to Enterprise/Site/Area/Motor2/Analysis/Diagnosis/prediction
-----------------------------------------
[Motor6] raw_latency_ms=2876.746
[Motor6] EDGE UTC : 2026-08-12T01:18:02.338712+00:00
[Motor6] CLOUD UTC: 2026-08-12T01:18:05.215459+00:00
-------------
Batch 0Nm_BPFI_03:91 from Motor6 received. Processing...
FFT for batch 0Nm_BPFI_03:91 published to Enterprise/Site/Area/Motor6/Analysis/Vibration/fft
Prediction for batch 0Nm_BPFI_03:91 published to Enterprise/Site/Area/Motor6/Analysis/Diagnosis/prediction
-----------------------------------------
[Motor4] raw_latency_ms=3941.543
[Motor4] EDGE UTC : 2026-08-12T01:18:01.479278+00:00
[Motor4] CLOUD UTC: 2026-08-12T01:18:05.420821+00:00
-------------
Batch 0Nm_BPFI_03:124 from Motor4 received. Processing...
FFT for batch 0Nm_BPFI_03:124 published to Enterprise/Site/Area/Motor4/Analysis/Vibration/fft
Prediction for batch 0Nm_BPFI_03:124 published to Enterprise/Site/Area/Motor4/Analysis/Diagnosis/prediction
-----------------------------------------
[Motor4] raw_latency_ms=3099.827
[Motor4] EDGE UTC : 2026-08-12T01:18:02.504149+00:00
[Motor4] CLOUD UTC: 2026-08-12T01:18:05.603976+00:00
-------------
Batch 0Nm_BPFI_03:125 from Motor4 received. Processing...
FFT for batch 0Nm_BPFI_03:125 published to Enterprise/Site/Area/Motor4/Analysis/Vibration/fft
Prediction for batch 0Nm_BPFI_03:125 published to Enterprise/Site/Area/Motor4/Analysis/Diagnosis/prediction
-----------------------------------------
[Motor5] raw_latency_ms=3475.198
[Motor5] EDGE UTC : 2026-08-12T01:18:02.288482+00:00
[Motor5] CLOUD UTC: 2026-08-12T01:18:05.763680+00:00
-------------
Batch 0Nm_BPFI_03:107 from Motor5 received. Processing...
FFT for batch 0Nm_BPFI_03:107 published to Enterprise/Site/Area/Motor5/Analysis/Vibration/fft
Prediction for batch 0Nm_BPFI_03:107 published to Enterprise/Site/Area/Motor5/Analysis/Diagnosis/prediction
-----------------------------------------
[Motor9] raw_latency_ms=3976.986
[Motor9] EDGE UTC : 2026-08-12T01:18:01.945863+00:00
[Motor9] CLOUD UTC: 2026-08-12T01:18:05.922849+00:00
-------------
Batch 0Nm_BPFI_03:25 from Motor9 received. Processing...
FFT for batch 0Nm_BPFI_03:25 published to Enterprise/Site/Area/Motor9/Analysis/Vibration/fft
Prediction for batch 0Nm_BPFI_03:25 published to Enterprise/Site/Area/Motor9/Analysis/Diagnosis/prediction
-----------------------------------------
[Motor7] raw_latency_ms=4396.537
[Motor7] EDGE UTC : 2026-08-12T01:18:01.728027+00:00
[Motor7] CLOUD UTC: 2026-08-12T01:18:06.124564+00:00
-------------
Batch 0Nm_BPFI_03:62 from Motor7 received. Processing...
FFT for batch 0Nm_BPFI_03:62 published to Enterprise/Site/Area/Motor7/Analysis/Vibration/fft
Prediction for batch 0Nm_BPFI_03:62 published to Enterprise/Site/Area/Motor7/Analysis/Diagnosis/prediction
-----------------------------------------
[Motor2] raw_latency_ms=3511.988
[Motor2] EDGE UTC : 2026-08-12T01:18:02.828231+00:00
[Motor2] CLOUD UTC: 2026-08-12T01:18:06.340220+00:00
-------------
Batch 0Nm_BPFI_03:171 from Motor2 received. Processing...
FFT for batch 0Nm_BPFI_03:171 published to Enterprise/Site/Area/Motor2/Analysis/Vibration/fft
Prediction for batch 0Nm_BPFI_03:171 published to Enterprise/Site/Area/Motor2/Analysis/Diagnosis/prediction
-----------------------------------------
[Motor7] raw_latency_ms=3788.680
[Motor7] EDGE UTC : 2026-08-12T01:18:02.752606+00:00
[Motor7] CLOUD UTC: 2026-08-12T01:18:06.541286+00:00
-------------
Batch 0Nm_BPFI_03:63 from Motor7 received. Processing...
FFT for batch 0Nm_BPFI_03:63 published to Enterprise/Site/Area/Motor7/Analysis/Vibration/fft
Prediction for batch 0Nm_BPFI_03:63 published to Enterprise/Site/Area/Motor7/Analysis/Diagnosis/prediction
-----------------------------------------
[Motor9] raw_latency_ms=3782.891
[Motor9] EDGE UTC : 2026-08-12T01:18:02.952154+00:00
[Motor9] CLOUD UTC: 2026-08-12T01:18:06.735045+00:00
-------------
Batch 0Nm_BPFI_03:26 from Motor9 received. Processing...
FFT for batch 0Nm_BPFI_03:26 published to Enterprise/Site/Area/Motor9/Analysis/Vibration/fft
Prediction for batch 0Nm_BPFI_03:26 published to Enterprise/Site/Area/Motor9/Analysis/Diagnosis/prediction
-----------------------------------------
[Motor5] raw_latency_ms=3598.573
[Motor5] EDGE UTC : 2026-08-12T01:18:03.309087+00:00
[Motor5] CLOUD UTC: 2026-08-12T01:18:06.907660+00:00
-------------
Batch 0Nm_BPFI_03:108 from Motor5 received. Processing...
FFT for batch 0Nm_BPFI_03:108 published to Enterprise/Site/Area/Motor5/Analysis/Vibration/fft
Prediction for batch 0Nm_BPFI_03:108 published to Enterprise/Site/Area/Motor5/Analysis/Diagnosis/prediction
-----------------------------------------
[Motor6] raw_latency_ms=3725.421
[Motor6] EDGE UTC : 2026-08-12T01:18:03.345935+00:00
[Motor6] CLOUD UTC: 2026-08-12T01:18:07.071357+00:00
-------------
Batch 0Nm_BPFI_03:92 from Motor6 received. Processing...
FFT for batch 0Nm_BPFI_03:92 published to Enterprise/Site/Area/Motor6/Analysis/Vibration/fft
Prediction for batch 0Nm_BPFI_03:92 published to Enterprise/Site/Area/Motor6/Analysis/Diagnosis/prediction
-----------------------------------------
[Motor3] raw_latency_ms=5542.627
[Motor3] EDGE UTC : 2026-08-12T01:18:01.733136+00:00
[Motor3] CLOUD UTC: 2026-08-12T01:18:07.275763+00:00
-------------
Batch 0Nm_BPFI_03:155 from Motor3 received. Processing...
FFT for batch 0Nm_BPFI_03:155 published to Enterprise/Site/Area/Motor3/Analysis/Vibration/fft
Prediction for batch 0Nm_BPFI_03:155 published to Enterprise/Site/Area/Motor3/Analysis/Diagnosis/prediction
-----------------------------------------
[Motor3] raw_latency_ms=4726.354
[Motor3] EDGE UTC : 2026-08-12T01:18:02.740973+00:00
[Motor3] CLOUD UTC: 2026-08-12T01:18:07.467328+00:00
-------------
Batch 0Nm_BPFI_03:156 from Motor3 received. Processing...
FFT for batch 0Nm_BPFI_03:156 published to Enterprise/Site/Area/Motor3/Analysis/Vibration/fft
Prediction for batch 0Nm_BPFI_03:156 published to Enterprise/Site/Area/Motor3/Analysis/Diagnosis/prediction
-----------------------------------------
[Motor4] raw_latency_ms=4114.905
[Motor4] EDGE UTC : 2026-08-12T01:18:03.528595+00:00
[Motor4] CLOUD UTC: 2026-08-12T01:18:07.643500+00:00
-------------
Batch 0Nm_BPFI_03:126 from Motor4 received. Processing...
FFT for batch 0Nm_BPFI_03:126 published to Enterprise/Site/Area/Motor4/Analysis/Vibration/fft
Prediction for batch 0Nm_BPFI_03:126 published to Enterprise/Site/Area/Motor4/Analysis/Diagnosis/prediction
-----------------------------------------
[Motor8] raw_latency_ms=6889.628
[Motor8] EDGE UTC : 2026-08-12T01:18:00.921890+00:00
[Motor8] CLOUD UTC: 2026-08-12T01:18:07.811517+00:00
-------------
Batch 0Nm_BPFI_03:41 from Motor8 received. Processing...
FFT for batch 0Nm_BPFI_03:41 published to Enterprise/Site/Area/Motor8/Analysis/Vibration/fft
Prediction for batch 0Nm_BPFI_03:41 published to Enterprise/Site/Area/Motor8/Analysis/Diagnosis/prediction
-----------------------------------------
[Motor1] raw_latency_ms=6425.247
[Motor1] EDGE UTC : 2026-08-12T01:18:01.579694+00:00
[Motor1] CLOUD UTC: 2026-08-12T01:18:08.004941+00:00
-------------
Batch 0Nm_BPFI_03:2 from Motor1 received. Processing...
FFT for batch 0Nm_BPFI_03:2 published to Enterprise/Site/Area/Motor1/Analysis/Vibration/fft
Prediction for batch 0Nm_BPFI_03:2 published to Enterprise/Site/Area/Motor1/Analysis/Diagnosis/prediction
-----------------------------------------
[Motor1] raw_latency_ms=5602.782
[Motor1] EDGE UTC : 2026-08-12T01:18:02.604399+00:00
[Motor1] CLOUD UTC: 2026-08-12T01:18:08.207181+00:00
-------------
Batch 0Nm_BPFI_03:3 from Motor1 received. Processing...
FFT for batch 0Nm_BPFI_03:3 published to Enterprise/Site/Area/Motor1/Analysis/Vibration/fft
Prediction for batch 0Nm_BPFI_03:3 published to Enterprise/Site/Area/Motor1/Analysis/Diagnosis/prediction
-----------------------------------------
[Motor8] raw_latency_ms=6466.672
[Motor8] EDGE UTC : 2026-08-12T01:18:01.943082+00:00
[Motor8] CLOUD UTC: 2026-08-12T01:18:08.409754+00:00
-------------
Batch 0Nm_BPFI_03:42 from Motor8 received. Processing...
FFT for batch 0Nm_BPFI_03:42 published to Enterprise/Site/Area/Motor8/Analysis/Vibration/fft
Prediction for batch 0Nm_BPFI_03:42 published to Enterprise/Site/Area/Motor8/Analysis/Diagnosis/prediction
-----------------------------------------
[Motor1] raw_latency_ms=4996.591
[Motor1] EDGE UTC : 2026-08-12T01:18:03.629039+00:00
[Motor1] CLOUD UTC: 2026-08-12T01:18:08.625629+00:00
-------------
Batch 0Nm_BPFI_03:4 from Motor1 received. Processing...
FFT for batch 0Nm_BPFI_03:4 published to Enterprise/Site/Area/Motor1/Analysis/Vibration/fft
Prediction for batch 0Nm_BPFI_03:4 published to Enterprise/Site/Area/Motor1/Analysis/Diagnosis/prediction
-----------------------------------------
[Motor8] raw_latency_ms=5831.899
[Motor8] EDGE UTC : 2026-08-12T01:18:02.961653+00:00
[Motor8] CLOUD UTC: 2026-08-12T01:18:08.793553+00:00
-------------
Batch 0Nm_BPFI_03:43 from Motor8 received. Processing...
FFT for batch 0Nm_BPFI_03:43 published to Enterprise/Site/Area/Motor8/Analysis/Vibration/fft
Prediction for batch 0Nm_BPFI_03:43 published to Enterprise/Site/Area/Motor8/Analysis/Diagnosis/prediction
-----------------------------------------
[Motor9] raw_latency_ms=5038.836
[Motor9] EDGE UTC : 2026-08-12T01:18:03.959100+00:00
[Motor9] CLOUD UTC: 2026-08-12T01:18:08.997935+00:00
-------------
Batch 0Nm_BPFI_03:27 from Motor9 received. Processing...
FFT for batch 0Nm_BPFI_03:27 published to Enterprise/Site/Area/Motor9/Analysis/Vibration/fft
Prediction for batch 0Nm_BPFI_03:27 published to Enterprise/Site/Area/Motor9/Analysis/Diagnosis/prediction
-----------------------------------------
[Motor3] raw_latency_ms=5462.746
[Motor3] EDGE UTC : 2026-08-12T01:18:03.747172+00:00
[Motor3] CLOUD UTC: 2026-08-12T01:18:09.209918+00:00
-------------
Batch 0Nm_BPFI_03:157 from Motor3 received. Processing...
FFT for batch 0Nm_BPFI_03:157 published to Enterprise/Site/Area/Motor3/Analysis/Vibration/fft
Prediction for batch 0Nm_BPFI_03:157 published to Enterprise/Site/Area/Motor3/Analysis/Diagnosis/prediction
-----------------------------------------
[Motor2] raw_latency_ms=5530.165
[Motor2] EDGE UTC : 2026-08-12T01:18:03.850327+00:00
[Motor2] CLOUD UTC: 2026-08-12T01:18:09.380492+00:00
-------------
Batch 0Nm_BPFI_03:172 from Motor2 received. Processing...
FFT for batch 0Nm_BPFI_03:172 published to Enterprise/Site/Area/Motor2/Analysis/Vibration/fft
Prediction for batch 0Nm_BPFI_03:172 published to Enterprise/Site/Area/Motor2/Analysis/Diagnosis/prediction
-----------------------------------------
[Motor7] raw_latency_ms=5738.475
[Motor7] EDGE UTC : 2026-08-12T01:18:03.777340+00:00
[Motor7] CLOUD UTC: 2026-08-12T01:18:09.515815+00:00
-------------
Batch 0Nm_BPFI_03:64 from Motor7 received. Processing...
FFT for batch 0Nm_BPFI_03:64 published to Enterprise/Site/Area/Motor7/Analysis/Vibration/fft
Prediction for batch 0Nm_BPFI_03:64 published to Enterprise/Site/Area/Motor7/Analysis/Diagnosis/prediction
-----------------------------------------
[Motor8] raw_latency_ms=5639.625
[Motor8] EDGE UTC : 2026-08-12T01:18:03.981807+00:00
[Motor8] CLOUD UTC: 2026-08-12T01:18:09.621432+00:00
-------------
Batch 0Nm_BPFI_03:44 from Motor8 received. Processing...
FFT for batch 0Nm_BPFI_03:44 published to Enterprise/Site/Area/Motor8/Analysis/Vibration/fft
Prediction for batch 0Nm_BPFI_03:44 published to Enterprise/Site/Area/Motor8/Analysis/Diagnosis/prediction
-----------------------------------------
[Motor5] raw_latency_ms=5446.420
[Motor5] EDGE UTC : 2026-08-12T01:18:04.328694+00:00
[Motor5] CLOUD UTC: 2026-08-12T01:18:09.775114+00:00
-------------
Batch 0Nm_BPFI_03:109 from Motor5 received. Processing...
FFT for batch 0Nm_BPFI_03:109 published to Enterprise/Site/Area/Motor5/Analysis/Vibration/fft
Prediction for batch 0Nm_BPFI_03:109 published to Enterprise/Site/Area/Motor5/Analysis/Diagnosis/prediction
-----------------------------------------
[Motor6] raw_latency_ms=5530.956
[Motor6] EDGE UTC : 2026-08-12T01:18:04.356480+00:00
[Motor6] CLOUD UTC: 2026-08-12T01:18:09.887436+00:00
-------------
Batch 0Nm_BPFI_03:93 from Motor6 received. Processing...
FFT for batch 0Nm_BPFI_03:93 published to Enterprise/Site/Area/Motor6/Analysis/Vibration/fft
Prediction for batch 0Nm_BPFI_03:93 published to Enterprise/Site/Area/Motor6/Analysis/Diagnosis/prediction
-----------------------------------------
[Motor3] raw_latency_ms=5233.173
[Motor3] EDGE UTC : 2026-08-12T01:18:04.759465+00:00
[Motor3] CLOUD UTC: 2026-08-12T01:18:09.992638+00:00
-------------
Batch 0Nm_BPFI_03:158 from Motor3 received. Processing...
FFT for batch 0Nm_BPFI_03:158 published to Enterprise/Site/Area/Motor3/Analysis/Vibration/fft
Prediction for batch 0Nm_BPFI_03:158 published to Enterprise/Site/Area/Motor3/Analysis/Diagnosis/prediction
-----------------------------------------
[Motor4] raw_latency_ms=5545.743
[Motor4] EDGE UTC : 2026-08-12T01:18:04.556726+00:00
[Motor4] CLOUD UTC: 2026-08-12T01:18:10.102469+00:00
-------------
Batch 0Nm_BPFI_03:127 from Motor4 received. Processing...
FFT for batch 0Nm_BPFI_03:127 published to Enterprise/Site/Area/Motor4/Analysis/Vibration/fft
Prediction for batch 0Nm_BPFI_03:127 published to Enterprise/Site/Area/Motor4/Analysis/Diagnosis/prediction
-----------------------------------------
[Motor1] raw_latency_ms=5555.950
[Motor1] EDGE UTC : 2026-08-12T01:18:04.653774+00:00
[Motor1] CLOUD UTC: 2026-08-12T01:18:10.209723+00:00
-------------
Batch 0Nm_BPFI_03:5 from Motor1 received. Processing...
FFT for batch 0Nm_BPFI_03:5 published to Enterprise/Site/Area/Motor1/Analysis/Vibration/fft
Prediction for batch 0Nm_BPFI_03:5 published to Enterprise/Site/Area/Motor1/Analysis/Diagnosis/prediction
-----------------------------------------
[Motor9] raw_latency_ms=5358.840
[Motor9] EDGE UTC : 2026-08-12T01:18:04.966086+00:00
[Motor9] CLOUD UTC: 2026-08-12T01:18:10.324926+00:00
-------------
Batch 0Nm_BPFI_03:28 from Motor9 received. Processing...
FFT for batch 0Nm_BPFI_03:28 published to Enterprise/Site/Area/Motor9/Analysis/Vibration/fft
Prediction for batch 0Nm_BPFI_03:28 published to Enterprise/Site/Area/Motor9/Analysis/Diagnosis/prediction
-----------------------------------------
[Motor7] raw_latency_ms=5625.910
[Motor7] EDGE UTC : 2026-08-12T01:18:04.802014+00:00
[Motor7] CLOUD UTC: 2026-08-12T01:18:10.427924+00:00
-------------
Batch 0Nm_BPFI_03:65 from Motor7 received. Processing...
FFT for batch 0Nm_BPFI_03:65 published to Enterprise/Site/Area/Motor7/Analysis/Vibration/fft
Prediction for batch 0Nm_BPFI_03:65 published to Enterprise/Site/Area/Motor7/Analysis/Diagnosis/prediction
-----------------------------------------
[Motor2] raw_latency_ms=5658.990
[Motor2] EDGE UTC : 2026-08-12T01:18:04.884019+00:00
[Motor2] CLOUD UTC: 2026-08-12T01:18:10.543009+00:00
-------------
Batch 0Nm_BPFI_03:173 from Motor2 received. Processing...
FFT for batch 0Nm_BPFI_03:173 published to Enterprise/Site/Area/Motor2/Analysis/Vibration/fft
Prediction for batch 0Nm_BPFI_03:173 published to Enterprise/Site/Area/Motor2/Analysis/Diagnosis/prediction
-----------------------------------------
[Motor8] raw_latency_ms=5655.317
[Motor8] EDGE UTC : 2026-08-12T01:18:05.000364+00:00
[Motor8] CLOUD UTC: 2026-08-12T01:18:10.655682+00:00
-------------
Batch 0Nm_BPFI_03:45 from Motor8 received. Processing...
FFT for batch 0Nm_BPFI_03:45 published to Enterprise/Site/Area/Motor8/Analysis/Vibration/fft
Prediction for batch 0Nm_BPFI_03:45 published to Enterprise/Site/Area/Motor8/Analysis/Diagnosis/prediction
-----------------------------------------
[Motor6] raw_latency_ms=5440.805
[Motor6] EDGE UTC : 2026-08-12T01:18:05.363683+00:00
[Motor6] CLOUD UTC: 2026-08-12T01:18:10.804488+00:00
-------------
Batch 0Nm_BPFI_03:94 from Motor6 received. Processing...
FFT for batch 0Nm_BPFI_03:94 published to Enterprise/Site/Area/Motor6/Analysis/Vibration/fft
Prediction for batch 0Nm_BPFI_03:94 published to Enterprise/Site/Area/Motor6/Analysis/Diagnosis/prediction
-----------------------------------------
[Motor5] raw_latency_ms=5565.565
[Motor5] EDGE UTC : 2026-08-12T01:18:05.349413+00:00
[Motor5] CLOUD UTC: 2026-08-12T01:18:10.914978+00:00
-------------
Batch 0Nm_BPFI_03:110 from Motor5 received. Processing...
FFT for batch 0Nm_BPFI_03:110 published to Enterprise/Site/Area/Motor5/Analysis/Vibration/fft
Prediction for batch 0Nm_BPFI_03:110 published to Enterprise/Site/Area/Motor5/Analysis/Diagnosis/prediction
-----------------------------------------
[Motor1] raw_latency_ms=5345.176
[Motor1] EDGE UTC : 2026-08-12T01:18:05.683116+00:00
[Motor1] CLOUD UTC: 2026-08-12T01:18:11.028292+00:00
-------------
Batch 0Nm_BPFI_03:6 from Motor1 received. Processing...
FFT for batch 0Nm_BPFI_03:6 published to Enterprise/Site/Area/Motor1/Analysis/Vibration/fft
Prediction for batch 0Nm_BPFI_03:6 published to Enterprise/Site/Area/Motor1/Analysis/Diagnosis/prediction
-----------------------------------------
[Motor4] raw_latency_ms=5551.917
[Motor4] EDGE UTC : 2026-08-12T01:18:05.586303+00:00
[Motor4] CLOUD UTC: 2026-08-12T01:18:11.138220+00:00
-------------
Batch 0Nm_BPFI_03:128 from Motor4 received. Processing...
FFT for batch 0Nm_BPFI_03:128 published to Enterprise/Site/Area/Motor4/Analysis/Vibration/fft
Prediction for batch 0Nm_BPFI_03:128 published to Enterprise/Site/Area/Motor4/Analysis/Diagnosis/prediction
-----------------------------------------
[Motor3] raw_latency_ms=5492.076
[Motor3] EDGE UTC : 2026-08-12T01:18:05.765661+00:00
[Motor3] CLOUD UTC: 2026-08-12T01:18:11.257737+00:00
-------------
Batch 0Nm_BPFI_03:159 from Motor3 received. Processing...
FFT for batch 0Nm_BPFI_03:159 published to Enterprise/Site/Area/Motor3/Analysis/Vibration/fft
Prediction for batch 0Nm_BPFI_03:159 published to Enterprise/Site/Area/Motor3/Analysis/Diagnosis/prediction
-----------------------------------------
[Motor9] raw_latency_ms=5394.254
[Motor9] EDGE UTC : 2026-08-12T01:18:05.969932+00:00
[Motor9] CLOUD UTC: 2026-08-12T01:18:11.364186+00:00
-------------
Batch 0Nm_BPFI_03:29 from Motor9 received. Processing...
FFT for batch 0Nm_BPFI_03:29 published to Enterprise/Site/Area/Motor9/Analysis/Vibration/fft
Prediction for batch 0Nm_BPFI_03:29 published to Enterprise/Site/Area/Motor9/Analysis/Diagnosis/prediction
-----------------------------------------
[Motor2] raw_latency_ms=5572.018
[Motor2] EDGE UTC : 2026-08-12T01:18:05.903008+00:00
[Motor2] CLOUD UTC: 2026-08-12T01:18:11.475026+00:00
-------------
Batch 0Nm_BPFI_03:174 from Motor2 received. Processing...
FFT for batch 0Nm_BPFI_03:174 published to Enterprise/Site/Area/Motor2/Analysis/Vibration/fft
Prediction for batch 0Nm_BPFI_03:174 published to Enterprise/Site/Area/Motor2/Analysis/Diagnosis/prediction
-----------------------------------------
[Motor7] raw_latency_ms=5750.008
[Motor7] EDGE UTC : 2026-08-12T01:18:05.831605+00:00
[Motor7] CLOUD UTC: 2026-08-12T01:18:11.581613+00:00
-------------
Batch 0Nm_BPFI_03:66 from Motor7 received. Processing...
FFT for batch 0Nm_BPFI_03:66 published to Enterprise/Site/Area/Motor7/Analysis/Vibration/fft
Prediction for batch 0Nm_BPFI_03:66 published to Enterprise/Site/Area/Motor7/Analysis/Diagnosis/prediction
-----------------------------------------
[Motor8] raw_latency_ms=5671.891
[Motor8] EDGE UTC : 2026-08-12T01:18:06.021827+00:00
[Motor8] CLOUD UTC: 2026-08-12T01:18:11.693718+00:00
-------------
Batch 0Nm_BPFI_03:46 from Motor8 received. Processing...
FFT for batch 0Nm_BPFI_03:46 published to Enterprise/Site/Area/Motor8/Analysis/Vibration/fft
Prediction for batch 0Nm_BPFI_03:46 published to Enterprise/Site/Area/Motor8/Analysis/Diagnosis/prediction
-----------------------------------------
[Motor6] raw_latency_ms=5445.270
[Motor6] EDGE UTC : 2026-08-12T01:18:06.369042+00:00
[Motor6] CLOUD UTC: 2026-08-12T01:18:11.814312+00:00
-------------
Batch 0Nm_BPFI_03:95 from Motor6 received. Processing...
FFT for batch 0Nm_BPFI_03:95 published to Enterprise/Site/Area/Motor6/Analysis/Vibration/fft
Prediction for batch 0Nm_BPFI_03:95 published to Enterprise/Site/Area/Motor6/Analysis/Diagnosis/prediction
-----------------------------------------
[Motor5] raw_latency_ms=5553.615
[Motor5] EDGE UTC : 2026-08-12T01:18:06.371183+00:00
[Motor5] CLOUD UTC: 2026-08-12T01:18:11.924798+00:00
-------------
Batch 0Nm_BPFI_03:111 from Motor5 received. Processing...
FFT for batch 0Nm_BPFI_03:111 published to Enterprise/Site/Area/Motor5/Analysis/Vibration/fft
Prediction for batch 0Nm_BPFI_03:111 published to Enterprise/Site/Area/Motor5/Analysis/Diagnosis/prediction
-----------------------------------------
[Motor1] raw_latency_ms=5317.961
[Motor1] EDGE UTC : 2026-08-12T01:18:06.712617+00:00
[Motor1] CLOUD UTC: 2026-08-12T01:18:12.030578+00:00
-------------
Batch 0Nm_BPFI_03:7 from Motor1 received. Processing...
FFT for batch 0Nm_BPFI_03:7 published to Enterprise/Site/Area/Motor1/Analysis/Vibration/fft
Prediction for batch 0Nm_BPFI_03:7 published to Enterprise/Site/Area/Motor1/Analysis/Diagnosis/prediction
-----------------------------------------
[Motor4] raw_latency_ms=5526.019
[Motor4] EDGE UTC : 2026-08-12T01:18:06.615840+00:00
[Motor4] CLOUD UTC: 2026-08-12T01:18:12.141859+00:00
-------------
Batch 0Nm_BPFI_03:129 from Motor4 received. Processing...
FFT for batch 0Nm_BPFI_03:129 published to Enterprise/Site/Area/Motor4/Analysis/Vibration/fft
Prediction for batch 0Nm_BPFI_03:129 published to Enterprise/Site/Area/Motor4/Analysis/Diagnosis/prediction
-----------------------------------------
[Motor3] raw_latency_ms=5476.959
[Motor3] EDGE UTC : 2026-08-12T01:18:06.772519+00:00
[Motor3] CLOUD UTC: 2026-08-12T01:18:12.249478+00:00
-------------
Batch 0Nm_BPFI_03:160 from Motor3 received. Processing...
FFT for batch 0Nm_BPFI_03:160 published to Enterprise/Site/Area/Motor3/Analysis/Vibration/fft
Prediction for batch 0Nm_BPFI_03:160 published to Enterprise/Site/Area/Motor3/Analysis/Diagnosis/prediction
-----------------------------------------
[Motor9] raw_latency_ms=5390.255
[Motor9] EDGE UTC : 2026-08-12T01:18:06.979578+00:00
[Motor9] CLOUD UTC: 2026-08-12T01:18:12.369833+00:00
-------------
Batch 0Nm_BPFI_03:30 from Motor9 received. Processing...
FFT for batch 0Nm_BPFI_03:30 published to Enterprise/Site/Area/Motor9/Analysis/Vibration/fft
Prediction for batch 0Nm_BPFI_03:30 published to Enterprise/Site/Area/Motor9/Analysis/Diagnosis/prediction
-----------------------------------------
[Motor2] raw_latency_ms=5558.699
[Motor2] EDGE UTC : 2026-08-12T01:18:06.921812+00:00
[Motor2] CLOUD UTC: 2026-08-12T01:18:12.480511+00:00
-------------
Batch 0Nm_BPFI_03:175 from Motor2 received. Processing...
FFT for batch 0Nm_BPFI_03:175 published to Enterprise/Site/Area/Motor2/Analysis/Vibration/fft
Prediction for batch 0Nm_BPFI_03:175 published to Enterprise/Site/Area/Motor2/Analysis/Diagnosis/prediction
-----------------------------------------
[Motor7] raw_latency_ms=5732.325
[Motor7] EDGE UTC : 2026-08-12T01:18:06.860991+00:00
[Motor7] CLOUD UTC: 2026-08-12T01:18:12.593316+00:00
-------------
Batch 0Nm_BPFI_03:67 from Motor7 received. Processing...
FFT for batch 0Nm_BPFI_03:67 published to Enterprise/Site/Area/Motor7/Analysis/Vibration/fft
Prediction for batch 0Nm_BPFI_03:67 published to Enterprise/Site/Area/Motor7/Analysis/Diagnosis/prediction
-----------------------------------------
[Motor8] raw_latency_ms=5658.640
[Motor8] EDGE UTC : 2026-08-12T01:18:07.042091+00:00
[Motor8] CLOUD UTC: 2026-08-12T01:18:12.700731+00:00
-------------
Batch 0Nm_BPFI_03:47 from Motor8 received. Processing...
FFT for batch 0Nm_BPFI_03:47 published to Enterprise/Site/Area/Motor8/Analysis/Vibration/fft
Prediction for batch 0Nm_BPFI_03:47 published to Enterprise/Site/Area/Motor8/Analysis/Diagnosis/prediction
-----------------------------------------
[Motor6] raw_latency_ms=5430.516
[Motor6] EDGE UTC : 2026-08-12T01:18:07.383519+00:00
[Motor6] CLOUD UTC: 2026-08-12T01:18:12.814035+00:00
-------------
Batch 0Nm_BPFI_03:96 from Motor6 received. Processing...
FFT for batch 0Nm_BPFI_03:96 published to Enterprise/Site/Area/Motor6/Analysis/Vibration/fft
Prediction for batch 0Nm_BPFI_03:96 published to Enterprise/Site/Area/Motor6/Analysis/Diagnosis/prediction
-----------------------------------------
[Motor5] raw_latency_ms=5541.570
[Motor5] EDGE UTC : 2026-08-12T01:18:07.392983+00:00
[Motor5] CLOUD UTC: 2026-08-12T01:18:12.934553+00:00
-------------
Batch 0Nm_BPFI_03:112 from Motor5 received. Processing...
FFT for batch 0Nm_BPFI_03:112 published to Enterprise/Site/Area/Motor5/Analysis/Vibration/fft
Prediction for batch 0Nm_BPFI_03:112 published to Enterprise/Site/Area/Motor5/Analysis/Diagnosis/prediction
-----------------------------------------
[Motor4] raw_latency_ms=5401.197
[Motor4] EDGE UTC : 2026-08-12T01:18:07.645020+00:00
[Motor4] CLOUD UTC: 2026-08-12T01:18:13.046217+00:00
-------------
Batch 0Nm_BPFI_03:130 from Motor4 received. Processing...
FFT for batch 0Nm_BPFI_03:130 published to Enterprise/Site/Area/Motor4/Analysis/Vibration/fft
Prediction for batch 0Nm_BPFI_03:130 published to Enterprise/Site/Area/Motor4/Analysis/Diagnosis/prediction
-----------------------------------------
[Motor3] raw_latency_ms=5374.535
[Motor3] EDGE UTC : 2026-08-12T01:18:07.787042+00:00
[Motor3] CLOUD UTC: 2026-08-12T01:18:13.161577+00:00
-------------
Batch 0Nm_BPFI_03:161 from Motor3 received. Processing...
FFT for batch 0Nm_BPFI_03:161 published to Enterprise/Site/Area/Motor3/Analysis/Vibration/fft
Prediction for batch 0Nm_BPFI_03:161 published to Enterprise/Site/Area/Motor3/Analysis/Diagnosis/prediction
-----------------------------------------
[Motor9] raw_latency_ms=5283.036
[Motor9] EDGE UTC : 2026-08-12T01:18:07.989488+00:00
[Motor9] CLOUD UTC: 2026-08-12T01:18:13.272524+00:00
-------------
Batch 0Nm_BPFI_03:31 from Motor9 received. Processing...
FFT for batch 0Nm_BPFI_03:31 published to Enterprise/Site/Area/Motor9/Analysis/Vibration/fft
Prediction for batch 0Nm_BPFI_03:31 published to Enterprise/Site/Area/Motor9/Analysis/Diagnosis/prediction
-----------------------------------------
[Motor1] raw_latency_ms=5636.555
[Motor1] EDGE UTC : 2026-08-12T01:18:07.742289+00:00
[Motor1] CLOUD UTC: 2026-08-12T01:18:13.378844+00:00
-------------
Batch 0Nm_BPFI_03:8 from Motor1 received. Processing...
FFT for batch 0Nm_BPFI_03:8 published to Enterprise/Site/Area/Motor1/Analysis/Vibration/fft
Prediction for batch 0Nm_BPFI_03:8 published to Enterprise/Site/Area/Motor1/Analysis/Diagnosis/prediction
-----------------------------------------
[Motor2] raw_latency_ms=5550.770
[Motor2] EDGE UTC : 2026-08-12T01:18:07.940698+00:00
[Motor2] CLOUD UTC: 2026-08-12T01:18:13.491468+00:00
-------------
Batch 0Nm_BPFI_03:176 from Motor2 received. Processing...
FFT for batch 0Nm_BPFI_03:176 published to Enterprise/Site/Area/Motor2/Analysis/Vibration/fft
Prediction for batch 0Nm_BPFI_03:176 published to Enterprise/Site/Area/Motor2/Analysis/Diagnosis/prediction
-----------------------------------------
[Motor7] raw_latency_ms=5707.107
[Motor7] EDGE UTC : 2026-08-12T01:18:07.890404+00:00
[Motor7] CLOUD UTC: 2026-08-12T01:18:13.597512+00:00
-------------
Batch 0Nm_BPFI_03:68 from Motor7 received. Processing...
FFT for batch 0Nm_BPFI_03:68 published to Enterprise/Site/Area/Motor7/Analysis/Vibration/fft
Prediction for batch 0Nm_BPFI_03:68 published to Enterprise/Site/Area/Motor7/Analysis/Diagnosis/prediction
-----------------------------------------
[Motor8] raw_latency_ms=5651.447
[Motor8] EDGE UTC : 2026-08-12T01:18:08.060871+00:00
[Motor8] CLOUD UTC: 2026-08-12T01:18:13.712318+00:00
-------------
Batch 0Nm_BPFI_03:48 from Motor8 received. Processing...
FFT for batch 0Nm_BPFI_03:48 published to Enterprise/Site/Area/Motor8/Analysis/Vibration/fft
Prediction for batch 0Nm_BPFI_03:48 published to Enterprise/Site/Area/Motor8/Analysis/Diagnosis/prediction
-----------------------------------------
[Motor6] raw_latency_ms=5437.296
[Motor6] EDGE UTC : 2026-08-12T01:18:08.387636+00:00
[Motor6] CLOUD UTC: 2026-08-12T01:18:13.824932+00:00
-------------
Batch 0Nm_BPFI_03:97 from Motor6 received. Processing...
FFT for batch 0Nm_BPFI_03:97 published to Enterprise/Site/Area/Motor6/Analysis/Vibration/fft
Prediction for batch 0Nm_BPFI_03:97 published to Enterprise/Site/Area/Motor6/Analysis/Diagnosis/prediction
-----------------------------------------
[Motor5] raw_latency_ms=5540.949
[Motor5] EDGE UTC : 2026-08-12T01:18:08.412437+00:00
[Motor5] CLOUD UTC: 2026-08-12T01:18:13.953387+00:00
-------------
Batch 0Nm_BPFI_03:113 from Motor5 received. Processing...
FFT for batch 0Nm_BPFI_03:113 published to Enterprise/Site/Area/Motor5/Analysis/Vibration/fft
Prediction for batch 0Nm_BPFI_03:113 published to Enterprise/Site/Area/Motor5/Analysis/Diagnosis/prediction
-----------------------------------------
[Motor1] raw_latency_ms=5287.859
[Motor1] EDGE UTC : 2026-08-12T01:18:08.771820+00:00
[Motor1] CLOUD UTC: 2026-08-12T01:18:14.059680+00:00
-------------
Batch 0Nm_BPFI_03:9 from Motor1 received. Processing...
FFT for batch 0Nm_BPFI_03:9 published to Enterprise/Site/Area/Motor1/Analysis/Vibration/fft
Prediction for batch 0Nm_BPFI_03:9 published to Enterprise/Site/Area/Motor1/Analysis/Diagnosis/prediction
-----------------------------------------
[Motor4] raw_latency_ms=5508.917
[Motor4] EDGE UTC : 2026-08-12T01:18:08.674770+00:00
[Motor4] CLOUD UTC: 2026-08-12T01:18:14.183687+00:00
-------------
Batch 0Nm_BPFI_03:131 from Motor4 received. Processing...
FFT for batch 0Nm_BPFI_03:131 published to Enterprise/Site/Area/Motor4/Analysis/Vibration/fft
Prediction for batch 0Nm_BPFI_03:131 published to Enterprise/Site/Area/Motor4/Analysis/Diagnosis/prediction
-----------------------------------------
[Motor3] raw_latency_ms=5500.980
[Motor3] EDGE UTC : 2026-08-12T01:18:08.791051+00:00
[Motor3] CLOUD UTC: 2026-08-12T01:18:14.292030+00:00
-------------
Batch 0Nm_BPFI_03:162 from Motor3 received. Processing...
FFT for batch 0Nm_BPFI_03:162 published to Enterprise/Site/Area/Motor3/Analysis/Vibration/fft
Prediction for batch 0Nm_BPFI_03:162 published to Enterprise/Site/Area/Motor3/Analysis/Diagnosis/prediction
-----------------------------------------
[Motor9] raw_latency_ms=5411.861
[Motor9] EDGE UTC : 2026-08-12T01:18:08.994492+00:00
[Motor9] CLOUD UTC: 2026-08-12T01:18:14.406353+00:00
-------------
Batch 0Nm_BPFI_03:32 from Motor9 received. Processing...
FFT for batch 0Nm_BPFI_03:32 published to Enterprise/Site/Area/Motor9/Analysis/Vibration/fft
Prediction for batch 0Nm_BPFI_03:32 published to Enterprise/Site/Area/Motor9/Analysis/Diagnosis/prediction
-----------------------------------------
[Motor7] raw_latency_ms=5594.500
[Motor7] EDGE UTC : 2026-08-12T01:18:08.920219+00:00
[Motor7] CLOUD UTC: 2026-08-12T01:18:14.514719+00:00
-------------
Batch 0Nm_BPFI_03:69 from Motor7 received. Processing...
FFT for batch 0Nm_BPFI_03:69 published to Enterprise/Site/Area/Motor7/Analysis/Vibration/fft
Prediction for batch 0Nm_BPFI_03:69 published to Enterprise/Site/Area/Motor7/Analysis/Diagnosis/prediction
-----------------------------------------
[Motor8] raw_latency_ms=5550.972
[Motor8] EDGE UTC : 2026-08-12T01:18:09.079446+00:00
[Motor8] CLOUD UTC: 2026-08-12T01:18:14.630418+00:00
-------------
Batch 0Nm_BPFI_03:49 from Motor8 received. Processing...
FFT for batch 0Nm_BPFI_03:49 published to Enterprise/Site/Area/Motor8/Analysis/Vibration/fft
Prediction for batch 0Nm_BPFI_03:49 published to Enterprise/Site/Area/Motor8/Analysis/Diagnosis/prediction
-----------------------------------------
[Motor2] raw_latency_ms=5681.528
[Motor2] EDGE UTC : 2026-08-12T01:18:09.061297+00:00
[Motor2] CLOUD UTC: 2026-08-12T01:18:14.742825+00:00
-------------
Batch 0Nm_BPFI_03:177 from Motor2 received. Processing...
FFT for batch 0Nm_BPFI_03:177 published to Enterprise/Site/Area/Motor2/Analysis/Vibration/fft
Prediction for batch 0Nm_BPFI_03:177 published to Enterprise/Site/Area/Motor2/Analysis/Diagnosis/prediction
-----------------------------------------
[Motor6] raw_latency_ms=5460.714
[Motor6] EDGE UTC : 2026-08-12T01:18:09.395452+00:00
[Motor6] CLOUD UTC: 2026-08-12T01:18:14.856166+00:00
-------------
Batch 0Nm_BPFI_03:98 from Motor6 received. Processing...
FFT for batch 0Nm_BPFI_03:98 published to Enterprise/Site/Area/Motor6/Analysis/Vibration/fft
Prediction for batch 0Nm_BPFI_03:98 published to Enterprise/Site/Area/Motor6/Analysis/Diagnosis/prediction
-----------------------------------------
[Motor5] raw_latency_ms=5546.695
[Motor5] EDGE UTC : 2026-08-12T01:18:09.431643+00:00
[Motor5] CLOUD UTC: 2026-08-12T01:18:14.978338+00:00
-------------
Batch 0Nm_BPFI_03:114 from Motor5 received. Processing...
FFT for batch 0Nm_BPFI_03:114 published to Enterprise/Site/Area/Motor5/Analysis/Vibration/fft
Prediction for batch 0Nm_BPFI_03:114 published to Enterprise/Site/Area/Motor5/Analysis/Diagnosis/prediction
-----------------------------------------
[Motor3] raw_latency_ms=5300.054
[Motor3] EDGE UTC : 2026-08-12T01:18:09.800483+00:00
[Motor3] CLOUD UTC: 2026-08-12T01:18:15.100537+00:00
-------------
Batch 0Nm_BPFI_03:163 from Motor3 received. Processing...
FFT for batch 0Nm_BPFI_03:163 published to Enterprise/Site/Area/Motor3/Analysis/Vibration/fft
Prediction for batch 0Nm_BPFI_03:163 published to Enterprise/Site/Area/Motor3/Analysis/Diagnosis/prediction
-----------------------------------------
[Motor4] raw_latency_ms=5503.151
[Motor4] EDGE UTC : 2026-08-12T01:18:09.707216+00:00
[Motor4] CLOUD UTC: 2026-08-12T01:18:15.210367+00:00
-------------
Batch 0Nm_BPFI_03:132 from Motor4 received. Processing...
FFT for batch 0Nm_BPFI_03:132 published to Enterprise/Site/Area/Motor4/Analysis/Vibration/fft
Prediction for batch 0Nm_BPFI_03:132 published to Enterprise/Site/Area/Motor4/Analysis/Diagnosis/prediction
-----------------------------------------
[Motor9] raw_latency_ms=5324.442
[Motor9] EDGE UTC : 2026-08-12T01:18:09.999830+00:00
[Motor9] CLOUD UTC: 2026-08-12T01:18:15.324272+00:00
-------------
Batch 0Nm_BPFI_03:33 from Motor9 received. Processing...
FFT for batch 0Nm_BPFI_03:33 published to Enterprise/Site/Area/Motor9/Analysis/Vibration/fft
Prediction for batch 0Nm_BPFI_03:33 published to Enterprise/Site/Area/Motor9/Analysis/Diagnosis/prediction
-----------------------------------------
[Motor1] raw_latency_ms=5637.433
[Motor1] EDGE UTC : 2026-08-12T01:18:09.801236+00:00
[Motor1] CLOUD UTC: 2026-08-12T01:18:15.438670+00:00
-------------
Batch 0Nm_BPFI_03:10 from Motor1 received. Processing...
FFT for batch 0Nm_BPFI_03:10 published to Enterprise/Site/Area/Motor1/Analysis/Vibration/fft
Prediction for batch 0Nm_BPFI_03:10 published to Enterprise/Site/Area/Motor1/Analysis/Diagnosis/prediction
-----------------------------------------
[Motor7] raw_latency_ms=5609.453
[Motor7] EDGE UTC : 2026-08-12T01:18:09.949854+00:00
[Motor7] CLOUD UTC: 2026-08-12T01:18:15.559308+00:00
-------------
Batch 0Nm_BPFI_03:70 from Motor7 received. Processing...
FFT for batch 0Nm_BPFI_03:70 published to Enterprise/Site/Area/Motor7/Analysis/Vibration/fft
Prediction for batch 0Nm_BPFI_03:70 published to Enterprise/Site/Area/Motor7/Analysis/Diagnosis/prediction
-----------------------------------------
[Motor8] raw_latency_ms=5568.716
[Motor8] EDGE UTC : 2026-08-12T01:18:10.102023+00:00
[Motor8] CLOUD UTC: 2026-08-12T01:18:15.670739+00:00
-------------
Batch 0Nm_BPFI_03:50 from Motor8 received. Processing...
FFT for batch 0Nm_BPFI_03:50 published to Enterprise/Site/Area/Motor8/Analysis/Vibration/fft
Prediction for batch 0Nm_BPFI_03:50 published to Enterprise/Site/Area/Motor8/Analysis/Diagnosis/prediction
-----------------------------------------
[Motor2] raw_latency_ms=5712.737
[Motor2] EDGE UTC : 2026-08-12T01:18:10.081800+00:00
[Motor2] CLOUD UTC: 2026-08-12T01:18:15.794536+00:00
-------------
Batch 0Nm_BPFI_03:178 from Motor2 received. Processing...
FFT for batch 0Nm_BPFI_03:178 published to Enterprise/Site/Area/Motor2/Analysis/Vibration/fft
Prediction for batch 0Nm_BPFI_03:178 published to Enterprise/Site/Area/Motor2/Analysis/Diagnosis/prediction
-----------------------------------------
[Motor6] raw_latency_ms=5501.061
[Motor6] EDGE UTC : 2026-08-12T01:18:10.401880+00:00
[Motor6] CLOUD UTC: 2026-08-12T01:18:15.902941+00:00
-------------
Batch 0Nm_BPFI_03:99 from Motor6 received. Processing...
FFT for batch 0Nm_BPFI_03:99 published to Enterprise/Site/Area/Motor6/Analysis/Vibration/fft
Prediction for batch 0Nm_BPFI_03:99 published to Enterprise/Site/Area/Motor6/Analysis/Diagnosis/prediction
-----------------------------------------
[Motor5] raw_latency_ms=5586.824
[Motor5] EDGE UTC : 2026-08-12T01:18:10.450777+00:00
[Motor5] CLOUD UTC: 2026-08-12T01:18:16.037600+00:00
-------------
Batch 0Nm_BPFI_03:115 from Motor5 received. Processing...
FFT for batch 0Nm_BPFI_03:115 published to Enterprise/Site/Area/Motor5/Analysis/Vibration/fft
Prediction for batch 0Nm_BPFI_03:115 published to Enterprise/Site/Area/Motor5/Analysis/Diagnosis/prediction
-----------------------------------------
[Motor3] raw_latency_ms=5346.442
[Motor3] EDGE UTC : 2026-08-12T01:18:10.812272+00:00
[Motor3] CLOUD UTC: 2026-08-12T01:18:16.158714+00:00
-------------
Batch 0Nm_BPFI_03:164 from Motor3 received. Processing...
FFT for batch 0Nm_BPFI_03:164 published to Enterprise/Site/Area/Motor3/Analysis/Vibration/fft
Prediction for batch 0Nm_BPFI_03:164 published to Enterprise/Site/Area/Motor3/Analysis/Diagnosis/prediction
-----------------------------------------
[Motor1] raw_latency_ms=5443.607
[Motor1] EDGE UTC : 2026-08-12T01:18:10.830195+00:00
[Motor1] CLOUD UTC: 2026-08-12T01:18:16.273802+00:00
-------------
Batch 0Nm_BPFI_03:11 from Motor1 received. Processing...
FFT for batch 0Nm_BPFI_03:11 published to Enterprise/Site/Area/Motor1/Analysis/Vibration/fft
Prediction for batch 0Nm_BPFI_03:11 published to Enterprise/Site/Area/Motor1/Analysis/Diagnosis/prediction
-----------------------------------------
[Motor4] raw_latency_ms=5649.474
[Motor4] EDGE UTC : 2026-08-12T01:18:10.736958+00:00
[Motor4] CLOUD UTC: 2026-08-12T01:18:16.386432+00:00
-------------
Batch 0Nm_BPFI_03:133 from Motor4 received. Processing...
FFT for batch 0Nm_BPFI_03:133 published to Enterprise/Site/Area/Motor4/Analysis/Vibration/fft
Prediction for batch 0Nm_BPFI_03:133 published to Enterprise/Site/Area/Motor4/Analysis/Diagnosis/prediction
-----------------------------------------
[Motor7] raw_latency_ms=5523.508
[Motor7] EDGE UTC : 2026-08-12T01:18:10.979365+00:00
[Motor7] CLOUD UTC: 2026-08-12T01:18:16.502873+00:00
-------------
Batch 0Nm_BPFI_03:71 from Motor7 received. Processing...
FFT for batch 0Nm_BPFI_03:71 published to Enterprise/Site/Area/Motor7/Analysis/Vibration/fft
Prediction for batch 0Nm_BPFI_03:71 published to Enterprise/Site/Area/Motor7/Analysis/Diagnosis/prediction
-----------------------------------------
[Motor2] raw_latency_ms=5512.059
[Motor2] EDGE UTC : 2026-08-12T01:18:11.102402+00:00
[Motor2] CLOUD UTC: 2026-08-12T01:18:16.614461+00:00
-------------
Batch 0Nm_BPFI_03:179 from Motor2 received. Processing...
FFT for batch 0Nm_BPFI_03:179 published to Enterprise/Site/Area/Motor2/Analysis/Vibration/fft
Prediction for batch 0Nm_BPFI_03:179 published to Enterprise/Site/Area/Motor2/Analysis/Diagnosis/prediction
-----------------------------------------
[Motor9] raw_latency_ms=5720.543
[Motor9] EDGE UTC : 2026-08-12T01:18:11.003429+00:00
[Motor9] CLOUD UTC: 2026-08-12T01:18:16.723973+00:00
-------------
Batch 0Nm_BPFI_03:34 from Motor9 received. Processing...
FFT for batch 0Nm_BPFI_03:34 published to Enterprise/Site/Area/Motor9/Analysis/Vibration/fft
Prediction for batch 0Nm_BPFI_03:34 published to Enterprise/Site/Area/Motor9/Analysis/Diagnosis/prediction
-----------------------------------------
[Motor8] raw_latency_ms=5707.181
[Motor8] EDGE UTC : 2026-08-12T01:18:11.123617+00:00
[Motor8] CLOUD UTC: 2026-08-12T01:18:16.830797+00:00
-------------
Batch 0Nm_BPFI_03:51 from Motor8 received. Processing...
FFT for batch 0Nm_BPFI_03:51 published to Enterprise/Site/Area/Motor8/Analysis/Vibration/fft
Prediction for batch 0Nm_BPFI_03:51 published to Enterprise/Site/Area/Motor8/Analysis/Diagnosis/prediction
-----------------------------------------
[Motor6] raw_latency_ms=5536.502
[Motor6] EDGE UTC : 2026-08-12T01:18:11.409325+00:00
[Motor6] CLOUD UTC: 2026-08-12T01:18:16.945827+00:00
-------------
Batch 0Nm_BPFI_03:100 from Motor6 received. Processing...
FFT for batch 0Nm_BPFI_03:100 published to Enterprise/Site/Area/Motor6/Analysis/Vibration/fft
Prediction for batch 0Nm_BPFI_03:100 published to Enterprise/Site/Area/Motor6/Analysis/Diagnosis/prediction
-----------------------------------------
[Motor5] raw_latency_ms=5599.478
[Motor5] EDGE UTC : 2026-08-12T01:18:11.473004+00:00
[Motor5] CLOUD UTC: 2026-08-12T01:18:17.072482+00:00
-------------
Batch 0Nm_BPFI_03:116 from Motor5 received. Processing...
FFT for batch 0Nm_BPFI_03:116 published to Enterprise/Site/Area/Motor5/Analysis/Vibration/fft
Prediction for batch 0Nm_BPFI_03:116 published to Enterprise/Site/Area/Motor5/Analysis/Diagnosis/prediction
-----------------------------------------
[Motor1] raw_latency_ms=5341.978
[Motor1] EDGE UTC : 2026-08-12T01:18:11.859303+00:00
[Motor1] CLOUD UTC: 2026-08-12T01:18:17.201282+00:00
-------------
Batch 0Nm_BPFI_03:12 from Motor1 received. Processing...
FFT for batch 0Nm_BPFI_03:12 published to Enterprise/Site/Area/Motor1/Analysis/Vibration/fft
Prediction for batch 0Nm_BPFI_03:12 published to Enterprise/Site/Area/Motor1/Analysis/Diagnosis/prediction
-----------------------------------------
[Motor7] raw_latency_ms=5298.420
[Motor7] EDGE UTC : 2026-08-12T01:18:12.016788+00:00
[Motor7] CLOUD UTC: 2026-08-12T01:18:17.315208+00:00
-------------
Batch 0Nm_BPFI_03:72 from Motor7 received. Processing...
FFT for batch 0Nm_BPFI_03:72 published to Enterprise/Site/Area/Motor7/Analysis/Vibration/fft
Prediction for batch 0Nm_BPFI_03:72 published to Enterprise/Site/Area/Motor7/Analysis/Diagnosis/prediction
-----------------------------------------
[Motor9] raw_latency_ms=5427.471
[Motor9] EDGE UTC : 2026-08-12T01:18:12.009387+00:00
[Motor9] CLOUD UTC: 2026-08-12T01:18:17.436858+00:00
-------------
Batch 0Nm_BPFI_03:35 from Motor9 received. Processing...
FFT for batch 0Nm_BPFI_03:35 published to Enterprise/Site/Area/Motor9/Analysis/Vibration/fft
Prediction for batch 0Nm_BPFI_03:35 published to Enterprise/Site/Area/Motor9/Analysis/Diagnosis/prediction
-----------------------------------------
[Motor8] raw_latency_ms=5408.530
[Motor8] EDGE UTC : 2026-08-12T01:18:12.143194+00:00
[Motor8] CLOUD UTC: 2026-08-12T01:18:17.551725+00:00
-------------
Batch 0Nm_BPFI_03:52 from Motor8 received. Processing...
FFT for batch 0Nm_BPFI_03:52 published to Enterprise/Site/Area/Motor8/Analysis/Vibration/fft
Prediction for batch 0Nm_BPFI_03:52 published to Enterprise/Site/Area/Motor8/Analysis/Diagnosis/prediction
-----------------------------------------
[Motor6] raw_latency_ms=5257.165
[Motor6] EDGE UTC : 2026-08-12T01:18:12.413812+00:00
[Motor6] CLOUD UTC: 2026-08-12T01:18:17.670977+00:00
-------------
Batch 0Nm_BPFI_03:101 from Motor6 received. Processing...
FFT for batch 0Nm_BPFI_03:101 published to Enterprise/Site/Area/Motor6/Analysis/Vibration/fft
Prediction for batch 0Nm_BPFI_03:101 published to Enterprise/Site/Area/Motor6/Analysis/Diagnosis/prediction
-----------------------------------------
[Motor5] raw_latency_ms=5292.013
[Motor5] EDGE UTC : 2026-08-12T01:18:12.492371+00:00
[Motor5] CLOUD UTC: 2026-08-12T01:18:17.784384+00:00
-------------
Batch 0Nm_BPFI_03:117 from Motor5 received. Processing...
FFT for batch 0Nm_BPFI_03:117 published to Enterprise/Site/Area/Motor5/Analysis/Vibration/fft
Prediction for batch 0Nm_BPFI_03:117 published to Enterprise/Site/Area/Motor5/Analysis/Diagnosis/prediction
-----------------------------------------
[Motor3] raw_latency_ms=6093.631
[Motor3] EDGE UTC : 2026-08-12T01:18:11.815868+00:00
[Motor3] CLOUD UTC: 2026-08-12T01:18:17.909498+00:00
-------------
Batch 0Nm_BPFI_03:165 from Motor3 received. Processing...
FFT for batch 0Nm_BPFI_03:165 published to Enterprise/Site/Area/Motor3/Analysis/Vibration/fft
Prediction for batch 0Nm_BPFI_03:165 published to Enterprise/Site/Area/Motor3/Analysis/Diagnosis/prediction
-----------------------------------------
[Motor1] raw_latency_ms=5144.305
[Motor1] EDGE UTC : 2026-08-12T01:18:12.896370+00:00
[Motor1] CLOUD UTC: 2026-08-12T01:18:18.040675+00:00
-------------
Batch 0Nm_BPFI_03:13 from Motor1 received. Processing...
FFT for batch 0Nm_BPFI_03:13 published to Enterprise/Site/Area/Motor1/Analysis/Vibration/fft
Prediction for batch 0Nm_BPFI_03:13 published to Enterprise/Site/Area/Motor1/Analysis/Diagnosis/prediction
-----------------------------------------
[Motor9] raw_latency_ms=5139.335
[Motor9] EDGE UTC : 2026-08-12T01:18:13.016277+00:00
[Motor9] CLOUD UTC: 2026-08-12T01:18:18.155612+00:00
-------------
Batch 0Nm_BPFI_03:36 from Motor9 received. Processing...
FFT for batch 0Nm_BPFI_03:36 published to Enterprise/Site/Area/Motor9/Analysis/Vibration/fft
Prediction for batch 0Nm_BPFI_03:36 published to Enterprise/Site/Area/Motor9/Analysis/Diagnosis/prediction
-----------------------------------------
[Motor4] raw_latency_ms=6505.807
[Motor4] EDGE UTC : 2026-08-12T01:18:11.766581+00:00
[Motor4] CLOUD UTC: 2026-08-12T01:18:18.272388+00:00
-------------
Batch 0Nm_BPFI_03:134 from Motor4 received. Processing...
FFT for batch 0Nm_BPFI_03:134 published to Enterprise/Site/Area/Motor4/Analysis/Vibration/fft
Prediction for batch 0Nm_BPFI_03:134 published to Enterprise/Site/Area/Motor4/Analysis/Diagnosis/prediction
-----------------------------------------
[Motor7] raw_latency_ms=5327.339
[Motor7] EDGE UTC : 2026-08-12T01:18:13.054195+00:00
[Motor7] CLOUD UTC: 2026-08-12T01:18:18.381534+00:00
-------------
Batch 0Nm_BPFI_03:73 from Motor7 received. Processing...
FFT for batch 0Nm_BPFI_03:73 published to Enterprise/Site/Area/Motor7/Analysis/Vibration/fft
Prediction for batch 0Nm_BPFI_03:73 published to Enterprise/Site/Area/Motor7/Analysis/Diagnosis/prediction
-----------------------------------------
[Motor4] raw_latency_ms=5685.002
[Motor4] EDGE UTC : 2026-08-12T01:18:12.804234+00:00
[Motor4] CLOUD UTC: 2026-08-12T01:18:18.489236+00:00
-------------
Batch 0Nm_BPFI_03:135 from Motor4 received. Processing...
FFT for batch 0Nm_BPFI_03:135 published to Enterprise/Site/Area/Motor4/Analysis/Vibration/fft
Prediction for batch 0Nm_BPFI_03:135 published to Enterprise/Site/Area/Motor4/Analysis/Diagnosis/prediction
-----------------------------------------
[Motor8] raw_latency_ms=5437.440
[Motor8] EDGE UTC : 2026-08-12T01:18:13.162793+00:00
[Motor8] CLOUD UTC: 2026-08-12T01:18:18.600232+00:00
-------------
Batch 0Nm_BPFI_03:53 from Motor8 received. Processing...
FFT for batch 0Nm_BPFI_03:53 published to Enterprise/Site/Area/Motor8/Analysis/Vibration/fft
Prediction for batch 0Nm_BPFI_03:53 published to Enterprise/Site/Area/Motor8/Analysis/Diagnosis/prediction
-----------------------------------------
[Motor6] raw_latency_ms=5283.706
[Motor6] EDGE UTC : 2026-08-12T01:18:13.422267+00:00
[Motor6] CLOUD UTC: 2026-08-12T01:18:18.705973+00:00
-------------
Batch 0Nm_BPFI_03:102 from Motor6 received. Processing...
FFT for batch 0Nm_BPFI_03:102 published to Enterprise/Site/Area/Motor6/Analysis/Vibration/fft
Prediction for batch 0Nm_BPFI_03:102 published to Enterprise/Site/Area/Motor6/Analysis/Diagnosis/prediction
-----------------------------------------
[Motor3] raw_latency_ms=5997.442
[Motor3] EDGE UTC : 2026-08-12T01:18:12.820945+00:00
[Motor3] CLOUD UTC: 2026-08-12T01:18:18.818387+00:00
-------------
Batch 0Nm_BPFI_03:166 from Motor3 received. Processing...
FFT for batch 0Nm_BPFI_03:166 published to Enterprise/Site/Area/Motor3/Analysis/Vibration/fft
Prediction for batch 0Nm_BPFI_03:166 published to Enterprise/Site/Area/Motor3/Analysis/Diagnosis/prediction
-----------------------------------------
[Motor5] raw_latency_ms=5352.147
[Motor5] EDGE UTC : 2026-08-12T01:18:13.576305+00:00
[Motor5] CLOUD UTC: 2026-08-12T01:18:18.928452+00:00
-------------
Batch 0Nm_BPFI_03:118 from Motor5 received. Processing...
FFT for batch 0Nm_BPFI_03:118 published to Enterprise/Site/Area/Motor5/Analysis/Vibration/fft
Prediction for batch 0Nm_BPFI_03:118 published to Enterprise/Site/Area/Motor5/Analysis/Diagnosis/prediction
-----------------------------------------
[Motor9] raw_latency_ms=5061.372
[Motor9] EDGE UTC : 2026-08-12T01:18:14.023579+00:00
[Motor9] CLOUD UTC: 2026-08-12T01:18:19.084951+00:00
-------------
Batch 0Nm_BPFI_03:37 from Motor9 received. Processing...
FFT for batch 0Nm_BPFI_03:37 published to Enterprise/Site/Area/Motor9/Analysis/Vibration/fft
Prediction for batch 0Nm_BPFI_03:37 published to Enterprise/Site/Area/Motor9/Analysis/Diagnosis/prediction
-----------------------------------------
[Motor1] raw_latency_ms=5268.745
[Motor1] EDGE UTC : 2026-08-12T01:18:13.933551+00:00
[Motor1] CLOUD UTC: 2026-08-12T01:18:19.202296+00:00
-------------
Batch 0Nm_BPFI_03:14 from Motor1 received. Processing...
FFT for batch 0Nm_BPFI_03:14 published to Enterprise/Site/Area/Motor1/Analysis/Vibration/fft
Prediction for batch 0Nm_BPFI_03:14 published to Enterprise/Site/Area/Motor1/Analysis/Diagnosis/prediction
-----------------------------------------
[Motor4] raw_latency_ms=5476.695
[Motor4] EDGE UTC : 2026-08-12T01:18:13.841546+00:00
[Motor4] CLOUD UTC: 2026-08-12T01:18:19.318241+00:00
-------------
Batch 0Nm_BPFI_03:136 from Motor4 received. Processing...
FFT for batch 0Nm_BPFI_03:136 published to Enterprise/Site/Area/Motor4/Analysis/Vibration/fft
Prediction for batch 0Nm_BPFI_03:136 published to Enterprise/Site/Area/Motor4/Analysis/Diagnosis/prediction
-----------------------------------------
[Motor7] raw_latency_ms=5336.934
[Motor7] EDGE UTC : 2026-08-12T01:18:14.091827+00:00
[Motor7] CLOUD UTC: 2026-08-12T01:18:19.428760+00:00
-------------
Batch 0Nm_BPFI_03:74 from Motor7 received. Processing...
FFT for batch 0Nm_BPFI_03:74 published to Enterprise/Site/Area/Motor7/Analysis/Vibration/fft
Prediction for batch 0Nm_BPFI_03:74 published to Enterprise/Site/Area/Motor7/Analysis/Diagnosis/prediction
-----------------------------------------
[Motor8] raw_latency_ms=5423.278
[Motor8] EDGE UTC : 2026-08-12T01:18:14.192552+00:00
[Motor8] CLOUD UTC: 2026-08-12T01:18:19.615830+00:00
-------------
Batch 0Nm_BPFI_03:54 from Motor8 received. Processing...
FFT for batch 0Nm_BPFI_03:54 published to Enterprise/Site/Area/Motor8/Analysis/Vibration/fft
Prediction for batch 0Nm_BPFI_03:54 published to Enterprise/Site/Area/Motor8/Analysis/Diagnosis/prediction
-----------------------------------------
[Motor3] raw_latency_ms=5995.696
[Motor3] EDGE UTC : 2026-08-12T01:18:13.824714+00:00
[Motor3] CLOUD UTC: 2026-08-12T01:18:19.820411+00:00
-------------
Batch 0Nm_BPFI_03:167 from Motor3 received. Processing...
FFT for batch 0Nm_BPFI_03:167 published to Enterprise/Site/Area/Motor3/Analysis/Vibration/fft
Prediction for batch 0Nm_BPFI_03:167 published to Enterprise/Site/Area/Motor3/Analysis/Diagnosis/prediction
-----------------------------------------
[Motor6] raw_latency_ms=5580.655
[Motor6] EDGE UTC : 2026-08-12T01:18:14.433567+00:00
[Motor6] CLOUD UTC: 2026-08-12T01:18:20.014223+00:00
-------------
Batch 0Nm_BPFI_03:103 from Motor6 received. Processing...
FFT for batch 0Nm_BPFI_03:103 published to Enterprise/Site/Area/Motor6/Analysis/Vibration/fft
Prediction for batch 0Nm_BPFI_03:103 published to Enterprise/Site/Area/Motor6/Analysis/Diagnosis/prediction
-----------------------------------------
[Motor5] raw_latency_ms=5595.414
[Motor5] EDGE UTC : 2026-08-12T01:18:14.605638+00:00
[Motor5] CLOUD UTC: 2026-08-12T01:18:20.201052+00:00
-------------
Batch 0Nm_BPFI_03:119 from Motor5 received. Processing...
FFT for batch 0Nm_BPFI_03:119 published to Enterprise/Site/Area/Motor5/Analysis/Vibration/fft
Prediction for batch 0Nm_BPFI_03:119 published to Enterprise/Site/Area/Motor5/Analysis/Diagnosis/prediction
-----------------------------------------
[Motor9] raw_latency_ms=5378.013
[Motor9] EDGE UTC : 2026-08-12T01:18:15.030892+00:00
[Motor9] CLOUD UTC: 2026-08-12T01:18:20.408905+00:00
-------------
Batch 0Nm_BPFI_03:38 from Motor9 received. Processing...
FFT for batch 0Nm_BPFI_03:38 published to Enterprise/Site/Area/Motor9/Analysis/Vibration/fft
Prediction for batch 0Nm_BPFI_03:38 published to Enterprise/Site/Area/Motor9/Analysis/Diagnosis/prediction
-----------------------------------------
[Motor1] raw_latency_ms=5632.733
[Motor1] EDGE UTC : 2026-08-12T01:18:14.971287+00:00
[Motor1] CLOUD UTC: 2026-08-12T01:18:20.604021+00:00
-------------
Batch 0Nm_BPFI_03:15 from Motor1 received. Processing...
FFT for batch 0Nm_BPFI_03:15 published to Enterprise/Site/Area/Motor1/Analysis/Vibration/fft
Prediction for batch 0Nm_BPFI_03:15 published to Enterprise/Site/Area/Motor1/Analysis/Diagnosis/prediction
-----------------------------------------
[Motor4] raw_latency_ms=5919.754
[Motor4] EDGE UTC : 2026-08-12T01:18:14.881946+00:00
[Motor4] CLOUD UTC: 2026-08-12T01:18:20.801700+00:00
-------------
Batch 0Nm_BPFI_03:137 from Motor4 received. Processing...
FFT for batch 0Nm_BPFI_03:137 published to Enterprise/Site/Area/Motor4/Analysis/Vibration/fft
Prediction for batch 0Nm_BPFI_03:137 published to Enterprise/Site/Area/Motor4/Analysis/Diagnosis/prediction
-----------------------------------------
[Motor7] raw_latency_ms=5851.994
[Motor7] EDGE UTC : 2026-08-12T01:18:15.129576+00:00
[Motor7] CLOUD UTC: 2026-08-12T01:18:20.981570+00:00
-------------
Batch 0Nm_BPFI_03:75 from Motor7 received. Processing...
FFT for batch 0Nm_BPFI_03:75 published to Enterprise/Site/Area/Motor7/Analysis/Vibration/fft
Prediction for batch 0Nm_BPFI_03:75 published to Enterprise/Site/Area/Motor7/Analysis/Diagnosis/prediction
-----------------------------------------
[Motor3] raw_latency_ms=6320.640
[Motor3] EDGE UTC : 2026-08-12T01:18:14.831439+00:00
[Motor3] CLOUD UTC: 2026-08-12T01:18:21.152079+00:00
-------------
Batch 0Nm_BPFI_03:168 from Motor3 received. Processing...
FFT for batch 0Nm_BPFI_03:168 published to Enterprise/Site/Area/Motor3/Analysis/Vibration/fft
Prediction for batch 0Nm_BPFI_03:168 published to Enterprise/Site/Area/Motor3/Analysis/Diagnosis/prediction
-----------------------------------------
[Motor8] raw_latency_ms=6105.629
[Motor8] EDGE UTC : 2026-08-12T01:18:15.226738+00:00
[Motor8] CLOUD UTC: 2026-08-12T01:18:21.332367+00:00
-------------
Batch 0Nm_BPFI_03:55 from Motor8 received. Processing...
FFT for batch 0Nm_BPFI_03:55 published to Enterprise/Site/Area/Motor8/Analysis/Vibration/fft
Prediction for batch 0Nm_BPFI_03:55 published to Enterprise/Site/Area/Motor8/Analysis/Diagnosis/prediction
-----------------------------------------
[Motor6] raw_latency_ms=6088.380
[Motor6] EDGE UTC : 2026-08-12T01:18:15.438915+00:00
[Motor6] CLOUD UTC: 2026-08-12T01:18:21.527294+00:00
-------------
Batch 0Nm_BPFI_03:104 from Motor6 received. Processing...
FFT for batch 0Nm_BPFI_03:104 published to Enterprise/Site/Area/Motor6/Analysis/Vibration/fft
Prediction for batch 0Nm_BPFI_03:104 published to Enterprise/Site/Area/Motor6/Analysis/Diagnosis/prediction
-----------------------------------------
[Motor2] raw_latency_ms=6410.345
[Motor2] EDGE UTC : 2026-08-12T01:18:15.277139+00:00
[Motor2] CLOUD UTC: 2026-08-12T01:18:21.687484+00:00
-------------
Batch 0Nm_BPFI_03:0 from Motor2 received. Processing...
FFT for batch 0Nm_BPFI_03:0 published to Enterprise/Site/Area/Motor2/Analysis/Vibration/fft
Prediction for batch 0Nm_BPFI_03:0 published to Enterprise/Site/Area/Motor2/Analysis/Diagnosis/prediction
-----------------------------------------
[Motor5] raw_latency_ms=6217.111
[Motor5] EDGE UTC : 2026-08-12T01:18:15.631387+00:00
[Motor5] CLOUD UTC: 2026-08-12T01:18:21.848498+00:00
-------------
Batch 0Nm_BPFI_03:120 from Motor5 received. Processing...
FFT for batch 0Nm_BPFI_03:120 published to Enterprise/Site/Area/Motor5/Analysis/Vibration/fft
Prediction for batch 0Nm_BPFI_03:120 published to Enterprise/Site/Area/Motor5/Analysis/Diagnosis/prediction
-----------------------------------------
[Motor9] raw_latency_ms=5980.174
[Motor9] EDGE UTC : 2026-08-12T01:18:16.034415+00:00
[Motor9] CLOUD UTC: 2026-08-12T01:18:22.014589+00:00
-------------
Batch 0Nm_BPFI_03:39 from Motor9 received. Processing...
FFT for batch 0Nm_BPFI_03:39 published to Enterprise/Site/Area/Motor9/Analysis/Vibration/fft
Prediction for batch 0Nm_BPFI_03:39 published to Enterprise/Site/Area/Motor9/Analysis/Diagnosis/prediction
-----------------------------------------
[Motor3] raw_latency_ms=6370.329
[Motor3] EDGE UTC : 2026-08-12T01:18:15.837863+00:00
[Motor3] CLOUD UTC: 2026-08-12T01:18:22.208192+00:00
-------------
Batch 0Nm_BPFI_03:169 from Motor3 received. Processing...
FFT for batch 0Nm_BPFI_03:169 published to Enterprise/Site/Area/Motor3/Analysis/Vibration/fft
Prediction for batch 0Nm_BPFI_03:169 published to Enterprise/Site/Area/Motor3/Analysis/Diagnosis/prediction
-----------------------------------------
[Motor1] raw_latency_ms=6384.201
[Motor1] EDGE UTC : 2026-08-12T01:18:16.008527+00:00
[Motor1] CLOUD UTC: 2026-08-12T01:18:22.392728+00:00
-------------
Batch 0Nm_BPFI_03:16 from Motor1 received. Processing...
FFT for batch 0Nm_BPFI_03:16 published to Enterprise/Site/Area/Motor1/Analysis/Vibration/fft
Prediction for batch 0Nm_BPFI_03:16 published to Enterprise/Site/Area/Motor1/Analysis/Diagnosis/prediction
-----------------------------------------
[Motor4] raw_latency_ms=6676.540
[Motor4] EDGE UTC : 2026-08-12T01:18:15.919328+00:00
[Motor4] CLOUD UTC: 2026-08-12T01:18:22.595868+00:00
-------------
Batch 0Nm_BPFI_03:138 from Motor4 received. Processing...
FFT for batch 0Nm_BPFI_03:138 published to Enterprise/Site/Area/Motor4/Analysis/Vibration/fft
Prediction for batch 0Nm_BPFI_03:138 published to Enterprise/Site/Area/Motor4/Analysis/Diagnosis/prediction
-----------------------------------------
[Motor7] raw_latency_ms=6592.307
[Motor7] EDGE UTC : 2026-08-12T01:18:16.167192+00:00
[Motor7] CLOUD UTC: 2026-08-12T01:18:22.759500+00:00
-------------
Batch 0Nm_BPFI_03:76 from Motor7 received. Processing...
FFT for batch 0Nm_BPFI_03:76 published to Enterprise/Site/Area/Motor7/Analysis/Vibration/fft
Prediction for batch 0Nm_BPFI_03:76 published to Enterprise/Site/Area/Motor7/Analysis/Diagnosis/prediction
-----------------------------------------
[Motor2] raw_latency_ms=6630.899
[Motor2] EDGE UTC : 2026-08-12T01:18:16.311485+00:00
[Motor2] CLOUD UTC: 2026-08-12T01:18:22.942383+00:00
-------------
Batch 0Nm_BPFI_03:1 from Motor2 received. Processing...
FFT for batch 0Nm_BPFI_03:1 published to Enterprise/Site/Area/Motor2/Analysis/Vibration/fft
Prediction for batch 0Nm_BPFI_03:1 published to Enterprise/Site/Area/Motor2/Analysis/Diagnosis/prediction
-----------------------------------------
[Motor8] raw_latency_ms=6862.671
[Motor8] EDGE UTC : 2026-08-12T01:18:16.255250+00:00
[Motor8] CLOUD UTC: 2026-08-12T01:18:23.117921+00:00
-------------
Batch 0Nm_BPFI_03:56 from Motor8 received. Processing...
FFT for batch 0Nm_BPFI_03:56 published to Enterprise/Site/Area/Motor8/Analysis/Vibration/fft
Prediction for batch 0Nm_BPFI_03:56 published to Enterprise/Site/Area/Motor8/Analysis/Diagnosis/prediction
-----------------------------------------
[Motor6] raw_latency_ms=6865.711
[Motor6] EDGE UTC : 2026-08-12T01:18:16.445451+00:00
[Motor6] CLOUD UTC: 2026-08-12T01:18:23.311162+00:00
-------------
Batch 0Nm_BPFI_03:105 from Motor6 received. Processing...
FFT for batch 0Nm_BPFI_03:105 published to Enterprise/Site/Area/Motor6/Analysis/Vibration/fft
Prediction for batch 0Nm_BPFI_03:105 published to Enterprise/Site/Area/Motor6/Analysis/Diagnosis/prediction
-----------------------------------------
[Motor5] raw_latency_ms=6877.979
[Motor5] EDGE UTC : 2026-08-12T01:18:16.652988+00:00
[Motor5] CLOUD UTC: 2026-08-12T01:18:23.530967+00:00
-------------
Batch 0Nm_BPFI_03:121 from Motor5 received. Processing...
FFT for batch 0Nm_BPFI_03:121 published to Enterprise/Site/Area/Motor5/Analysis/Vibration/fft
Prediction for batch 0Nm_BPFI_03:121 published to Enterprise/Site/Area/Motor5/Analysis/Diagnosis/prediction
-----------------------------------------
[Motor9] raw_latency_ms=6676.786
[Motor9] EDGE UTC : 2026-08-12T01:18:17.040676+00:00
[Motor9] CLOUD UTC: 2026-08-12T01:18:23.717463+00:00
-------------
Batch 0Nm_BPFI_03:40 from Motor9 received. Processing...
FFT for batch 0Nm_BPFI_03:40 published to Enterprise/Site/Area/Motor9/Analysis/Vibration/fft
Prediction for batch 0Nm_BPFI_03:40 published to Enterprise/Site/Area/Motor9/Analysis/Diagnosis/prediction
-----------------------------------------
[Motor1] raw_latency_ms=6830.853
[Motor1] EDGE UTC : 2026-08-12T01:18:17.045732+00:00
[Motor1] CLOUD UTC: 2026-08-12T01:18:23.876585+00:00
-------------
Batch 0Nm_BPFI_03:17 from Motor1 received. Processing...
FFT for batch 0Nm_BPFI_03:17 published to Enterprise/Site/Area/Motor1/Analysis/Vibration/fft
Prediction for batch 0Nm_BPFI_03:17 published to Enterprise/Site/Area/Motor1/Analysis/Diagnosis/prediction
-----------------------------------------
[Motor3] raw_latency_ms=7141.001
[Motor3] EDGE UTC : 2026-08-12T01:18:16.842728+00:00
[Motor3] CLOUD UTC: 2026-08-12T01:18:23.983730+00:00
-------------
Batch 0Nm_BPFI_03:170 from Motor3 received. Processing...
FFT for batch 0Nm_BPFI_03:170 published to Enterprise/Site/Area/Motor3/Analysis/Vibration/fft
Prediction for batch 0Nm_BPFI_03:170 published to Enterprise/Site/Area/Motor3/Analysis/Diagnosis/prediction
-----------------------------------------
[Motor4] raw_latency_ms=7142.390
[Motor4] EDGE UTC : 2026-08-12T01:18:16.956827+00:00
[Motor4] CLOUD UTC: 2026-08-12T01:18:24.099217+00:00
-------------
Batch 0Nm_BPFI_03:139 from Motor4 received. Processing...
FFT for batch 0Nm_BPFI_03:139 published to Enterprise/Site/Area/Motor4/Analysis/Vibration/fft
Prediction for batch 0Nm_BPFI_03:139 published to Enterprise/Site/Area/Motor4/Analysis/Diagnosis/prediction
-----------------------------------------
[Motor7] raw_latency_ms=7003.545
[Motor7] EDGE UTC : 2026-08-12T01:18:17.204778+00:00
[Motor7] CLOUD UTC: 2026-08-12T01:18:24.208323+00:00
-------------
Batch 0Nm_BPFI_03:77 from Motor7 received. Processing...
FFT for batch 0Nm_BPFI_03:77 published to Enterprise/Site/Area/Motor7/Analysis/Vibration/fft
Prediction for batch 0Nm_BPFI_03:77 published to Enterprise/Site/Area/Motor7/Analysis/Diagnosis/prediction
-----------------------------------------
[Motor2] raw_latency_ms=6990.705
[Motor2] EDGE UTC : 2026-08-12T01:18:17.333310+00:00
[Motor2] CLOUD UTC: 2026-08-12T01:18:24.324014+00:00
-------------
Batch 0Nm_BPFI_03:2 from Motor2 received. Processing...
FFT for batch 0Nm_BPFI_03:2 published to Enterprise/Site/Area/Motor2/Analysis/Vibration/fft
Prediction for batch 0Nm_BPFI_03:2 published to Enterprise/Site/Area/Motor2/Analysis/Diagnosis/prediction
-----------------------------------------
[Motor8] raw_latency_ms=7172.750
[Motor8] EDGE UTC : 2026-08-12T01:18:17.273876+00:00
[Motor8] CLOUD UTC: 2026-08-12T01:18:24.446626+00:00
-------------
Batch 0Nm_BPFI_03:57 from Motor8 received. Processing...
FFT for batch 0Nm_BPFI_03:57 published to Enterprise/Site/Area/Motor8/Analysis/Vibration/fft
Prediction for batch 0Nm_BPFI_03:57 published to Enterprise/Site/Area/Motor8/Analysis/Diagnosis/prediction
-----------------------------------------
[Motor6] raw_latency_ms=7111.449
[Motor6] EDGE UTC : 2026-08-12T01:18:17.451757+00:00
[Motor6] CLOUD UTC: 2026-08-12T01:18:24.563206+00:00
-------------
Batch 0Nm_BPFI_03:106 from Motor6 received. Processing...
FFT for batch 0Nm_BPFI_03:106 published to Enterprise/Site/Area/Motor6/Analysis/Vibration/fft
Prediction for batch 0Nm_BPFI_03:106 published to Enterprise/Site/Area/Motor6/Analysis/Diagnosis/prediction
-----------------------------------------
[Motor5] raw_latency_ms=6995.492
[Motor5] EDGE UTC : 2026-08-12T01:18:17.674921+00:00
[Motor5] CLOUD UTC: 2026-08-12T01:18:24.670413+00:00
-------------
Batch 0Nm_BPFI_03:122 from Motor5 received. Processing...
FFT for batch 0Nm_BPFI_03:122 published to Enterprise/Site/Area/Motor5/Analysis/Vibration/fft
Prediction for batch 0Nm_BPFI_03:122 published to Enterprise/Site/Area/Motor5/Analysis/Diagnosis/prediction
-----------------------------------------
[Motor9] raw_latency_ms=6739.417
[Motor9] EDGE UTC : 2026-08-12T01:18:18.044384+00:00
[Motor9] CLOUD UTC: 2026-08-12T01:18:24.783801+00:00
-------------
Batch 0Nm_BPFI_03:41 from Motor9 received. Processing...
FFT for batch 0Nm_BPFI_03:41 published to Enterprise/Site/Area/Motor9/Analysis/Vibration/fft
Prediction for batch 0Nm_BPFI_03:41 published to Enterprise/Site/Area/Motor9/Analysis/Diagnosis/prediction
-----------------------------------------
[Motor3] raw_latency_ms=7046.324
[Motor3] EDGE UTC : 2026-08-12T01:18:17.847508+00:00
[Motor3] CLOUD UTC: 2026-08-12T01:18:24.893832+00:00
-------------
Batch 0Nm_BPFI_03:171 from Motor3 received. Processing...
FFT for batch 0Nm_BPFI_03:171 published to Enterprise/Site/Area/Motor3/Analysis/Vibration/fft
Prediction for batch 0Nm_BPFI_03:171 published to Enterprise/Site/Area/Motor3/Analysis/Diagnosis/prediction
-----------------------------------------
[Motor4] raw_latency_ms=7010.401
[Motor4] EDGE UTC : 2026-08-12T01:18:17.994110+00:00
[Motor4] CLOUD UTC: 2026-08-12T01:18:25.004512+00:00
-------------
Batch 0Nm_BPFI_03:140 from Motor4 received. Processing...
FFT for batch 0Nm_BPFI_03:140 published to Enterprise/Site/Area/Motor4/Analysis/Vibration/fft
Prediction for batch 0Nm_BPFI_03:140 published to Enterprise/Site/Area/Motor4/Analysis/Diagnosis/prediction
-----------------------------------------
[Motor1] raw_latency_ms=7033.513
[Motor1] EDGE UTC : 2026-08-12T01:18:18.083040+00:00
[Motor1] CLOUD UTC: 2026-08-12T01:18:25.116553+00:00
-------------
Batch 0Nm_BPFI_03:18 from Motor1 received. Processing...
FFT for batch 0Nm_BPFI_03:18 published to Enterprise/Site/Area/Motor1/Analysis/Vibration/fft
Prediction for batch 0Nm_BPFI_03:18 published to Enterprise/Site/Area/Motor1/Analysis/Diagnosis/prediction
-----------------------------------------
[Motor8] raw_latency_ms=6942.113
[Motor8] EDGE UTC : 2026-08-12T01:18:18.292616+00:00
[Motor8] CLOUD UTC: 2026-08-12T01:18:25.234729+00:00
-------------
Batch 0Nm_BPFI_03:58 from Motor8 received. Processing...
FFT for batch 0Nm_BPFI_03:58 published to Enterprise/Site/Area/Motor8/Analysis/Vibration/fft
Prediction for batch 0Nm_BPFI_03:58 published to Enterprise/Site/Area/Motor8/Analysis/Diagnosis/prediction
-----------------------------------------
[Motor6] raw_latency_ms=6888.962
[Motor6] EDGE UTC : 2026-08-12T01:18:18.455767+00:00
[Motor6] CLOUD UTC: 2026-08-12T01:18:25.344730+00:00
-------------
Batch 0Nm_BPFI_03:107 from Motor6 received. Processing...
FFT for batch 0Nm_BPFI_03:107 published to Enterprise/Site/Area/Motor6/Analysis/Vibration/fft
Prediction for batch 0Nm_BPFI_03:107 published to Enterprise/Site/Area/Motor6/Analysis/Diagnosis/prediction
-----------------------------------------
[Motor2] raw_latency_ms=7128.055
[Motor2] EDGE UTC : 2026-08-12T01:18:18.352608+00:00
[Motor2] CLOUD UTC: 2026-08-12T01:18:25.480663+00:00
-------------
Batch 0Nm_BPFI_03:3 from Motor2 received. Processing...
FFT for batch 0Nm_BPFI_03:3 published to Enterprise/Site/Area/Motor2/Analysis/Vibration/fft
Prediction for batch 0Nm_BPFI_03:3 published to Enterprise/Site/Area/Motor2/Analysis/Diagnosis/prediction
-----------------------------------------
[Motor7] raw_latency_ms=7344.736
[Motor7] EDGE UTC : 2026-08-12T01:18:18.242181+00:00
[Motor7] CLOUD UTC: 2026-08-12T01:18:25.586917+00:00
-------------
Batch 0Nm_BPFI_03:78 from Motor7 received. Processing...
FFT for batch 0Nm_BPFI_03:78 published to Enterprise/Site/Area/Motor7/Analysis/Vibration/fft
Prediction for batch 0Nm_BPFI_03:78 published to Enterprise/Site/Area/Motor7/Analysis/Diagnosis/prediction
-----------------------------------------
[Motor5] raw_latency_ms=7009.515
[Motor5] EDGE UTC : 2026-08-12T01:18:18.694197+00:00
[Motor5] CLOUD UTC: 2026-08-12T01:18:25.703712+00:00
-------------
Batch 0Nm_BPFI_03:123 from Motor5 received. Processing...
FFT for batch 0Nm_BPFI_03:123 published to Enterprise/Site/Area/Motor5/Analysis/Vibration/fft
Prediction for batch 0Nm_BPFI_03:123 published to Enterprise/Site/Area/Motor5/Analysis/Diagnosis/prediction
-----------------------------------------
[Motor9] raw_latency_ms=6759.672
[Motor9] EDGE UTC : 2026-08-12T01:18:19.052902+00:00
[Motor9] CLOUD UTC: 2026-08-12T01:18:25.812573+00:00
-------------
Batch 0Nm_BPFI_03:42 from Motor9 received. Processing...
FFT for batch 0Nm_BPFI_03:42 published to Enterprise/Site/Area/Motor9/Analysis/Vibration/fft
Prediction for batch 0Nm_BPFI_03:42 published to Enterprise/Site/Area/Motor9/Analysis/Diagnosis/prediction
-----------------------------------------
[Motor3] raw_latency_ms=7077.243
[Motor3] EDGE UTC : 2026-08-12T01:18:18.853206+00:00
[Motor3] CLOUD UTC: 2026-08-12T01:18:25.930449+00:00
-------------
Batch 0Nm_BPFI_03:172 from Motor3 received. Processing...
FFT for batch 0Nm_BPFI_03:172 published to Enterprise/Site/Area/Motor3/Analysis/Vibration/fft
Prediction for batch 0Nm_BPFI_03:172 published to Enterprise/Site/Area/Motor3/Analysis/Diagnosis/prediction
-----------------------------------------
[Motor1] raw_latency_ms=6919.372
[Motor1] EDGE UTC : 2026-08-12T01:18:19.120398+00:00
[Motor1] CLOUD UTC: 2026-08-12T01:18:26.039770+00:00
-------------
Batch 0Nm_BPFI_03:19 from Motor1 received. Processing...
FFT for batch 0Nm_BPFI_03:19 published to Enterprise/Site/Area/Motor1/Analysis/Vibration/fft
Prediction for batch 0Nm_BPFI_03:19 published to Enterprise/Site/Area/Motor1/Analysis/Diagnosis/prediction
-----------------------------------------
[Motor4] raw_latency_ms=7124.461
[Motor4] EDGE UTC : 2026-08-12T01:18:19.031543+00:00
[Motor4] CLOUD UTC: 2026-08-12T01:18:26.156003+00:00
-------------
Batch 0Nm_BPFI_03:141 from Motor4 received. Processing...
FFT for batch 0Nm_BPFI_03:141 published to Enterprise/Site/Area/Motor4/Analysis/Vibration/fft
Prediction for batch 0Nm_BPFI_03:141 published to Enterprise/Site/Area/Motor4/Analysis/Diagnosis/prediction
-----------------------------------------
[Motor6] raw_latency_ms=6811.337
[Motor6] EDGE UTC : 2026-08-12T01:18:19.460241+00:00
[Motor6] CLOUD UTC: 2026-08-12T01:18:26.271578+00:00
-------------
Batch 0Nm_BPFI_03:108 from Motor6 received. Processing...
FFT for batch 0Nm_BPFI_03:108 published to Enterprise/Site/Area/Motor6/Analysis/Vibration/fft
Prediction for batch 0Nm_BPFI_03:108 published to Enterprise/Site/Area/Motor6/Analysis/Diagnosis/prediction
-----------------------------------------
[Motor2] raw_latency_ms=7014.305
[Motor2] EDGE UTC : 2026-08-12T01:18:19.371711+00:00
[Motor2] CLOUD UTC: 2026-08-12T01:18:26.386016+00:00
-------------
Batch 0Nm_BPFI_03:4 from Motor2 received. Processing...
FFT for batch 0Nm_BPFI_03:4 published to Enterprise/Site/Area/Motor2/Analysis/Vibration/fft
Prediction for batch 0Nm_BPFI_03:4 published to Enterprise/Site/Area/Motor2/Analysis/Diagnosis/prediction
-----------------------------------------
[Motor7] raw_latency_ms=7227.225
[Motor7] EDGE UTC : 2026-08-12T01:18:19.279825+00:00
[Motor7] CLOUD UTC: 2026-08-12T01:18:26.507050+00:00
-------------
Batch 0Nm_BPFI_03:79 from Motor7 received. Processing...
FFT for batch 0Nm_BPFI_03:79 published to Enterprise/Site/Area/Motor7/Analysis/Vibration/fft
Prediction for batch 0Nm_BPFI_03:79 published to Enterprise/Site/Area/Motor7/Analysis/Diagnosis/prediction
-----------------------------------------
[Motor5] raw_latency_ms=6904.712
[Motor5] EDGE UTC : 2026-08-12T01:18:19.713110+00:00
[Motor5] CLOUD UTC: 2026-08-12T01:18:26.617823+00:00
-------------
Batch 0Nm_BPFI_03:124 from Motor5 received. Processing...
FFT for batch 0Nm_BPFI_03:124 published to Enterprise/Site/Area/Motor5/Analysis/Vibration/fft
Prediction for batch 0Nm_BPFI_03:124 published to Enterprise/Site/Area/Motor5/Analysis/Diagnosis/prediction
-----------------------------------------
[Motor8] raw_latency_ms=7358.279
[Motor8] EDGE UTC : 2026-08-12T01:18:19.370190+00:00
[Motor8] CLOUD UTC: 2026-08-12T01:18:26.728468+00:00
-------------
Batch 0Nm_BPFI_03:59 from Motor8 received. Processing...
FFT for batch 0Nm_BPFI_03:59 published to Enterprise/Site/Area/Motor8/Analysis/Vibration/fft
Prediction for batch 0Nm_BPFI_03:59 published to Enterprise/Site/Area/Motor8/Analysis/Diagnosis/prediction
-----------------------------------------
[Motor9] raw_latency_ms=6782.668
[Motor9] EDGE UTC : 2026-08-12T01:18:20.059010+00:00
[Motor9] CLOUD UTC: 2026-08-12T01:18:26.841678+00:00
-------------
Batch 0Nm_BPFI_03:43 from Motor9 received. Processing...
FFT for batch 0Nm_BPFI_03:43 published to Enterprise/Site/Area/Motor9/Analysis/Vibration/fft
Prediction for batch 0Nm_BPFI_03:43 published to Enterprise/Site/Area/Motor9/Analysis/Diagnosis/prediction
-----------------------------------------
[Motor3] raw_latency_ms=7089.744
[Motor3] EDGE UTC : 2026-08-12T01:18:19.859085+00:00
[Motor3] CLOUD UTC: 2026-08-12T01:18:26.948829+00:00
-------------
Batch 0Nm_BPFI_03:173 from Motor3 received. Processing...
FFT for batch 0Nm_BPFI_03:173 published to Enterprise/Site/Area/Motor3/Analysis/Vibration/fft
Prediction for batch 0Nm_BPFI_03:173 published to Enterprise/Site/Area/Motor3/Analysis/Diagnosis/prediction
-----------------------------------------
[Motor4] raw_latency_ms=6880.303
[Motor4] EDGE UTC : 2026-08-12T01:18:20.180985+00:00
[Motor4] CLOUD UTC: 2026-08-12T01:18:27.061288+00:00
-------------
Batch 0Nm_BPFI_03:142 from Motor4 received. Processing...
FFT for batch 0Nm_BPFI_03:142 published to Enterprise/Site/Area/Motor4/Analysis/Vibration/fft
Prediction for batch 0Nm_BPFI_03:142 published to Enterprise/Site/Area/Motor4/Analysis/Diagnosis/prediction
-----------------------------------------
[Motor1] raw_latency_ms=7015.291
[Motor1] EDGE UTC : 2026-08-12T01:18:20.157726+00:00
[Motor1] CLOUD UTC: 2026-08-12T01:18:27.173017+00:00
-------------
Batch 0Nm_BPFI_03:20 from Motor1 received. Processing...
FFT for batch 0Nm_BPFI_03:20 published to Enterprise/Site/Area/Motor1/Analysis/Vibration/fft
Prediction for batch 0Nm_BPFI_03:20 published to Enterprise/Site/Area/Motor1/Analysis/Diagnosis/prediction
-----------------------------------------
[Motor6] raw_latency_ms=6820.242
[Motor6] EDGE UTC : 2026-08-12T01:18:20.465996+00:00
[Motor6] CLOUD UTC: 2026-08-12T01:18:27.286238+00:00
-------------
Batch 0Nm_BPFI_03:109 from Motor6 received. Processing...
FFT for batch 0Nm_BPFI_03:109 published to Enterprise/Site/Area/Motor6/Analysis/Vibration/fft
Prediction for batch 0Nm_BPFI_03:109 published to Enterprise/Site/Area/Motor6/Analysis/Diagnosis/prediction
-----------------------------------------
[Motor2] raw_latency_ms=7004.856
[Motor2] EDGE UTC : 2026-08-12T01:18:20.390504+00:00
[Motor2] CLOUD UTC: 2026-08-12T01:18:27.395360+00:00
-------------
Batch 0Nm_BPFI_03:5 from Motor2 received. Processing...
FFT for batch 0Nm_BPFI_03:5 published to Enterprise/Site/Area/Motor2/Analysis/Vibration/fft
Prediction for batch 0Nm_BPFI_03:5 published to Enterprise/Site/Area/Motor2/Analysis/Diagnosis/prediction
-----------------------------------------
[Motor8] raw_latency_ms=7155.845
[Motor8] EDGE UTC : 2026-08-12T01:18:20.388610+00:00
[Motor8] CLOUD UTC: 2026-08-12T01:18:27.544455+00:00
-------------
Batch 0Nm_BPFI_03:60 from Motor8 received. Processing...
FFT for batch 0Nm_BPFI_03:60 published to Enterprise/Site/Area/Motor8/Analysis/Vibration/fft
Prediction for batch 0Nm_BPFI_03:60 published to Enterprise/Site/Area/Motor8/Analysis/Diagnosis/prediction
-----------------------------------------
[Motor7] raw_latency_ms=7336.089
[Motor7] EDGE UTC : 2026-08-12T01:18:20.317173+00:00
[Motor7] CLOUD UTC: 2026-08-12T01:18:27.653261+00:00
-------------
Batch 0Nm_BPFI_03:80 from Motor7 received. Processing...
FFT for batch 0Nm_BPFI_03:80 published to Enterprise/Site/Area/Motor7/Analysis/Vibration/fft
Prediction for batch 0Nm_BPFI_03:80 published to Enterprise/Site/Area/Motor7/Analysis/Diagnosis/prediction
-----------------------------------------
[Motor5] raw_latency_ms=7029.647
[Motor5] EDGE UTC : 2026-08-12T01:18:20.734926+00:00
[Motor5] CLOUD UTC: 2026-08-12T01:18:27.764573+00:00
-------------
Batch 0Nm_BPFI_03:125 from Motor5 received. Processing...
FFT for batch 0Nm_BPFI_03:125 published to Enterprise/Site/Area/Motor5/Analysis/Vibration/fft
Prediction for batch 0Nm_BPFI_03:125 published to Enterprise/Site/Area/Motor5/Analysis/Diagnosis/prediction
-----------------------------------------
[Motor9] raw_latency_ms=6808.336
[Motor9] EDGE UTC : 2026-08-12T01:18:21.064508+00:00
[Motor9] CLOUD UTC: 2026-08-12T01:18:27.872844+00:00
-------------
Batch 0Nm_BPFI_03:44 from Motor9 received. Processing...
FFT for batch 0Nm_BPFI_03:44 published to Enterprise/Site/Area/Motor9/Analysis/Vibration/fft
Prediction for batch 0Nm_BPFI_03:44 published to Enterprise/Site/Area/Motor9/Analysis/Diagnosis/prediction
-----------------------------------------
[Motor3] raw_latency_ms=7157.054
[Motor3] EDGE UTC : 2026-08-12T01:18:20.864685+00:00
[Motor3] CLOUD UTC: 2026-08-12T01:18:28.021739+00:00
-------------
Batch 0Nm_BPFI_03:174 from Motor3 received. Processing...
FFT for batch 0Nm_BPFI_03:174 published to Enterprise/Site/Area/Motor3/Analysis/Vibration/fft
Prediction for batch 0Nm_BPFI_03:174 published to Enterprise/Site/Area/Motor3/Analysis/Diagnosis/prediction
-----------------------------------------
[Motor1] raw_latency_ms=6942.103
[Motor1] EDGE UTC : 2026-08-12T01:18:21.196104+00:00
[Motor1] CLOUD UTC: 2026-08-12T01:18:28.138206+00:00
-------------
Batch 0Nm_BPFI_03:21 from Motor1 received. Processing...
FFT for batch 0Nm_BPFI_03:21 published to Enterprise/Site/Area/Motor1/Analysis/Vibration/fft
Prediction for batch 0Nm_BPFI_03:21 published to Enterprise/Site/Area/Motor1/Analysis/Diagnosis/prediction
-----------------------------------------
[Motor4] raw_latency_ms=7033.481
[Motor4] EDGE UTC : 2026-08-12T01:18:21.219782+00:00
[Motor4] CLOUD UTC: 2026-08-12T01:18:28.253263+00:00
-------------
Batch 0Nm_BPFI_03:143 from Motor4 received. Processing...
FFT for batch 0Nm_BPFI_03:143 published to Enterprise/Site/Area/Motor4/Analysis/Vibration/fft
Prediction for batch 0Nm_BPFI_03:143 published to Enterprise/Site/Area/Motor4/Analysis/Diagnosis/prediction
-----------------------------------------
[Motor6] raw_latency_ms=6891.469
[Motor6] EDGE UTC : 2026-08-12T01:18:21.469853+00:00
[Motor6] CLOUD UTC: 2026-08-12T01:18:28.361323+00:00
-------------
Batch 0Nm_BPFI_03:110 from Motor6 received. Processing...
FFT for batch 0Nm_BPFI_03:110 published to Enterprise/Site/Area/Motor6/Analysis/Vibration/fft
Prediction for batch 0Nm_BPFI_03:110 published to Enterprise/Site/Area/Motor6/Analysis/Diagnosis/prediction
-----------------------------------------
[Motor2] raw_latency_ms=7073.015
[Motor2] EDGE UTC : 2026-08-12T01:18:21.409428+00:00
[Motor2] CLOUD UTC: 2026-08-12T01:18:28.482443+00:00
-------------
Batch 0Nm_BPFI_03:6 from Motor2 received. Processing...
FFT for batch 0Nm_BPFI_03:6 published to Enterprise/Site/Area/Motor2/Analysis/Vibration/fft
Prediction for batch 0Nm_BPFI_03:6 published to Enterprise/Site/Area/Motor2/Analysis/Diagnosis/prediction
-----------------------------------------
[Motor7] raw_latency_ms=7257.393
[Motor7] EDGE UTC : 2026-08-12T01:18:21.354369+00:00
[Motor7] CLOUD UTC: 2026-08-12T01:18:28.611762+00:00
-------------
Batch 0Nm_BPFI_03:81 from Motor7 received. Processing...
FFT for batch 0Nm_BPFI_03:81 published to Enterprise/Site/Area/Motor7/Analysis/Vibration/fft
Prediction for batch 0Nm_BPFI_03:81 published to Enterprise/Site/Area/Motor7/Analysis/Diagnosis/prediction
-----------------------------------------
[Motor8] raw_latency_ms=7324.318
[Motor8] EDGE UTC : 2026-08-12T01:18:21.407469+00:00
[Motor8] CLOUD UTC: 2026-08-12T01:18:28.731787+00:00
-------------
Batch 0Nm_BPFI_03:61 from Motor8 received. Processing...
FFT for batch 0Nm_BPFI_03:61 published to Enterprise/Site/Area/Motor8/Analysis/Vibration/fft
Prediction for batch 0Nm_BPFI_03:61 published to Enterprise/Site/Area/Motor8/Analysis/Diagnosis/prediction
-----------------------------------------
[Motor5] raw_latency_ms=7083.878
[Motor5] EDGE UTC : 2026-08-12T01:18:21.754271+00:00
[Motor5] CLOUD UTC: 2026-08-12T01:18:28.838148+00:00
-------------
Batch 0Nm_BPFI_03:126 from Motor5 received. Processing...
FFT for batch 0Nm_BPFI_03:126 published to Enterprise/Site/Area/Motor5/Analysis/Vibration/fft
Prediction for batch 0Nm_BPFI_03:126 published to Enterprise/Site/Area/Motor5/Analysis/Diagnosis/prediction
-----------------------------------------
[Motor9] raw_latency_ms=6886.896
[Motor9] EDGE UTC : 2026-08-12T01:18:22.071461+00:00
[Motor9] CLOUD UTC: 2026-08-12T01:18:28.958357+00:00
-------------
Batch 0Nm_BPFI_03:45 from Motor9 received. Processing...
FFT for batch 0Nm_BPFI_03:45 published to Enterprise/Site/Area/Motor9/Analysis/Vibration/fft
Prediction for batch 0Nm_BPFI_03:45 published to Enterprise/Site/Area/Motor9/Analysis/Diagnosis/prediction
-----------------------------------------
[Motor3] raw_latency_ms=7195.411
[Motor3] EDGE UTC : 2026-08-12T01:18:21.868470+00:00
[Motor3] CLOUD UTC: 2026-08-12T01:18:29.063880+00:00
-------------
Batch 0Nm_BPFI_03:175 from Motor3 received. Processing...
FFT for batch 0Nm_BPFI_03:175 published to Enterprise/Site/Area/Motor3/Analysis/Vibration/fft
Prediction for batch 0Nm_BPFI_03:175 published to Enterprise/Site/Area/Motor3/Analysis/Diagnosis/prediction
-----------------------------------------
[Motor4] raw_latency_ms=6917.340
[Motor4] EDGE UTC : 2026-08-12T01:18:22.258829+00:00
[Motor4] CLOUD UTC: 2026-08-12T01:18:29.176169+00:00
-------------
Batch 0Nm_BPFI_03:144 from Motor4 received. Processing...
FFT for batch 0Nm_BPFI_03:144 published to Enterprise/Site/Area/Motor4/Analysis/Vibration/fft
Prediction for batch 0Nm_BPFI_03:144 published to Enterprise/Site/Area/Motor4/Analysis/Diagnosis/prediction
-----------------------------------------
[Motor1] raw_latency_ms=7056.963
[Motor1] EDGE UTC : 2026-08-12T01:18:22.234585+00:00
[Motor1] CLOUD UTC: 2026-08-12T01:18:29.291548+00:00
-------------
Batch 0Nm_BPFI_03:22 from Motor1 received. Processing...
FFT for batch 0Nm_BPFI_03:22 published to Enterprise/Site/Area/Motor1/Analysis/Vibration/fft
Prediction for batch 0Nm_BPFI_03:22 published to Enterprise/Site/Area/Motor1/Analysis/Diagnosis/prediction
-----------------------------------------
[Motor6] raw_latency_ms=6930.648
[Motor6] EDGE UTC : 2026-08-12T01:18:22.474522+00:00
[Motor6] CLOUD UTC: 2026-08-12T01:18:29.405171+00:00
-------------
Batch 0Nm_BPFI_03:111 from Motor6 received. Processing...
FFT for batch 0Nm_BPFI_03:111 published to Enterprise/Site/Area/Motor6/Analysis/Vibration/fft
Prediction for batch 0Nm_BPFI_03:111 published to Enterprise/Site/Area/Motor6/Analysis/Diagnosis/prediction
-----------------------------------------
[Motor2] raw_latency_ms=7084.307
[Motor2] EDGE UTC : 2026-08-12T01:18:22.428277+00:00
[Motor2] CLOUD UTC: 2026-08-12T01:18:29.512584+00:00
-------------
Batch 0Nm_BPFI_03:7 from Motor2 received. Processing...
FFT for batch 0Nm_BPFI_03:7 published to Enterprise/Site/Area/Motor2/Analysis/Vibration/fft
Prediction for batch 0Nm_BPFI_03:7 published to Enterprise/Site/Area/Motor2/Analysis/Diagnosis/prediction
-----------------------------------------
[Motor8] raw_latency_ms=7214.691
[Motor8] EDGE UTC : 2026-08-12T01:18:22.428699+00:00
[Motor8] CLOUD UTC: 2026-08-12T01:18:29.643391+00:00
-------------
Batch 0Nm_BPFI_03:62 from Motor8 received. Processing...
FFT for batch 0Nm_BPFI_03:62 published to Enterprise/Site/Area/Motor8/Analysis/Vibration/fft
Prediction for batch 0Nm_BPFI_03:62 published to Enterprise/Site/Area/Motor8/Analysis/Diagnosis/prediction
-----------------------------------------
[Motor7] raw_latency_ms=7357.501
[Motor7] EDGE UTC : 2026-08-12T01:18:22.391826+00:00
[Motor7] CLOUD UTC: 2026-08-12T01:18:29.749326+00:00
-------------
Batch 0Nm_BPFI_03:82 from Motor7 received. Processing...
FFT for batch 0Nm_BPFI_03:82 published to Enterprise/Site/Area/Motor7/Analysis/Vibration/fft
Prediction for batch 0Nm_BPFI_03:82 published to Enterprise/Site/Area/Motor7/Analysis/Diagnosis/prediction
-----------------------------------------
[Motor5] raw_latency_ms=7086.675
[Motor5] EDGE UTC : 2026-08-12T01:18:22.774903+00:00
[Motor5] CLOUD UTC: 2026-08-12T01:18:29.861578+00:00
-------------
Batch 0Nm_BPFI_03:127 from Motor5 received. Processing...
FFT for batch 0Nm_BPFI_03:127 published to Enterprise/Site/Area/Motor5/Analysis/Vibration/fft
Prediction for batch 0Nm_BPFI_03:127 published to Enterprise/Site/Area/Motor5/Analysis/Diagnosis/prediction
-----------------------------------------
[Motor9] raw_latency_ms=6897.823
[Motor9] EDGE UTC : 2026-08-12T01:18:23.074851+00:00
[Motor9] CLOUD UTC: 2026-08-12T01:18:29.972675+00:00
-------------
Batch 0Nm_BPFI_03:46 from Motor9 received. Processing...
FFT for batch 0Nm_BPFI_03:46 published to Enterprise/Site/Area/Motor9/Analysis/Vibration/fft
Prediction for batch 0Nm_BPFI_03:46 published to Enterprise/Site/Area/Motor9/Analysis/Diagnosis/prediction
-----------------------------------------
[Motor3] raw_latency_ms=7211.196
[Motor3] EDGE UTC : 2026-08-12T01:18:22.872347+00:00
[Motor3] CLOUD UTC: 2026-08-12T01:18:30.083543+00:00
-------------
Batch 0Nm_BPFI_03:176 from Motor3 received. Processing...
FFT for batch 0Nm_BPFI_03:176 published to Enterprise/Site/Area/Motor3/Analysis/Vibration/fft
Prediction for batch 0Nm_BPFI_03:176 published to Enterprise/Site/Area/Motor3/Analysis/Diagnosis/prediction
-----------------------------------------
[Motor1] raw_latency_ms=6915.423
[Motor1] EDGE UTC : 2026-08-12T01:18:23.272305+00:00
[Motor1] CLOUD UTC: 2026-08-12T01:18:30.187728+00:00
-------------
Batch 0Nm_BPFI_03:23 from Motor1 received. Processing...
FFT for batch 0Nm_BPFI_03:23 published to Enterprise/Site/Area/Motor1/Analysis/Vibration/fft
Prediction for batch 0Nm_BPFI_03:23 published to Enterprise/Site/Area/Motor1/Analysis/Diagnosis/prediction
-----------------------------------------
[Motor4] raw_latency_ms=7006.133
[Motor4] EDGE UTC : 2026-08-12T01:18:23.296555+00:00
[Motor4] CLOUD UTC: 2026-08-12T01:18:30.302688+00:00
-------------
Batch 0Nm_BPFI_03:145 from Motor4 received. Processing...
FFT for batch 0Nm_BPFI_03:145 published to Enterprise/Site/Area/Motor4/Analysis/Vibration/fft
Prediction for batch 0Nm_BPFI_03:145 published to Enterprise/Site/Area/Motor4/Analysis/Diagnosis/prediction
-----------------------------------------
[Motor6] raw_latency_ms=6933.981
[Motor6] EDGE UTC : 2026-08-12T01:18:23.480471+00:00
[Motor6] CLOUD UTC: 2026-08-12T01:18:30.414452+00:00
-------------
Batch 0Nm_BPFI_03:112 from Motor6 received. Processing...
FFT for batch 0Nm_BPFI_03:112 published to Enterprise/Site/Area/Motor6/Analysis/Vibration/fft
Prediction for batch 0Nm_BPFI_03:112 published to Enterprise/Site/Area/Motor6/Analysis/Diagnosis/prediction
-----------------------------------------
[Motor2] raw_latency_ms=7087.652
[Motor2] EDGE UTC : 2026-08-12T01:18:23.447279+00:00
[Motor2] CLOUD UTC: 2026-08-12T01:18:30.534931+00:00
-------------
Batch 0Nm_BPFI_03:8 from Motor2 received. Processing...
FFT for batch 0Nm_BPFI_03:8 published to Enterprise/Site/Area/Motor2/Analysis/Vibration/fft
Prediction for batch 0Nm_BPFI_03:8 published to Enterprise/Site/Area/Motor2/Analysis/Diagnosis/prediction
-----------------------------------------
[Motor8] raw_latency_ms=7223.870
[Motor8] EDGE UTC : 2026-08-12T01:18:23.451100+00:00
[Motor8] CLOUD UTC: 2026-08-12T01:18:30.674970+00:00
-------------
Batch 0Nm_BPFI_03:63 from Motor8 received. Processing...
FFT for batch 0Nm_BPFI_03:63 published to Enterprise/Site/Area/Motor8/Analysis/Vibration/fft
Prediction for batch 0Nm_BPFI_03:63 published to Enterprise/Site/Area/Motor8/Analysis/Diagnosis/prediction
-----------------------------------------
[Motor7] raw_latency_ms=7359.704
[Motor7] EDGE UTC : 2026-08-12T01:18:23.429228+00:00
[Motor7] CLOUD UTC: 2026-08-12T01:18:30.788932+00:00
-------------
Batch 0Nm_BPFI_03:83 from Motor7 received. Processing...
FFT for batch 0Nm_BPFI_03:83 published to Enterprise/Site/Area/Motor7/Analysis/Vibration/fft
Prediction for batch 0Nm_BPFI_03:83 published to Enterprise/Site/Area/Motor7/Analysis/Diagnosis/prediction
-----------------------------------------
[Motor5] raw_latency_ms=7097.873
[Motor5] EDGE UTC : 2026-08-12T01:18:23.796850+00:00
[Motor5] CLOUD UTC: 2026-08-12T01:18:30.894723+00:00
-------------
Batch 0Nm_BPFI_03:128 from Motor5 received. Processing...
FFT for batch 0Nm_BPFI_03:128 published to Enterprise/Site/Area/Motor5/Analysis/Vibration/fft
Prediction for batch 0Nm_BPFI_03:128 published to Enterprise/Site/Area/Motor5/Analysis/Diagnosis/prediction
-----------------------------------------
[Motor9] raw_latency_ms=6925.855
[Motor9] EDGE UTC : 2026-08-12T01:18:24.081110+00:00
[Motor9] CLOUD UTC: 2026-08-12T01:18:31.006964+00:00
-------------
Batch 0Nm_BPFI_03:47 from Motor9 received. Processing...
FFT for batch 0Nm_BPFI_03:47 published to Enterprise/Site/Area/Motor9/Analysis/Vibration/fft
Prediction for batch 0Nm_BPFI_03:47 published to Enterprise/Site/Area/Motor9/Analysis/Diagnosis/prediction
-----------------------------------------
[Motor3] raw_latency_ms=7233.198
[Motor3] EDGE UTC : 2026-08-12T01:18:23.878581+00:00
[Motor3] CLOUD UTC: 2026-08-12T01:18:31.111779+00:00
-------------
Batch 0Nm_BPFI_03:177 from Motor3 received. Processing...
FFT for batch 0Nm_BPFI_03:177 published to Enterprise/Site/Area/Motor3/Analysis/Vibration/fft
Prediction for batch 0Nm_BPFI_03:177 published to Enterprise/Site/Area/Motor3/Analysis/Diagnosis/prediction
-----------------------------------------
[Motor4] raw_latency_ms=6889.252
[Motor4] EDGE UTC : 2026-08-12T01:18:24.334518+00:00
[Motor4] CLOUD UTC: 2026-08-12T01:18:31.223770+00:00
-------------
Batch 0Nm_BPFI_03:146 from Motor4 received. Processing...
FFT for batch 0Nm_BPFI_03:146 published to Enterprise/Site/Area/Motor4/Analysis/Vibration/fft
Prediction for batch 0Nm_BPFI_03:146 published to Enterprise/Site/Area/Motor4/Analysis/Diagnosis/prediction
-----------------------------------------
[Motor1] raw_latency_ms=7027.155
[Motor1] EDGE UTC : 2026-08-12T01:18:24.310862+00:00
[Motor1] CLOUD UTC: 2026-08-12T01:18:31.338017+00:00
-------------
Batch 0Nm_BPFI_03:24 from Motor1 received. Processing...
FFT for batch 0Nm_BPFI_03:24 published to Enterprise/Site/Area/Motor1/Analysis/Vibration/fft
Prediction for batch 0Nm_BPFI_03:24 published to Enterprise/Site/Area/Motor1/Analysis/Diagnosis/prediction
-----------------------------------------
[Motor6] raw_latency_ms=6961.393
[Motor6] EDGE UTC : 2026-08-12T01:18:24.486307+00:00
[Motor6] CLOUD UTC: 2026-08-12T01:18:31.447700+00:00
-------------
Batch 0Nm_BPFI_03:113 from Motor6 received. Processing...
FFT for batch 0Nm_BPFI_03:113 published to Enterprise/Site/Area/Motor6/Analysis/Vibration/fft
Prediction for batch 0Nm_BPFI_03:113 published to Enterprise/Site/Area/Motor6/Analysis/Diagnosis/prediction
-----------------------------------------
[Motor2] raw_latency_ms=7088.735
[Motor2] EDGE UTC : 2026-08-12T01:18:24.466476+00:00
[Motor2] CLOUD UTC: 2026-08-12T01:18:31.555212+00:00
-------------
Batch 0Nm_BPFI_03:9 from Motor2 received. Processing...
FFT for batch 0Nm_BPFI_03:9 published to Enterprise/Site/Area/Motor2/Analysis/Vibration/fft
Prediction for batch 0Nm_BPFI_03:9 published to Enterprise/Site/Area/Motor2/Analysis/Diagnosis/prediction
-----------------------------------------
[Motor8] raw_latency_ms=7222.268
[Motor8] EDGE UTC : 2026-08-12T01:18:24.473026+00:00
[Motor8] CLOUD UTC: 2026-08-12T01:18:31.695294+00:00
-------------
Batch 0Nm_BPFI_03:64 from Motor8 received. Processing...
FFT for batch 0Nm_BPFI_03:64 published to Enterprise/Site/Area/Motor8/Analysis/Vibration/fft
Prediction for batch 0Nm_BPFI_03:64 published to Enterprise/Site/Area/Motor8/Analysis/Diagnosis/prediction
-----------------------------------------
[Motor7] raw_latency_ms=7342.117
[Motor7] EDGE UTC : 2026-08-12T01:18:24.467105+00:00
[Motor7] CLOUD UTC: 2026-08-12T01:18:31.809222+00:00
-------------
Batch 0Nm_BPFI_03:84 from Motor7 received. Processing...
FFT for batch 0Nm_BPFI_03:84 published to Enterprise/Site/Area/Motor7/Analysis/Vibration/fft
Prediction for batch 0Nm_BPFI_03:84 published to Enterprise/Site/Area/Motor7/Analysis/Diagnosis/prediction
-----------------------------------------
[Motor5] raw_latency_ms=7118.007
[Motor5] EDGE UTC : 2026-08-12T01:18:24.818883+00:00
[Motor5] CLOUD UTC: 2026-08-12T01:18:31.936890+00:00
-------------
Batch 0Nm_BPFI_03:129 from Motor5 received. Processing...
FFT for batch 0Nm_BPFI_03:129 published to Enterprise/Site/Area/Motor5/Analysis/Vibration/fft
Prediction for batch 0Nm_BPFI_03:129 published to Enterprise/Site/Area/Motor5/Analysis/Diagnosis/prediction
-----------------------------------------
[Motor9] raw_latency_ms=6963.706
[Motor9] EDGE UTC : 2026-08-12T01:18:25.086591+00:00
[Motor9] CLOUD UTC: 2026-08-12T01:18:32.050296+00:00
-------------
Batch 0Nm_BPFI_03:48 from Motor9 received. Processing...
FFT for batch 0Nm_BPFI_03:48 published to Enterprise/Site/Area/Motor9/Analysis/Vibration/fft
Prediction for batch 0Nm_BPFI_03:48 published to Enterprise/Site/Area/Motor9/Analysis/Diagnosis/prediction
-----------------------------------------
[Motor3] raw_latency_ms=7283.486
[Motor3] EDGE UTC : 2026-08-12T01:18:24.884215+00:00
[Motor3] CLOUD UTC: 2026-08-12T01:18:32.167701+00:00
-------------
Batch 0Nm_BPFI_03:178 from Motor3 received. Processing...
FFT for batch 0Nm_BPFI_03:178 published to Enterprise/Site/Area/Motor3/Analysis/Vibration/fft
Prediction for batch 0Nm_BPFI_03:178 published to Enterprise/Site/Area/Motor3/Analysis/Diagnosis/prediction
-----------------------------------------
[Motor1] raw_latency_ms=6945.696
[Motor1] EDGE UTC : 2026-08-12T01:18:25.344105+00:00
[Motor1] CLOUD UTC: 2026-08-12T01:18:32.289801+00:00
-------------
Batch 0Nm_BPFI_03:25 from Motor1 received. Processing...
FFT for batch 0Nm_BPFI_03:25 published to Enterprise/Site/Area/Motor1/Analysis/Vibration/fft
Prediction for batch 0Nm_BPFI_03:25 published to Enterprise/Site/Area/Motor1/Analysis/Diagnosis/prediction
-----------------------------------------
[Motor4] raw_latency_ms=7035.958
[Motor4] EDGE UTC : 2026-08-12T01:18:25.368708+00:00
[Motor4] CLOUD UTC: 2026-08-12T01:18:32.404666+00:00
-------------
Batch 0Nm_BPFI_03:147 from Motor4 received. Processing...
FFT for batch 0Nm_BPFI_03:147 published to Enterprise/Site/Area/Motor4/Analysis/Vibration/fft
Prediction for batch 0Nm_BPFI_03:147 published to Enterprise/Site/Area/Motor4/Analysis/Diagnosis/prediction
-----------------------------------------
[Motor6] raw_latency_ms=7023.035
[Motor6] EDGE UTC : 2026-08-12T01:18:25.492257+00:00
[Motor6] CLOUD UTC: 2026-08-12T01:18:32.515292+00:00
-------------
Batch 0Nm_BPFI_03:114 from Motor6 received. Processing...
FFT for batch 0Nm_BPFI_03:114 published to Enterprise/Site/Area/Motor6/Analysis/Vibration/fft
Prediction for batch 0Nm_BPFI_03:114 published to Enterprise/Site/Area/Motor6/Analysis/Diagnosis/prediction
-----------------------------------------
[Motor2] raw_latency_ms=7129.735
[Motor2] EDGE UTC : 2026-08-12T01:18:25.509114+00:00
[Motor2] CLOUD UTC: 2026-08-12T01:18:32.638850+00:00
-------------
Batch 0Nm_BPFI_03:10 from Motor2 received. Processing...
FFT for batch 0Nm_BPFI_03:10 published to Enterprise/Site/Area/Motor2/Analysis/Vibration/fft
Prediction for batch 0Nm_BPFI_03:10 published to Enterprise/Site/Area/Motor2/Analysis/Diagnosis/prediction
-----------------------------------------
[Motor8] raw_latency_ms=7250.010
[Motor8] EDGE UTC : 2026-08-12T01:18:25.513321+00:00
[Motor8] CLOUD UTC: 2026-08-12T01:18:32.763330+00:00
-------------
Batch 0Nm_BPFI_03:65 from Motor8 received. Processing...
FFT for batch 0Nm_BPFI_03:65 published to Enterprise/Site/Area/Motor8/Analysis/Vibration/fft
Prediction for batch 0Nm_BPFI_03:65 published to Enterprise/Site/Area/Motor8/Analysis/Diagnosis/prediction
-----------------------------------------
[Motor7] raw_latency_ms=7377.094
[Motor7] EDGE UTC : 2026-08-12T01:18:25.500121+00:00
[Motor7] CLOUD UTC: 2026-08-12T01:18:32.877215+00:00
-------------
Batch 0Nm_BPFI_03:85 from Motor7 received. Processing...
FFT for batch 0Nm_BPFI_03:85 published to Enterprise/Site/Area/Motor7/Analysis/Vibration/fft
Prediction for batch 0Nm_BPFI_03:85 published to Enterprise/Site/Area/Motor7/Analysis/Diagnosis/prediction
-----------------------------------------
[Motor5] raw_latency_ms=7145.772
[Motor5] EDGE UTC : 2026-08-12T01:18:25.838122+00:00
[Motor5] CLOUD UTC: 2026-08-12T01:18:32.983894+00:00
-------------
Batch 0Nm_BPFI_03:130 from Motor5 received. Processing...
FFT for batch 0Nm_BPFI_03:130 published to Enterprise/Site/Area/Motor5/Analysis/Vibration/fft
Prediction for batch 0Nm_BPFI_03:130 published to Enterprise/Site/Area/Motor5/Analysis/Diagnosis/prediction
-----------------------------------------
[Motor3] raw_latency_ms=7208.847
[Motor3] EDGE UTC : 2026-08-12T01:18:25.887508+00:00
[Motor3] CLOUD UTC: 2026-08-12T01:18:33.096354+00:00
-------------
Batch 0Nm_BPFI_03:179 from Motor3 received. Processing...
FFT for batch 0Nm_BPFI_03:179 published to Enterprise/Site/Area/Motor3/Analysis/Vibration/fft
Prediction for batch 0Nm_BPFI_03:179 published to Enterprise/Site/Area/Motor3/Analysis/Diagnosis/prediction
-----------------------------------------
[Motor9] raw_latency_ms=7111.037
[Motor9] EDGE UTC : 2026-08-12T01:18:26.090209+00:00
[Motor9] CLOUD UTC: 2026-08-12T01:18:33.201247+00:00
-------------
Batch 0Nm_BPFI_03:49 from Motor9 received. Processing...
FFT for batch 0Nm_BPFI_03:49 published to Enterprise/Site/Area/Motor9/Analysis/Vibration/fft
Prediction for batch 0Nm_BPFI_03:49 published to Enterprise/Site/Area/Motor9/Analysis/Diagnosis/prediction
-----------------------------------------
[Motor2] raw_latency_ms=6786.438
[Motor2] EDGE UTC : 2026-08-12T01:18:26.531177+00:00
[Motor2] CLOUD UTC: 2026-08-12T01:18:33.317615+00:00
-------------
Batch 0Nm_BPFI_03:11 from Motor2 received. Processing...
FFT for batch 0Nm_BPFI_03:11 published to Enterprise/Site/Area/Motor2/Analysis/Vibration/fft
Prediction for batch 0Nm_BPFI_03:11 published to Enterprise/Site/Area/Motor2/Analysis/Diagnosis/prediction
-----------------------------------------
[Motor4] raw_latency_ms=7021.506
[Motor4] EDGE UTC : 2026-08-12T01:18:26.402387+00:00
[Motor4] CLOUD UTC: 2026-08-12T01:18:33.423893+00:00
-------------
Batch 0Nm_BPFI_03:148 from Motor4 received. Processing...
FFT for batch 0Nm_BPFI_03:148 published to Enterprise/Site/Area/Motor4/Analysis/Vibration/fft
Prediction for batch 0Nm_BPFI_03:148 published to Enterprise/Site/Area/Motor4/Analysis/Diagnosis/prediction
-----------------------------------------
[Motor1] raw_latency_ms=7156.183
[Motor1] EDGE UTC : 2026-08-12T01:18:26.379069+00:00
[Motor1] CLOUD UTC: 2026-08-12T01:18:33.535251+00:00
-------------
Batch 0Nm_BPFI_03:26 from Motor1 received. Processing...
FFT for batch 0Nm_BPFI_03:26 published to Enterprise/Site/Area/Motor1/Analysis/Vibration/fft
Prediction for batch 0Nm_BPFI_03:26 published to Enterprise/Site/Area/Motor1/Analysis/Diagnosis/prediction
-----------------------------------------
[Motor6] raw_latency_ms=7144.796
[Motor6] EDGE UTC : 2026-08-12T01:18:26.497635+00:00
[Motor6] CLOUD UTC: 2026-08-12T01:18:33.642431+00:00
-------------
Batch 0Nm_BPFI_03:115 from Motor6 received. Processing...
FFT for batch 0Nm_BPFI_03:115 published to Enterprise/Site/Area/Motor6/Analysis/Vibration/fft
Prediction for batch 0Nm_BPFI_03:115 published to Enterprise/Site/Area/Motor6/Analysis/Diagnosis/prediction
-----------------------------------------
[Motor7] raw_latency_ms=7238.320
[Motor7] EDGE UTC : 2026-08-12T01:18:26.533259+00:00
[Motor7] CLOUD UTC: 2026-08-12T01:18:33.771579+00:00
-------------
Batch 0Nm_BPFI_03:86 from Motor7 received. Processing...
FFT for batch 0Nm_BPFI_03:86 published to Enterprise/Site/Area/Motor7/Analysis/Vibration/fft
Prediction for batch 0Nm_BPFI_03:86 published to Enterprise/Site/Area/Motor7/Analysis/Diagnosis/prediction
-----------------------------------------
[Motor8] raw_latency_ms=7364.013
[Motor8] EDGE UTC : 2026-08-12T01:18:26.535092+00:00
[Motor8] CLOUD UTC: 2026-08-12T01:18:33.899105+00:00
-------------
Batch 0Nm_BPFI_03:66 from Motor8 received. Processing...
FFT for batch 0Nm_BPFI_03:66 published to Enterprise/Site/Area/Motor8/Analysis/Vibration/fft
Prediction for batch 0Nm_BPFI_03:66 published to Enterprise/Site/Area/Motor8/Analysis/Diagnosis/prediction
-----------------------------------------
[Motor9] raw_latency_ms=7008.625
[Motor9] EDGE UTC : 2026-08-12T01:18:27.096644+00:00
[Motor9] CLOUD UTC: 2026-08-12T01:18:34.105268+00:00
-------------
Batch 0Nm_BPFI_03:50 from Motor9 received. Processing...
FFT for batch 0Nm_BPFI_03:50 published to Enterprise/Site/Area/Motor9/Analysis/Vibration/fft
Prediction for batch 0Nm_BPFI_03:50 published to Enterprise/Site/Area/Motor9/Analysis/Diagnosis/prediction
-----------------------------------------
[Motor5] raw_latency_ms=7458.937
[Motor5] EDGE UTC : 2026-08-12T01:18:26.859069+00:00
[Motor5] CLOUD UTC: 2026-08-12T01:18:34.318006+00:00
-------------
Batch 0Nm_BPFI_03:131 from Motor5 received. Processing...
FFT for batch 0Nm_BPFI_03:131 published to Enterprise/Site/Area/Motor5/Analysis/Vibration/fft
Prediction for batch 0Nm_BPFI_03:131 published to Enterprise/Site/Area/Motor5/Analysis/Diagnosis/prediction
-----------------------------------------
[Motor1] raw_latency_ms=7074.272
[Motor1] EDGE UTC : 2026-08-12T01:18:27.413843+00:00
[Motor1] CLOUD UTC: 2026-08-12T01:18:34.488116+00:00
-------------
Batch 0Nm_BPFI_03:27 from Motor1 received. Processing...
FFT for batch 0Nm_BPFI_03:27 published to Enterprise/Site/Area/Motor1/Analysis/Vibration/fft
Prediction for batch 0Nm_BPFI_03:27 published to Enterprise/Site/Area/Motor1/Analysis/Diagnosis/prediction
-----------------------------------------
[Motor2] raw_latency_ms=7109.540
[Motor2] EDGE UTC : 2026-08-12T01:18:27.550205+00:00
[Motor2] CLOUD UTC: 2026-08-12T01:18:34.659745+00:00
-------------
Batch 0Nm_BPFI_03:12 from Motor2 received. Processing...
FFT for batch 0Nm_BPFI_03:12 published to Enterprise/Site/Area/Motor2/Analysis/Vibration/fft
Prediction for batch 0Nm_BPFI_03:12 published to Enterprise/Site/Area/Motor2/Analysis/Diagnosis/prediction
-----------------------------------------
[Motor3] raw_latency_ms=7149.014
[Motor3] EDGE UTC : 2026-08-12T01:18:27.732149+00:00
[Motor3] CLOUD UTC: 2026-08-12T01:18:34.881164+00:00
-------------
Batch 0Nm_BPFI_03:0 from Motor3 received. Processing...
FFT for batch 0Nm_BPFI_03:0 published to Enterprise/Site/Area/Motor3/Analysis/Vibration/fft
Prediction for batch 0Nm_BPFI_03:0 published to Enterprise/Site/Area/Motor3/Analysis/Diagnosis/prediction
-----------------------------------------
[Motor6] raw_latency_ms=7539.755
[Motor6] EDGE UTC : 2026-08-12T01:18:27.502741+00:00
[Motor6] CLOUD UTC: 2026-08-12T01:18:35.042496+00:00
-------------
Batch 0Nm_BPFI_03:116 from Motor6 received. Processing...
FFT for batch 0Nm_BPFI_03:116 published to Enterprise/Site/Area/Motor6/Analysis/Vibration/fft
Prediction for batch 0Nm_BPFI_03:116 published to Enterprise/Site/Area/Motor6/Analysis/Diagnosis/prediction
-----------------------------------------
[Motor8] raw_latency_ms=7652.558
[Motor8] EDGE UTC : 2026-08-12T01:18:27.556309+00:00
[Motor8] CLOUD UTC: 2026-08-12T01:18:35.208868+00:00
-------------
Batch 0Nm_BPFI_03:67 from Motor8 received. Processing...
FFT for batch 0Nm_BPFI_03:67 published to Enterprise/Site/Area/Motor8/Analysis/Vibration/fft
Prediction for batch 0Nm_BPFI_03:67 published to Enterprise/Site/Area/Motor8/Analysis/Diagnosis/prediction
-----------------------------------------
[Motor7] raw_latency_ms=7861.858
[Motor7] EDGE UTC : 2026-08-12T01:18:27.566408+00:00
[Motor7] CLOUD UTC: 2026-08-12T01:18:35.428266+00:00
-------------
Batch 0Nm_BPFI_03:87 from Motor7 received. Processing...
FFT for batch 0Nm_BPFI_03:87 published to Enterprise/Site/Area/Motor7/Analysis/Vibration/fft
Prediction for batch 0Nm_BPFI_03:87 published to Enterprise/Site/Area/Motor7/Analysis/Diagnosis/prediction
-----------------------------------------
[Motor4] raw_latency_ms=8164.132
[Motor4] EDGE UTC : 2026-08-12T01:18:27.435922+00:00
[Motor4] CLOUD UTC: 2026-08-12T01:18:35.600055+00:00
-------------
Batch 0Nm_BPFI_03:149 from Motor4 received. Processing...
FFT for batch 0Nm_BPFI_03:149 published to Enterprise/Site/Area/Motor4/Analysis/Vibration/fft
Prediction for batch 0Nm_BPFI_03:149 published to Enterprise/Site/Area/Motor4/Analysis/Diagnosis/prediction
-----------------------------------------
[Motor5] raw_latency_ms=7900.565
[Motor5] EDGE UTC : 2026-08-12T01:18:27.878171+00:00
[Motor5] CLOUD UTC: 2026-08-12T01:18:35.778736+00:00
-------------
Batch 0Nm_BPFI_03:132 from Motor5 received. Processing...
FFT for batch 0Nm_BPFI_03:132 published to Enterprise/Site/Area/Motor5/Analysis/Vibration/fft
Prediction for batch 0Nm_BPFI_03:132 published to Enterprise/Site/Area/Motor5/Analysis/Diagnosis/prediction
-----------------------------------------
[Motor9] raw_latency_ms=7885.470
[Motor9] EDGE UTC : 2026-08-12T01:18:28.102113+00:00
[Motor9] CLOUD UTC: 2026-08-12T01:18:35.987584+00:00
-------------
Batch 0Nm_BPFI_03:51 from Motor9 received. Processing...
FFT for batch 0Nm_BPFI_03:51 published to Enterprise/Site/Area/Motor9/Analysis/Vibration/fft
Prediction for batch 0Nm_BPFI_03:51 published to Enterprise/Site/Area/Motor9/Analysis/Diagnosis/prediction
-----------------------------------------
[Motor1] raw_latency_ms=7738.438
[Motor1] EDGE UTC : 2026-08-12T01:18:28.447330+00:00
[Motor1] CLOUD UTC: 2026-08-12T01:18:36.185768+00:00
-------------
Batch 0Nm_BPFI_03:28 from Motor1 received. Processing...
FFT for batch 0Nm_BPFI_03:28 published to Enterprise/Site/Area/Motor1/Analysis/Vibration/fft
Prediction for batch 0Nm_BPFI_03:28 published to Enterprise/Site/Area/Motor1/Analysis/Diagnosis/prediction
-----------------------------------------
[Motor6] raw_latency_ms=7891.194
[Motor6] EDGE UTC : 2026-08-12T01:18:28.508034+00:00
[Motor6] CLOUD UTC: 2026-08-12T01:18:36.399228+00:00
-------------
Batch 0Nm_BPFI_03:117 from Motor6 received. Processing...
FFT for batch 0Nm_BPFI_03:117 published to Enterprise/Site/Area/Motor6/Analysis/Vibration/fft
Prediction for batch 0Nm_BPFI_03:117 published to Enterprise/Site/Area/Motor6/Analysis/Diagnosis/prediction
-----------------------------------------
[Motor4] raw_latency_ms=8136.633
[Motor4] EDGE UTC : 2026-08-12T01:18:28.469627+00:00
[Motor4] CLOUD UTC: 2026-08-12T01:18:36.606259+00:00
-------------
Batch 0Nm_BPFI_03:150 from Motor4 received. Processing...
FFT for batch 0Nm_BPFI_03:150 published to Enterprise/Site/Area/Motor4/Analysis/Vibration/fft
Prediction for batch 0Nm_BPFI_03:150 published to Enterprise/Site/Area/Motor4/Analysis/Diagnosis/prediction
-----------------------------------------
[Motor3] raw_latency_ms=8023.812
[Motor3] EDGE UTC : 2026-08-12T01:18:28.743629+00:00
[Motor3] CLOUD UTC: 2026-08-12T01:18:36.767441+00:00
-------------
Batch 0Nm_BPFI_03:1 from Motor3 received. Processing...
FFT for batch 0Nm_BPFI_03:1 published to Enterprise/Site/Area/Motor3/Analysis/Vibration/fft
Prediction for batch 0Nm_BPFI_03:1 published to Enterprise/Site/Area/Motor3/Analysis/Diagnosis/prediction
-----------------------------------------
[Motor7] raw_latency_ms=8347.493
[Motor7] EDGE UTC : 2026-08-12T01:18:28.599368+00:00
[Motor7] CLOUD UTC: 2026-08-12T01:18:36.946861+00:00
-------------
Batch 0Nm_BPFI_03:88 from Motor7 received. Processing...
FFT for batch 0Nm_BPFI_03:88 published to Enterprise/Site/Area/Motor7/Analysis/Vibration/fft
Prediction for batch 0Nm_BPFI_03:88 published to Enterprise/Site/Area/Motor7/Analysis/Diagnosis/prediction
-----------------------------------------
[Motor2] raw_latency_ms=8572.995
[Motor2] EDGE UTC : 2026-08-12T01:18:28.569374+00:00
[Motor2] CLOUD UTC: 2026-08-12T01:18:37.142368+00:00
-------------
Batch 0Nm_BPFI_03:13 from Motor2 received. Processing...
FFT for batch 0Nm_BPFI_03:13 published to Enterprise/Site/Area/Motor2/Analysis/Vibration/fft
Prediction for batch 0Nm_BPFI_03:13 published to Enterprise/Site/Area/Motor2/Analysis/Diagnosis/prediction
-----------------------------------------
[Motor8] raw_latency_ms=8746.515
[Motor8] EDGE UTC : 2026-08-12T01:18:28.575295+00:00
[Motor8] CLOUD UTC: 2026-08-12T01:18:37.321810+00:00
-------------
Batch 0Nm_BPFI_03:68 from Motor8 received. Processing...
FFT for batch 0Nm_BPFI_03:68 published to Enterprise/Site/Area/Motor8/Analysis/Vibration/fft
Prediction for batch 0Nm_BPFI_03:68 published to Enterprise/Site/Area/Motor8/Analysis/Diagnosis/prediction
-----------------------------------------
[Motor9] raw_latency_ms=8385.867
[Motor9] EDGE UTC : 2026-08-12T01:18:29.107467+00:00
[Motor9] CLOUD UTC: 2026-08-12T01:18:37.493334+00:00
-------------
Batch 0Nm_BPFI_03:52 from Motor9 received. Processing...
FFT for batch 0Nm_BPFI_03:52 published to Enterprise/Site/Area/Motor9/Analysis/Vibration/fft
Prediction for batch 0Nm_BPFI_03:52 published to Enterprise/Site/Area/Motor9/Analysis/Diagnosis/prediction
-----------------------------------------
[Motor5] raw_latency_ms=8768.617
[Motor5] EDGE UTC : 2026-08-12T01:18:28.897255+00:00
[Motor5] CLOUD UTC: 2026-08-12T01:18:37.665872+00:00
-------------
Batch 0Nm_BPFI_03:133 from Motor5 received. Processing...
FFT for batch 0Nm_BPFI_03:133 published to Enterprise/Site/Area/Motor5/Analysis/Vibration/fft
Prediction for batch 0Nm_BPFI_03:133 published to Enterprise/Site/Area/Motor5/Analysis/Diagnosis/prediction
-----------------------------------------
[Motor1] raw_latency_ms=8393.671
[Motor1] EDGE UTC : 2026-08-12T01:18:29.480916+00:00
[Motor1] CLOUD UTC: 2026-08-12T01:18:37.874586+00:00
-------------
Batch 0Nm_BPFI_03:29 from Motor1 received. Processing...
FFT for batch 0Nm_BPFI_03:29 published to Enterprise/Site/Area/Motor1/Analysis/Vibration/fft
Prediction for batch 0Nm_BPFI_03:29 published to Enterprise/Site/Area/Motor1/Analysis/Diagnosis/prediction
-----------------------------------------
[Motor6] raw_latency_ms=8543.358
[Motor6] EDGE UTC : 2026-08-12T01:18:29.513398+00:00
[Motor6] CLOUD UTC: 2026-08-12T01:18:38.056756+00:00
-------------
Batch 0Nm_BPFI_03:118 from Motor6 received. Processing...
FFT for batch 0Nm_BPFI_03:118 published to Enterprise/Site/Area/Motor6/Analysis/Vibration/fft
Prediction for batch 0Nm_BPFI_03:118 published to Enterprise/Site/Area/Motor6/Analysis/Diagnosis/prediction
-----------------------------------------
[Motor3] raw_latency_ms=8507.203
[Motor3] EDGE UTC : 2026-08-12T01:18:29.749704+00:00
[Motor3] CLOUD UTC: 2026-08-12T01:18:38.256906+00:00
-------------
Batch 0Nm_BPFI_03:2 from Motor3 received. Processing...
FFT for batch 0Nm_BPFI_03:2 published to Enterprise/Site/Area/Motor3/Analysis/Vibration/fft
Prediction for batch 0Nm_BPFI_03:2 published to Enterprise/Site/Area/Motor3/Analysis/Diagnosis/prediction
-----------------------------------------
[Motor2] raw_latency_ms=8816.252
[Motor2] EDGE UTC : 2026-08-12T01:18:29.588429+00:00
[Motor2] CLOUD UTC: 2026-08-12T01:18:38.404681+00:00
-------------
Batch 0Nm_BPFI_03:14 from Motor2 received. Processing...
FFT for batch 0Nm_BPFI_03:14 published to Enterprise/Site/Area/Motor2/Analysis/Vibration/fft
Prediction for batch 0Nm_BPFI_03:14 published to Enterprise/Site/Area/Motor2/Analysis/Diagnosis/prediction
-----------------------------------------
[Motor8] raw_latency_ms=8918.569
[Motor8] EDGE UTC : 2026-08-12T01:18:29.594316+00:00
[Motor8] CLOUD UTC: 2026-08-12T01:18:38.512886+00:00
-------------
Batch 0Nm_BPFI_03:69 from Motor8 received. Processing...
FFT for batch 0Nm_BPFI_03:69 published to Enterprise/Site/Area/Motor8/Analysis/Vibration/fft
Prediction for batch 0Nm_BPFI_03:69 published to Enterprise/Site/Area/Motor8/Analysis/Diagnosis/prediction
-----------------------------------------
[Motor4] raw_latency_ms=9127.396
[Motor4] EDGE UTC : 2026-08-12T01:18:29.503644+00:00
[Motor4] CLOUD UTC: 2026-08-12T01:18:38.631040+00:00
-------------
Batch 0Nm_BPFI_03:151 from Motor4 received. Processing...
FFT for batch 0Nm_BPFI_03:151 published to Enterprise/Site/Area/Motor4/Analysis/Vibration/fft
Prediction for batch 0Nm_BPFI_03:151 published to Enterprise/Site/Area/Motor4/Analysis/Diagnosis/prediction
-----------------------------------------
[Motor5] raw_latency_ms=8822.940
[Motor5] EDGE UTC : 2026-08-12T01:18:29.916413+00:00
[Motor5] CLOUD UTC: 2026-08-12T01:18:38.739353+00:00
-------------
Batch 0Nm_BPFI_03:134 from Motor5 received. Processing...
FFT for batch 0Nm_BPFI_03:134 published to Enterprise/Site/Area/Motor5/Analysis/Vibration/fft
Prediction for batch 0Nm_BPFI_03:134 published to Enterprise/Site/Area/Motor5/Analysis/Diagnosis/prediction
-----------------------------------------
[Motor7] raw_latency_ms=9226.089
[Motor7] EDGE UTC : 2026-08-12T01:18:29.632762+00:00
[Motor7] CLOUD UTC: 2026-08-12T01:18:38.858852+00:00
-------------
Batch 0Nm_BPFI_03:89 from Motor7 received. Processing...
FFT for batch 0Nm_BPFI_03:89 published to Enterprise/Site/Area/Motor7/Analysis/Vibration/fft
Prediction for batch 0Nm_BPFI_03:89 published to Enterprise/Site/Area/Motor7/Analysis/Diagnosis/prediction
-----------------------------------------
[Motor9] raw_latency_ms=8850.658
[Motor9] EDGE UTC : 2026-08-12T01:18:30.114943+00:00
[Motor9] CLOUD UTC: 2026-08-12T01:18:38.965601+00:00
-------------
Batch 0Nm_BPFI_03:53 from Motor9 received. Processing...
FFT for batch 0Nm_BPFI_03:53 published to Enterprise/Site/Area/Motor9/Analysis/Vibration/fft
Prediction for batch 0Nm_BPFI_03:53 published to Enterprise/Site/Area/Motor9/Analysis/Diagnosis/prediction
-----------------------------------------
[Motor1] raw_latency_ms=8567.031
[Motor1] EDGE UTC : 2026-08-12T01:18:30.514286+00:00
[Motor1] CLOUD UTC: 2026-08-12T01:18:39.081316+00:00
-------------
Batch 0Nm_BPFI_03:30 from Motor1 received. Processing...
FFT for batch 0Nm_BPFI_03:30 published to Enterprise/Site/Area/Motor1/Analysis/Vibration/fft
Prediction for batch 0Nm_BPFI_03:30 published to Enterprise/Site/Area/Motor1/Analysis/Diagnosis/prediction
-----------------------------------------
[Motor6] raw_latency_ms=8685.202
[Motor6] EDGE UTC : 2026-08-12T01:18:30.522044+00:00
[Motor6] CLOUD UTC: 2026-08-12T01:18:39.207246+00:00
-------------
Batch 0Nm_BPFI_03:119 from Motor6 received. Processing...
FFT for batch 0Nm_BPFI_03:119 published to Enterprise/Site/Area/Motor6/Analysis/Vibration/fft
Prediction for batch 0Nm_BPFI_03:119 published to Enterprise/Site/Area/Motor6/Analysis/Diagnosis/prediction
-----------------------------------------
[Motor3] raw_latency_ms=8570.769
[Motor3] EDGE UTC : 2026-08-12T01:18:30.755200+00:00
[Motor3] CLOUD UTC: 2026-08-12T01:18:39.325969+00:00
-------------
Batch 0Nm_BPFI_03:3 from Motor3 received. Processing...
FFT for batch 0Nm_BPFI_03:3 published to Enterprise/Site/Area/Motor3/Analysis/Vibration/fft
Prediction for batch 0Nm_BPFI_03:3 published to Enterprise/Site/Area/Motor3/Analysis/Diagnosis/prediction
-----------------------------------------
[Motor2] raw_latency_ms=8832.627
[Motor2] EDGE UTC : 2026-08-12T01:18:30.607334+00:00
[Motor2] CLOUD UTC: 2026-08-12T01:18:39.439961+00:00
-------------
Batch 0Nm_BPFI_03:15 from Motor2 received. Processing...
FFT for batch 0Nm_BPFI_03:15 published to Enterprise/Site/Area/Motor2/Analysis/Vibration/fft
Prediction for batch 0Nm_BPFI_03:15 published to Enterprise/Site/Area/Motor2/Analysis/Diagnosis/prediction
-----------------------------------------
[Motor7] raw_latency_ms=8888.975
[Motor7] EDGE UTC : 2026-08-12T01:18:30.665624+00:00
[Motor7] CLOUD UTC: 2026-08-12T01:18:39.554599+00:00
-------------
Batch 0Nm_BPFI_03:90 from Motor7 received. Processing...
FFT for batch 0Nm_BPFI_03:90 published to Enterprise/Site/Area/Motor7/Analysis/Vibration/fft
Prediction for batch 0Nm_BPFI_03:90 published to Enterprise/Site/Area/Motor7/Analysis/Diagnosis/prediction
-----------------------------------------
[Motor4] raw_latency_ms=9125.380
[Motor4] EDGE UTC : 2026-08-12T01:18:30.538327+00:00
[Motor4] CLOUD UTC: 2026-08-12T01:18:39.663707+00:00
-------------
Batch 0Nm_BPFI_03:152 from Motor4 received. Processing...
FFT for batch 0Nm_BPFI_03:152 published to Enterprise/Site/Area/Motor4/Analysis/Vibration/fft
Prediction for batch 0Nm_BPFI_03:152 published to Enterprise/Site/Area/Motor4/Analysis/Diagnosis/prediction
-----------------------------------------
[Motor8] raw_latency_ms=9150.337
[Motor8] EDGE UTC : 2026-08-12T01:18:30.634855+00:00
[Motor8] CLOUD UTC: 2026-08-12T01:18:39.785192+00:00
-------------
Batch 0Nm_BPFI_03:70 from Motor8 received. Processing...
FFT for batch 0Nm_BPFI_03:70 published to Enterprise/Site/Area/Motor8/Analysis/Vibration/fft
Prediction for batch 0Nm_BPFI_03:70 published to Enterprise/Site/Area/Motor8/Analysis/Diagnosis/prediction
-----------------------------------------
[Motor9] raw_latency_ms=8777.120
[Motor9] EDGE UTC : 2026-08-12T01:18:31.122805+00:00
[Motor9] CLOUD UTC: 2026-08-12T01:18:39.899925+00:00
-------------
Batch 0Nm_BPFI_03:54 from Motor9 received. Processing...
FFT for batch 0Nm_BPFI_03:54 published to Enterprise/Site/Area/Motor9/Analysis/Vibration/fft
Prediction for batch 0Nm_BPFI_03:54 published to Enterprise/Site/Area/Motor9/Analysis/Diagnosis/prediction
-----------------------------------------
[Motor5] raw_latency_ms=9042.465
[Motor5] EDGE UTC : 2026-08-12T01:18:30.971116+00:00
[Motor5] CLOUD UTC: 2026-08-12T01:18:40.013581+00:00
-------------
Batch 0Nm_BPFI_03:135 from Motor5 received. Processing...
FFT for batch 0Nm_BPFI_03:135 published to Enterprise/Site/Area/Motor5/Analysis/Vibration/fft
Prediction for batch 0Nm_BPFI_03:135 published to Enterprise/Site/Area/Motor5/Analysis/Diagnosis/prediction
-----------------------------------------
[Motor1] raw_latency_ms=8569.609
[Motor1] EDGE UTC : 2026-08-12T01:18:31.552299+00:00
[Motor1] CLOUD UTC: 2026-08-12T01:18:40.121909+00:00
-------------
Batch 0Nm_BPFI_03:31 from Motor1 received. Processing...
FFT for batch 0Nm_BPFI_03:31 published to Enterprise/Site/Area/Motor1/Analysis/Vibration/fft
Prediction for batch 0Nm_BPFI_03:31 published to Enterprise/Site/Area/Motor1/Analysis/Diagnosis/prediction
-----------------------------------------
[Motor6] raw_latency_ms=8598.109
[Motor6] EDGE UTC : 2026-08-12T01:18:31.653504+00:00
[Motor6] CLOUD UTC: 2026-08-12T01:18:40.251613+00:00
-------------
Batch 0Nm_BPFI_03:120 from Motor6 received. Processing...
FFT for batch 0Nm_BPFI_03:120 published to Enterprise/Site/Area/Motor6/Analysis/Vibration/fft
Prediction for batch 0Nm_BPFI_03:120 published to Enterprise/Site/Area/Motor6/Analysis/Diagnosis/prediction
-----------------------------------------
[Motor3] raw_latency_ms=8605.710
[Motor3] EDGE UTC : 2026-08-12T01:18:31.762613+00:00
[Motor3] CLOUD UTC: 2026-08-12T01:18:40.368322+00:00
-------------
Batch 0Nm_BPFI_03:4 from Motor3 received. Processing...
FFT for batch 0Nm_BPFI_03:4 published to Enterprise/Site/Area/Motor3/Analysis/Vibration/fft
Prediction for batch 0Nm_BPFI_03:4 published to Enterprise/Site/Area/Motor3/Analysis/Diagnosis/prediction
-----------------------------------------
[Motor4] raw_latency_ms=8906.517
[Motor4] EDGE UTC : 2026-08-12T01:18:31.576338+00:00
[Motor4] CLOUD UTC: 2026-08-12T01:18:40.482855+00:00
-------------
Batch 0Nm_BPFI_03:153 from Motor4 received. Processing...
FFT for batch 0Nm_BPFI_03:153 published to Enterprise/Site/Area/Motor4/Analysis/Vibration/fft
Prediction for batch 0Nm_BPFI_03:153 published to Enterprise/Site/Area/Motor4/Analysis/Diagnosis/prediction
-----------------------------------------
[Motor2] raw_latency_ms=8964.429
[Motor2] EDGE UTC : 2026-08-12T01:18:31.626251+00:00
[Motor2] CLOUD UTC: 2026-08-12T01:18:40.590680+00:00
-------------
Batch 0Nm_BPFI_03:16 from Motor2 received. Processing...
FFT for batch 0Nm_BPFI_03:16 published to Enterprise/Site/Area/Motor2/Analysis/Vibration/fft
Prediction for batch 0Nm_BPFI_03:16 published to Enterprise/Site/Area/Motor2/Analysis/Diagnosis/prediction
-----------------------------------------
[Motor7] raw_latency_ms=9003.679
[Motor7] EDGE UTC : 2026-08-12T01:18:31.703514+00:00
[Motor7] CLOUD UTC: 2026-08-12T01:18:40.707193+00:00
-------------
Batch 0Nm_BPFI_03:91 from Motor7 received. Processing...
FFT for batch 0Nm_BPFI_03:91 published to Enterprise/Site/Area/Motor7/Analysis/Vibration/fft
Prediction for batch 0Nm_BPFI_03:91 published to Enterprise/Site/Area/Motor7/Analysis/Diagnosis/prediction
-----------------------------------------
[Motor5] raw_latency_ms=8826.432
[Motor5] EDGE UTC : 2026-08-12T01:18:31.990522+00:00
[Motor5] CLOUD UTC: 2026-08-12T01:18:40.816955+00:00
-------------
Batch 0Nm_BPFI_03:136 from Motor5 received. Processing...
FFT for batch 0Nm_BPFI_03:136 published to Enterprise/Site/Area/Motor5/Analysis/Vibration/fft
Prediction for batch 0Nm_BPFI_03:136 published to Enterprise/Site/Area/Motor5/Analysis/Diagnosis/prediction
-----------------------------------------
[Motor9] raw_latency_ms=8804.152
[Motor9] EDGE UTC : 2026-08-12T01:18:32.128048+00:00
[Motor9] CLOUD UTC: 2026-08-12T01:18:40.932200+00:00
-------------
Batch 0Nm_BPFI_03:55 from Motor9 received. Processing...
FFT for batch 0Nm_BPFI_03:55 published to Enterprise/Site/Area/Motor9/Analysis/Vibration/fft
Prediction for batch 0Nm_BPFI_03:55 published to Enterprise/Site/Area/Motor9/Analysis/Diagnosis/prediction
-----------------------------------------
[Motor1] raw_latency_ms=8446.669
[Motor1] EDGE UTC : 2026-08-12T01:18:32.591092+00:00
[Motor1] CLOUD UTC: 2026-08-12T01:18:41.037761+00:00
-------------
Batch 0Nm_BPFI_03:32 from Motor1 received. Processing...
FFT for batch 0Nm_BPFI_03:32 published to Enterprise/Site/Area/Motor1/Analysis/Vibration/fft
Prediction for batch 0Nm_BPFI_03:32 published to Enterprise/Site/Area/Motor1/Analysis/Diagnosis/prediction
-----------------------------------------
[Motor6] raw_latency_ms=8487.944
[Motor6] EDGE UTC : 2026-08-12T01:18:32.658834+00:00
[Motor6] CLOUD UTC: 2026-08-12T01:18:41.146778+00:00
-------------
Batch 0Nm_BPFI_03:121 from Motor6 received. Processing...
FFT for batch 0Nm_BPFI_03:121 published to Enterprise/Site/Area/Motor6/Analysis/Vibration/fft
Prediction for batch 0Nm_BPFI_03:121 published to Enterprise/Site/Area/Motor6/Analysis/Diagnosis/prediction
-----------------------------------------
[Motor3] raw_latency_ms=8505.768
[Motor3] EDGE UTC : 2026-08-12T01:18:32.766265+00:00
[Motor3] CLOUD UTC: 2026-08-12T01:18:41.272033+00:00
-------------
Batch 0Nm_BPFI_03:5 from Motor3 received. Processing...
FFT for batch 0Nm_BPFI_03:5 published to Enterprise/Site/Area/Motor3/Analysis/Vibration/fft
Prediction for batch 0Nm_BPFI_03:5 published to Enterprise/Site/Area/Motor3/Analysis/Diagnosis/prediction
-----------------------------------------
[Motor4] raw_latency_ms=8775.939
[Motor4] EDGE UTC : 2026-08-12T01:18:32.614183+00:00
[Motor4] CLOUD UTC: 2026-08-12T01:18:41.390121+00:00
-------------
Batch 0Nm_BPFI_03:154 from Motor4 received. Processing...
FFT for batch 0Nm_BPFI_03:154 published to Enterprise/Site/Area/Motor4/Analysis/Vibration/fft
Prediction for batch 0Nm_BPFI_03:154 published to Enterprise/Site/Area/Motor4/Analysis/Diagnosis/prediction
-----------------------------------------
[Motor2] raw_latency_ms=8850.420
[Motor2] EDGE UTC : 2026-08-12T01:18:32.645141+00:00
[Motor2] CLOUD UTC: 2026-08-12T01:18:41.495561+00:00
-------------
Batch 0Nm_BPFI_03:17 from Motor2 received. Processing...
FFT for batch 0Nm_BPFI_03:17 published to Enterprise/Site/Area/Motor2/Analysis/Vibration/fft
Prediction for batch 0Nm_BPFI_03:17 published to Enterprise/Site/Area/Motor2/Analysis/Diagnosis/prediction
-----------------------------------------
[Motor7] raw_latency_ms=8868.121
[Motor7] EDGE UTC : 2026-08-12T01:18:32.741082+00:00
[Motor7] CLOUD UTC: 2026-08-12T01:18:41.609203+00:00
-------------
Batch 0Nm_BPFI_03:92 from Motor7 received. Processing...
FFT for batch 0Nm_BPFI_03:92 published to Enterprise/Site/Area/Motor7/Analysis/Vibration/fft
Prediction for batch 0Nm_BPFI_03:92 published to Enterprise/Site/Area/Motor7/Analysis/Diagnosis/prediction
-----------------------------------------
[Motor8] raw_latency_ms=10062.240
[Motor8] EDGE UTC : 2026-08-12T01:18:31.653332+00:00
[Motor8] CLOUD UTC: 2026-08-12T01:18:41.715572+00:00
-------------
Batch 0Nm_BPFI_03:71 from Motor8 received. Processing...
FFT for batch 0Nm_BPFI_03:71 published to Enterprise/Site/Area/Motor8/Analysis/Vibration/fft
Prediction for batch 0Nm_BPFI_03:71 published to Enterprise/Site/Area/Motor8/Analysis/Diagnosis/prediction
-----------------------------------------
[Motor9] raw_latency_ms=8693.407
[Motor9] EDGE UTC : 2026-08-12T01:18:33.134892+00:00
[Motor9] CLOUD UTC: 2026-08-12T01:18:41.828299+00:00
-------------
Batch 0Nm_BPFI_03:56 from Motor9 received. Processing...
FFT for batch 0Nm_BPFI_03:56 published to Enterprise/Site/Area/Motor9/Analysis/Vibration/fft
Prediction for batch 0Nm_BPFI_03:56 published to Enterprise/Site/Area/Motor9/Analysis/Diagnosis/prediction
-----------------------------------------
[Motor5] raw_latency_ms=8925.483
[Motor5] EDGE UTC : 2026-08-12T01:18:33.009966+00:00
[Motor5] CLOUD UTC: 2026-08-12T01:18:41.935450+00:00
-------------
Batch 0Nm_BPFI_03:137 from Motor5 received. Processing...
FFT for batch 0Nm_BPFI_03:137 published to Enterprise/Site/Area/Motor5/Analysis/Vibration/fft
Prediction for batch 0Nm_BPFI_03:137 published to Enterprise/Site/Area/Motor5/Analysis/Diagnosis/prediction
-----------------------------------------
[Motor1] raw_latency_ms=8415.584
[Motor1] EDGE UTC : 2026-08-12T01:18:33.628753+00:00
[Motor1] CLOUD UTC: 2026-08-12T01:18:42.044336+00:00
-------------
Batch 0Nm_BPFI_03:33 from Motor1 received. Processing...
FFT for batch 0Nm_BPFI_03:33 published to Enterprise/Site/Area/Motor1/Analysis/Vibration/fft
Prediction for batch 0Nm_BPFI_03:33 published to Enterprise/Site/Area/Motor1/Analysis/Diagnosis/prediction
-----------------------------------------
[Motor6] raw_latency_ms=8493.904
[Motor6] EDGE UTC : 2026-08-12T01:18:33.662308+00:00
[Motor6] CLOUD UTC: 2026-08-12T01:18:42.156211+00:00
-------------
Batch 0Nm_BPFI_03:122 from Motor6 received. Processing...
FFT for batch 0Nm_BPFI_03:122 published to Enterprise/Site/Area/Motor6/Analysis/Vibration/fft
Prediction for batch 0Nm_BPFI_03:122 published to Enterprise/Site/Area/Motor6/Analysis/Diagnosis/prediction
-----------------------------------------
[Motor3] raw_latency_ms=8494.683
[Motor3] EDGE UTC : 2026-08-12T01:18:33.772946+00:00
[Motor3] CLOUD UTC: 2026-08-12T01:18:42.267629+00:00
-------------
Batch 0Nm_BPFI_03:6 from Motor3 received. Processing...
FFT for batch 0Nm_BPFI_03:6 published to Enterprise/Site/Area/Motor3/Analysis/Vibration/fft
Prediction for batch 0Nm_BPFI_03:6 published to Enterprise/Site/Area/Motor3/Analysis/Diagnosis/prediction
-----------------------------------------
[Motor8] raw_latency_ms=9720.265
[Motor8] EDGE UTC : 2026-08-12T01:18:32.675088+00:00
[Motor8] CLOUD UTC: 2026-08-12T01:18:42.395353+00:00
-------------
Batch 0Nm_BPFI_03:72 from Motor8 received. Processing...
FFT for batch 0Nm_BPFI_03:72 published to Enterprise/Site/Area/Motor8/Analysis/Vibration/fft
Prediction for batch 0Nm_BPFI_03:72 published to Enterprise/Site/Area/Motor8/Analysis/Diagnosis/prediction
-----------------------------------------
[Motor2] raw_latency_ms=8843.492
[Motor2] EDGE UTC : 2026-08-12T01:18:33.664160+00:00
[Motor2] CLOUD UTC: 2026-08-12T01:18:42.507653+00:00
-------------
Batch 0Nm_BPFI_03:18 from Motor2 received. Processing...
FFT for batch 0Nm_BPFI_03:18 published to Enterprise/Site/Area/Motor2/Analysis/Vibration/fft
Prediction for batch 0Nm_BPFI_03:18 published to Enterprise/Site/Area/Motor2/Analysis/Diagnosis/prediction
-----------------------------------------
[Motor4] raw_latency_ms=8965.168
[Motor4] EDGE UTC : 2026-08-12T01:18:33.653393+00:00
[Motor4] CLOUD UTC: 2026-08-12T01:18:42.618561+00:00
-------------
Batch 0Nm_BPFI_03:155 from Motor4 received. Processing...
FFT for batch 0Nm_BPFI_03:155 published to Enterprise/Site/Area/Motor4/Analysis/Vibration/fft
Prediction for batch 0Nm_BPFI_03:155 published to Enterprise/Site/Area/Motor4/Analysis/Diagnosis/prediction
-----------------------------------------
[Motor7] raw_latency_ms=8950.822
[Motor7] EDGE UTC : 2026-08-12T01:18:33.778444+00:00
[Motor7] CLOUD UTC: 2026-08-12T01:18:42.729265+00:00
-------------
Batch 0Nm_BPFI_03:93 from Motor7 received. Processing...
FFT for batch 0Nm_BPFI_03:93 published to Enterprise/Site/Area/Motor7/Analysis/Vibration/fft
Prediction for batch 0Nm_BPFI_03:93 published to Enterprise/Site/Area/Motor7/Analysis/Diagnosis/prediction
-----------------------------------------
[Motor9] raw_latency_ms=8696.815
[Motor9] EDGE UTC : 2026-08-12T01:18:34.138538+00:00
[Motor9] CLOUD UTC: 2026-08-12T01:18:42.835353+00:00
-------------
Batch 0Nm_BPFI_03:57 from Motor9 received. Processing...
FFT for batch 0Nm_BPFI_03:57 published to Enterprise/Site/Area/Motor9/Analysis/Vibration/fft
Prediction for batch 0Nm_BPFI_03:57 published to Enterprise/Site/Area/Motor9/Analysis/Diagnosis/prediction
-----------------------------------------
[Motor5] raw_latency_ms=8918.520
[Motor5] EDGE UTC : 2026-08-12T01:18:34.029155+00:00
[Motor5] CLOUD UTC: 2026-08-12T01:18:42.947675+00:00
-------------
Batch 0Nm_BPFI_03:138 from Motor5 received. Processing...
FFT for batch 0Nm_BPFI_03:138 published to Enterprise/Site/Area/Motor5/Analysis/Vibration/fft
Prediction for batch 0Nm_BPFI_03:138 published to Enterprise/Site/Area/Motor5/Analysis/Diagnosis/prediction
-----------------------------------------
[Motor8] raw_latency_ms=9363.635
[Motor8] EDGE UTC : 2026-08-12T01:18:33.694055+00:00
[Motor8] CLOUD UTC: 2026-08-12T01:18:43.057690+00:00
-------------
Batch 0Nm_BPFI_03:73 from Motor8 received. Processing...
FFT for batch 0Nm_BPFI_03:73 published to Enterprise/Site/Area/Motor8/Analysis/Vibration/fft
Prediction for batch 0Nm_BPFI_03:73 published to Enterprise/Site/Area/Motor8/Analysis/Diagnosis/prediction
-----------------------------------------
[Motor6] raw_latency_ms=8509.072
[Motor6] EDGE UTC : 2026-08-12T01:18:34.665500+00:00
[Motor6] CLOUD UTC: 2026-08-12T01:18:43.174572+00:00
-------------
Batch 0Nm_BPFI_03:123 from Motor6 received. Processing...
FFT for batch 0Nm_BPFI_03:123 published to Enterprise/Site/Area/Motor6/Analysis/Vibration/fft
Prediction for batch 0Nm_BPFI_03:123 published to Enterprise/Site/Area/Motor6/Analysis/Diagnosis/prediction
-----------------------------------------
[Motor1] raw_latency_ms=8615.030
[Motor1] EDGE UTC : 2026-08-12T01:18:34.667501+00:00
[Motor1] CLOUD UTC: 2026-08-12T01:18:43.282531+00:00
-------------
Batch 0Nm_BPFI_03:34 from Motor1 received. Processing...
FFT for batch 0Nm_BPFI_03:34 published to Enterprise/Site/Area/Motor1/Analysis/Vibration/fft
Prediction for batch 0Nm_BPFI_03:34 published to Enterprise/Site/Area/Motor1/Analysis/Diagnosis/prediction
-----------------------------------------
[Motor3] raw_latency_ms=8639.100
[Motor3] EDGE UTC : 2026-08-12T01:18:34.776204+00:00
[Motor3] CLOUD UTC: 2026-08-12T01:18:43.415304+00:00
-------------
Batch 0Nm_BPFI_03:7 from Motor3 received. Processing...
FFT for batch 0Nm_BPFI_03:7 published to Enterprise/Site/Area/Motor3/Analysis/Vibration/fft
Prediction for batch 0Nm_BPFI_03:7 published to Enterprise/Site/Area/Motor3/Analysis/Diagnosis/prediction
-----------------------------------------
[Motor4] raw_latency_ms=8828.864
[Motor4] EDGE UTC : 2026-08-12T01:18:34.694255+00:00
[Motor4] CLOUD UTC: 2026-08-12T01:18:43.523119+00:00
-------------
Batch 0Nm_BPFI_03:156 from Motor4 received. Processing...
FFT for batch 0Nm_BPFI_03:156 published to Enterprise/Site/Area/Motor4/Analysis/Vibration/fft
Prediction for batch 0Nm_BPFI_03:156 published to Enterprise/Site/Area/Motor4/Analysis/Diagnosis/prediction
-----------------------------------------
[Motor2] raw_latency_ms=8954.176
[Motor2] EDGE UTC : 2026-08-12T01:18:34.683482+00:00
[Motor2] CLOUD UTC: 2026-08-12T01:18:43.637659+00:00
-------------
Batch 0Nm_BPFI_03:19 from Motor2 received. Processing...
FFT for batch 0Nm_BPFI_03:19 published to Enterprise/Site/Area/Motor2/Analysis/Vibration/fft
Prediction for batch 0Nm_BPFI_03:19 published to Enterprise/Site/Area/Motor2/Analysis/Diagnosis/prediction
-----------------------------------------
[Motor7] raw_latency_ms=8926.837
[Motor7] EDGE UTC : 2026-08-12T01:18:34.816118+00:00
[Motor7] CLOUD UTC: 2026-08-12T01:18:43.742955+00:00
-------------
Batch 0Nm_BPFI_03:94 from Motor7 received. Processing...
FFT for batch 0Nm_BPFI_03:94 published to Enterprise/Site/Area/Motor7/Analysis/Vibration/fft
Prediction for batch 0Nm_BPFI_03:94 published to Enterprise/Site/Area/Motor7/Analysis/Diagnosis/prediction
-----------------------------------------
[Motor8] raw_latency_ms=9138.078
[Motor8] EDGE UTC : 2026-08-12T01:18:34.715115+00:00
[Motor8] CLOUD UTC: 2026-08-12T01:18:43.853193+00:00
-------------
Batch 0Nm_BPFI_03:74 from Motor8 received. Processing...
FFT for batch 0Nm_BPFI_03:74 published to Enterprise/Site/Area/Motor8/Analysis/Vibration/fft
Prediction for batch 0Nm_BPFI_03:74 published to Enterprise/Site/Area/Motor8/Analysis/Diagnosis/prediction
-----------------------------------------
[Motor9] raw_latency_ms=8816.709
[Motor9] EDGE UTC : 2026-08-12T01:18:35.142122+00:00
[Motor9] CLOUD UTC: 2026-08-12T01:18:43.958831+00:00
-------------
Batch 0Nm_BPFI_03:58 from Motor9 received. Processing...
FFT for batch 0Nm_BPFI_03:58 published to Enterprise/Site/Area/Motor9/Analysis/Vibration/fft
Prediction for batch 0Nm_BPFI_03:58 published to Enterprise/Site/Area/Motor9/Analysis/Diagnosis/prediction
-----------------------------------------
[Motor5] raw_latency_ms=9023.036
[Motor5] EDGE UTC : 2026-08-12T01:18:35.048309+00:00
[Motor5] CLOUD UTC: 2026-08-12T01:18:44.071345+00:00
-------------
Batch 0Nm_BPFI_03:139 from Motor5 received. Processing...
FFT for batch 0Nm_BPFI_03:139 published to Enterprise/Site/Area/Motor5/Analysis/Vibration/fft
Prediction for batch 0Nm_BPFI_03:139 published to Enterprise/Site/Area/Motor5/Analysis/Diagnosis/prediction
-----------------------------------------
[Motor3] raw_latency_ms=8402.907
[Motor3] EDGE UTC : 2026-08-12T01:18:35.779451+00:00
[Motor3] CLOUD UTC: 2026-08-12T01:18:44.182358+00:00
-------------
Batch 0Nm_BPFI_03:8 from Motor3 received. Processing...
FFT for batch 0Nm_BPFI_03:8 published to Enterprise/Site/Area/Motor3/Analysis/Vibration/fft
Prediction for batch 0Nm_BPFI_03:8 published to Enterprise/Site/Area/Motor3/Analysis/Diagnosis/prediction
-----------------------------------------
[Motor6] raw_latency_ms=8628.098
[Motor6] EDGE UTC : 2026-08-12T01:18:35.669228+00:00
[Motor6] CLOUD UTC: 2026-08-12T01:18:44.297326+00:00
-------------
Batch 0Nm_BPFI_03:124 from Motor6 received. Processing...
FFT for batch 0Nm_BPFI_03:124 published to Enterprise/Site/Area/Motor6/Analysis/Vibration/fft
Prediction for batch 0Nm_BPFI_03:124 published to Enterprise/Site/Area/Motor6/Analysis/Diagnosis/prediction
-----------------------------------------
[Motor1] raw_latency_ms=8715.372
[Motor1] EDGE UTC : 2026-08-12T01:18:35.705817+00:00
[Motor1] CLOUD UTC: 2026-08-12T01:18:44.421189+00:00
-------------
Batch 0Nm_BPFI_03:35 from Motor1 received. Processing...
FFT for batch 0Nm_BPFI_03:35 published to Enterprise/Site/Area/Motor1/Analysis/Vibration/fft
Prediction for batch 0Nm_BPFI_03:35 published to Enterprise/Site/Area/Motor1/Analysis/Diagnosis/prediction
-----------------------------------------
[Motor2] raw_latency_ms=8833.220
[Motor2] EDGE UTC : 2026-08-12T01:18:35.705126+00:00
[Motor2] CLOUD UTC: 2026-08-12T01:18:44.538346+00:00
-------------
Batch 0Nm_BPFI_03:20 from Motor2 received. Processing...
FFT for batch 0Nm_BPFI_03:20 published to Enterprise/Site/Area/Motor2/Analysis/Vibration/fft
Prediction for batch 0Nm_BPFI_03:20 published to Enterprise/Site/Area/Motor2/Analysis/Diagnosis/prediction
-----------------------------------------
[Motor8] raw_latency_ms=8913.830
[Motor8] EDGE UTC : 2026-08-12T01:18:35.736449+00:00
[Motor8] CLOUD UTC: 2026-08-12T01:18:44.650279+00:00
-------------
Batch 0Nm_BPFI_03:75 from Motor8 received. Processing...
FFT for batch 0Nm_BPFI_03:75 published to Enterprise/Site/Area/Motor8/Analysis/Vibration/fft
Prediction for batch 0Nm_BPFI_03:75 published to Enterprise/Site/Area/Motor8/Analysis/Diagnosis/prediction
-----------------------------------------
[Motor9] raw_latency_ms=8615.208
[Motor9] EDGE UTC : 2026-08-12T01:18:36.145573+00:00
[Motor9] CLOUD UTC: 2026-08-12T01:18:44.760781+00:00
-------------
Batch 0Nm_BPFI_03:59 from Motor9 received. Processing...
FFT for batch 0Nm_BPFI_03:59 published to Enterprise/Site/Area/Motor9/Analysis/Vibration/fft
Prediction for batch 0Nm_BPFI_03:59 published to Enterprise/Site/Area/Motor9/Analysis/Diagnosis/prediction
-----------------------------------------
[Motor5] raw_latency_ms=8774.899
[Motor5] EDGE UTC : 2026-08-12T01:18:36.092774+00:00
[Motor5] CLOUD UTC: 2026-08-12T01:18:44.867672+00:00
-------------
Batch 0Nm_BPFI_03:140 from Motor5 received. Processing...
FFT for batch 0Nm_BPFI_03:140 published to Enterprise/Site/Area/Motor5/Analysis/Vibration/fft
Prediction for batch 0Nm_BPFI_03:140 published to Enterprise/Site/Area/Motor5/Analysis/Diagnosis/prediction
-----------------------------------------
[Motor6] raw_latency_ms=8311.337
[Motor6] EDGE UTC : 2026-08-12T01:18:36.673538+00:00
[Motor6] CLOUD UTC: 2026-08-12T01:18:44.984875+00:00
-------------
Batch 0Nm_BPFI_03:125 from Motor6 received. Processing...
FFT for batch 0Nm_BPFI_03:125 published to Enterprise/Site/Area/Motor6/Analysis/Vibration/fft
Prediction for batch 0Nm_BPFI_03:125 published to Enterprise/Site/Area/Motor6/Analysis/Diagnosis/prediction
-----------------------------------------
[Motor1] raw_latency_ms=8349.771
[Motor1] EDGE UTC : 2026-08-12T01:18:36.744894+00:00
[Motor1] CLOUD UTC: 2026-08-12T01:18:45.094665+00:00
-------------
Batch 0Nm_BPFI_03:36 from Motor1 received. Processing...
FFT for batch 0Nm_BPFI_03:36 published to Enterprise/Site/Area/Motor1/Analysis/Vibration/fft
Prediction for batch 0Nm_BPFI_03:36 published to Enterprise/Site/Area/Motor1/Analysis/Diagnosis/prediction
-----------------------------------------
[Motor2] raw_latency_ms=8456.876
[Motor2] EDGE UTC : 2026-08-12T01:18:36.748750+00:00
[Motor2] CLOUD UTC: 2026-08-12T01:18:45.205626+00:00
-------------
Batch 0Nm_BPFI_03:21 from Motor2 received. Processing...
FFT for batch 0Nm_BPFI_03:21 published to Enterprise/Site/Area/Motor2/Analysis/Vibration/fft
Prediction for batch 0Nm_BPFI_03:21 published to Enterprise/Site/Area/Motor2/Analysis/Diagnosis/prediction
-----------------------------------------
[Motor3] raw_latency_ms=8539.904
[Motor3] EDGE UTC : 2026-08-12T01:18:36.782568+00:00
[Motor3] CLOUD UTC: 2026-08-12T01:18:45.322472+00:00
-------------
Batch 0Nm_BPFI_03:9 from Motor3 received. Processing...
FFT for batch 0Nm_BPFI_03:9 published to Enterprise/Site/Area/Motor3/Analysis/Vibration/fft
Prediction for batch 0Nm_BPFI_03:9 published to Enterprise/Site/Area/Motor3/Analysis/Diagnosis/prediction
-----------------------------------------
[Motor4] raw_latency_ms=8675.980
[Motor4] EDGE UTC : 2026-08-12T01:18:36.777735+00:00
[Motor4] CLOUD UTC: 2026-08-12T01:18:45.453715+00:00
-------------
Batch 0Nm_BPFI_03:158 from Motor4 received. Processing...
FFT for batch 0Nm_BPFI_03:158 published to Enterprise/Site/Area/Motor4/Analysis/Vibration/fft
Prediction for batch 0Nm_BPFI_03:158 published to Enterprise/Site/Area/Motor4/Analysis/Diagnosis/prediction
-----------------------------------------
[Motor8] raw_latency_ms=8793.815
[Motor8] EDGE UTC : 2026-08-12T01:18:36.775936+00:00
[Motor8] CLOUD UTC: 2026-08-12T01:18:45.569751+00:00
-------------
Batch 0Nm_BPFI_03:76 from Motor8 received. Processing...
FFT for batch 0Nm_BPFI_03:76 published to Enterprise/Site/Area/Motor8/Analysis/Vibration/fft
Prediction for batch 0Nm_BPFI_03:76 published to Enterprise/Site/Area/Motor8/Analysis/Diagnosis/prediction
-----------------------------------------
[Motor7] raw_latency_ms=8795.850
[Motor7] EDGE UTC : 2026-08-12T01:18:36.890775+00:00
[Motor7] CLOUD UTC: 2026-08-12T01:18:45.686625+00:00
-------------
Batch 0Nm_BPFI_03:96 from Motor7 received. Processing...
FFT for batch 0Nm_BPFI_03:96 published to Enterprise/Site/Area/Motor7/Analysis/Vibration/fft
Prediction for batch 0Nm_BPFI_03:96 published to Enterprise/Site/Area/Motor7/Analysis/Diagnosis/prediction
-----------------------------------------
[Motor9] raw_latency_ms=8558.135
[Motor9] EDGE UTC : 2026-08-12T01:18:37.244221+00:00
[Motor9] CLOUD UTC: 2026-08-12T01:18:45.802356+00:00
-------------
Batch 0Nm_BPFI_03:60 from Motor9 received. Processing...
FFT for batch 0Nm_BPFI_03:60 published to Enterprise/Site/Area/Motor9/Analysis/Vibration/fft
Prediction for batch 0Nm_BPFI_03:60 published to Enterprise/Site/Area/Motor9/Analysis/Diagnosis/prediction
-----------------------------------------
[Motor5] raw_latency_ms=8777.539
[Motor5] EDGE UTC : 2026-08-12T01:18:37.141775+00:00
[Motor5] CLOUD UTC: 2026-08-12T01:18:45.919315+00:00
-------------
Batch 0Nm_BPFI_03:141 from Motor5 received. Processing...
FFT for batch 0Nm_BPFI_03:141 published to Enterprise/Site/Area/Motor5/Analysis/Vibration/fft
Prediction for batch 0Nm_BPFI_03:141 published to Enterprise/Site/Area/Motor5/Analysis/Diagnosis/prediction
-----------------------------------------
[Motor6] raw_latency_ms=8347.827
[Motor6] EDGE UTC : 2026-08-12T01:18:37.676888+00:00
[Motor6] CLOUD UTC: 2026-08-12T01:18:46.024715+00:00
-------------
Batch 0Nm_BPFI_03:126 from Motor6 received. Processing...
FFT for batch 0Nm_BPFI_03:126 published to Enterprise/Site/Area/Motor6/Analysis/Vibration/fft
Prediction for batch 0Nm_BPFI_03:126 published to Enterprise/Site/Area/Motor6/Analysis/Diagnosis/prediction
-----------------------------------------
[Motor6] raw_latency_ms=7453.450
[Motor6] EDGE UTC : 2026-08-12T01:18:38.680089+00:00
[Motor6] CLOUD UTC: 2026-08-12T01:18:46.133539+00:00
-------------
Batch 0Nm_BPFI_03:127 from Motor6 received. Processing...
FFT for batch 0Nm_BPFI_03:127 published to Enterprise/Site/Area/Motor6/Analysis/Vibration/fft
Prediction for batch 0Nm_BPFI_03:127 published to Enterprise/Site/Area/Motor6/Analysis/Diagnosis/prediction
-----------------------------------------
[Motor3] raw_latency_ms=7445.624
[Motor3] EDGE UTC : 2026-08-12T01:18:38.790391+00:00
[Motor3] CLOUD UTC: 2026-08-12T01:18:46.236015+00:00
-------------
Batch 0Nm_BPFI_03:11 from Motor3 received. Processing...
FFT for batch 0Nm_BPFI_03:11 published to Enterprise/Site/Area/Motor3/Analysis/Vibration/fft
Prediction for batch 0Nm_BPFI_03:11 published to Enterprise/Site/Area/Motor3/Analysis/Diagnosis/prediction
-----------------------------------------
[Motor1] raw_latency_ms=7533.632
[Motor1] EDGE UTC : 2026-08-12T01:18:38.824075+00:00
[Motor1] CLOUD UTC: 2026-08-12T01:18:46.357707+00:00
-------------
Batch 0Nm_BPFI_03:38 from Motor1 received. Processing...
FFT for batch 0Nm_BPFI_03:38 published to Enterprise/Site/Area/Motor1/Analysis/Vibration/fft
Prediction for batch 0Nm_BPFI_03:38 published to Enterprise/Site/Area/Motor1/Analysis/Diagnosis/prediction
-----------------------------------------
[Motor2] raw_latency_ms=7666.682
[Motor2] EDGE UTC : 2026-08-12T01:18:38.815924+00:00
[Motor2] CLOUD UTC: 2026-08-12T01:18:46.482606+00:00
-------------
Batch 0Nm_BPFI_03:23 from Motor2 received. Processing...
FFT for batch 0Nm_BPFI_03:23 published to Enterprise/Site/Area/Motor2/Analysis/Vibration/fft
Prediction for batch 0Nm_BPFI_03:23 published to Enterprise/Site/Area/Motor2/Analysis/Diagnosis/prediction
-----------------------------------------
[Motor4] raw_latency_ms=7739.699
[Motor4] EDGE UTC : 2026-08-12T01:18:38.857136+00:00
[Motor4] CLOUD UTC: 2026-08-12T01:18:46.596835+00:00
-------------
Batch 0Nm_BPFI_03:160 from Motor4 received. Processing...
FFT for batch 0Nm_BPFI_03:160 published to Enterprise/Site/Area/Motor4/Analysis/Vibration/fft
Prediction for batch 0Nm_BPFI_03:160 published to Enterprise/Site/Area/Motor4/Analysis/Diagnosis/prediction
-----------------------------------------
[Motor8] raw_latency_ms=7868.255
[Motor8] EDGE UTC : 2026-08-12T01:18:38.844481+00:00
[Motor8] CLOUD UTC: 2026-08-12T01:18:46.712735+00:00
-------------
Batch 0Nm_BPFI_03:78 from Motor8 received. Processing...
FFT for batch 0Nm_BPFI_03:78 published to Enterprise/Site/Area/Motor8/Analysis/Vibration/fft
Prediction for batch 0Nm_BPFI_03:78 published to Enterprise/Site/Area/Motor8/Analysis/Diagnosis/prediction
-----------------------------------------
[Motor7] raw_latency_ms=7861.974
[Motor7] EDGE UTC : 2026-08-12T01:18:38.968279+00:00
[Motor7] CLOUD UTC: 2026-08-12T01:18:46.830252+00:00
-------------
Batch 0Nm_BPFI_03:98 from Motor7 received. Processing...
FFT for batch 0Nm_BPFI_03:98 published to Enterprise/Site/Area/Motor7/Analysis/Vibration/fft
Prediction for batch 0Nm_BPFI_03:98 published to Enterprise/Site/Area/Motor7/Analysis/Diagnosis/prediction
-----------------------------------------
[Motor9] raw_latency_ms=7686.071
[Motor9] EDGE UTC : 2026-08-12T01:18:39.250604+00:00
[Motor9] CLOUD UTC: 2026-08-12T01:18:46.936676+00:00
-------------
Batch 0Nm_BPFI_03:62 from Motor9 received. Processing...
FFT for batch 0Nm_BPFI_03:62 published to Enterprise/Site/Area/Motor9/Analysis/Vibration/fft
Prediction for batch 0Nm_BPFI_03:62 published to Enterprise/Site/Area/Motor9/Analysis/Diagnosis/prediction
-----------------------------------------
[Motor5] raw_latency_ms=7863.220
[Motor5] EDGE UTC : 2026-08-12T01:18:39.182306+00:00
[Motor5] CLOUD UTC: 2026-08-12T01:18:47.045526+00:00
-------------
Batch 0Nm_BPFI_03:143 from Motor5 received. Processing...
FFT for batch 0Nm_BPFI_03:143 published to Enterprise/Site/Area/Motor5/Analysis/Vibration/fft
Prediction for batch 0Nm_BPFI_03:143 published to Enterprise/Site/Area/Motor5/Analysis/Diagnosis/prediction
-----------------------------------------
[Motor6] raw_latency_ms=7474.733
[Motor6] EDGE UTC : 2026-08-12T01:18:39.683934+00:00
[Motor6] CLOUD UTC: 2026-08-12T01:18:47.158667+00:00
-------------
Batch 0Nm_BPFI_03:128 from Motor6 received. Processing...
FFT for batch 0Nm_BPFI_03:128 published to Enterprise/Site/Area/Motor6/Analysis/Vibration/fft
Prediction for batch 0Nm_BPFI_03:128 published to Enterprise/Site/Area/Motor6/Analysis/Diagnosis/prediction
-----------------------------------------
[Motor3] raw_latency_ms=7474.323
[Motor3] EDGE UTC : 2026-08-12T01:18:39.794229+00:00
[Motor3] CLOUD UTC: 2026-08-12T01:18:47.268552+00:00
-------------
Batch 0Nm_BPFI_03:12 from Motor3 received. Processing...
FFT for batch 0Nm_BPFI_03:12 published to Enterprise/Site/Area/Motor3/Analysis/Vibration/fft
Prediction for batch 0Nm_BPFI_03:12 published to Enterprise/Site/Area/Motor3/Analysis/Diagnosis/prediction
-----------------------------------------
[Motor2] raw_latency_ms=7537.964
[Motor2] EDGE UTC : 2026-08-12T01:18:39.834865+00:00
[Motor2] CLOUD UTC: 2026-08-12T01:18:47.372829+00:00
-------------
Batch 0Nm_BPFI_03:24 from Motor2 received. Processing...
FFT for batch 0Nm_BPFI_03:24 published to Enterprise/Site/Area/Motor2/Analysis/Vibration/fft
Prediction for batch 0Nm_BPFI_03:24 published to Enterprise/Site/Area/Motor2/Analysis/Diagnosis/prediction
-----------------------------------------
[Motor1] raw_latency_ms=7631.149
[Motor1] EDGE UTC : 2026-08-12T01:18:39.865028+00:00
[Motor1] CLOUD UTC: 2026-08-12T01:18:47.496177+00:00
-------------
Batch 0Nm_BPFI_03:39 from Motor1 received. Processing...
FFT for batch 0Nm_BPFI_03:39 published to Enterprise/Site/Area/Motor1/Analysis/Vibration/fft
Prediction for batch 0Nm_BPFI_03:39 published to Enterprise/Site/Area/Motor1/Analysis/Diagnosis/prediction
-----------------------------------------
[Motor4] raw_latency_ms=7703.908
[Motor4] EDGE UTC : 2026-08-12T01:18:39.898613+00:00
[Motor4] CLOUD UTC: 2026-08-12T01:18:47.602520+00:00
-------------
Batch 0Nm_BPFI_03:161 from Motor4 received. Processing...
FFT for batch 0Nm_BPFI_03:161 published to Enterprise/Site/Area/Motor4/Analysis/Vibration/fft
Prediction for batch 0Nm_BPFI_03:161 published to Enterprise/Site/Area/Motor4/Analysis/Diagnosis/prediction
-----------------------------------------
[Motor9] raw_latency_ms=7495.245
[Motor9] EDGE UTC : 2026-08-12T01:18:40.254126+00:00
[Motor9] CLOUD UTC: 2026-08-12T01:18:47.749371+00:00
-------------
Batch 0Nm_BPFI_03:63 from Motor9 received. Processing...
FFT for batch 0Nm_BPFI_03:63 published to Enterprise/Site/Area/Motor9/Analysis/Vibration/fft
Prediction for batch 0Nm_BPFI_03:63 published to Enterprise/Site/Area/Motor9/Analysis/Diagnosis/prediction
-----------------------------------------
[Motor8] raw_latency_ms=7990.517
[Motor8] EDGE UTC : 2026-08-12T01:18:39.863397+00:00
[Motor8] CLOUD UTC: 2026-08-12T01:18:47.853914+00:00
-------------
Batch 0Nm_BPFI_03:79 from Motor8 received. Processing...
FFT for batch 0Nm_BPFI_03:79 published to Enterprise/Site/Area/Motor8/Analysis/Vibration/fft
Prediction for batch 0Nm_BPFI_03:79 published to Enterprise/Site/Area/Motor8/Analysis/Diagnosis/prediction
-----------------------------------------
[Motor7] raw_latency_ms=7964.153
[Motor7] EDGE UTC : 2026-08-12T01:18:40.006291+00:00
[Motor7] CLOUD UTC: 2026-08-12T01:18:47.970444+00:00
-------------
Batch 0Nm_BPFI_03:99 from Motor7 received. Processing...
FFT for batch 0Nm_BPFI_03:99 published to Enterprise/Site/Area/Motor7/Analysis/Vibration/fft
Prediction for batch 0Nm_BPFI_03:99 published to Enterprise/Site/Area/Motor7/Analysis/Diagnosis/prediction
-----------------------------------------
[Motor5] raw_latency_ms=7874.328
[Motor5] EDGE UTC : 2026-08-12T01:18:40.201304+00:00
[Motor5] CLOUD UTC: 2026-08-12T01:18:48.075632+00:00
-------------
Batch 0Nm_BPFI_03:144 from Motor5 received. Processing...
FFT for batch 0Nm_BPFI_03:144 published to Enterprise/Site/Area/Motor5/Analysis/Vibration/fft
Prediction for batch 0Nm_BPFI_03:144 published to Enterprise/Site/Area/Motor5/Analysis/Diagnosis/prediction
-----------------------------------------
[Motor6] raw_latency_ms=7498.234
[Motor6] EDGE UTC : 2026-08-12T01:18:40.687282+00:00
[Motor6] CLOUD UTC: 2026-08-12T01:18:48.185516+00:00
-------------
Batch 0Nm_BPFI_03:129 from Motor6 received. Processing...
FFT for batch 0Nm_BPFI_03:129 published to Enterprise/Site/Area/Motor6/Analysis/Vibration/fft
Prediction for batch 0Nm_BPFI_03:129 published to Enterprise/Site/Area/Motor6/Analysis/Diagnosis/prediction
-----------------------------------------
[Motor3] raw_latency_ms=7498.823
[Motor3] EDGE UTC : 2026-08-12T01:18:40.798892+00:00
[Motor3] CLOUD UTC: 2026-08-12T01:18:48.297714+00:00
-------------
Batch 0Nm_BPFI_03:13 from Motor3 received. Processing...
FFT for batch 0Nm_BPFI_03:13 published to Enterprise/Site/Area/Motor3/Analysis/Vibration/fft
Prediction for batch 0Nm_BPFI_03:13 published to Enterprise/Site/Area/Motor3/Analysis/Diagnosis/prediction
-----------------------------------------
[Motor2] raw_latency_ms=7637.204
[Motor2] EDGE UTC : 2026-08-12T01:18:40.853764+00:00
[Motor2] CLOUD UTC: 2026-08-12T01:18:48.490967+00:00
-------------
Batch 0Nm_BPFI_03:25 from Motor2 received. Processing...
FFT for batch 0Nm_BPFI_03:25 published to Enterprise/Site/Area/Motor2/Analysis/Vibration/fft
Prediction for batch 0Nm_BPFI_03:25 published to Enterprise/Site/Area/Motor2/Analysis/Diagnosis/prediction
-----------------------------------------
[Motor1] raw_latency_ms=7786.377
[Motor1] EDGE UTC : 2026-08-12T01:18:40.906274+00:00
[Motor1] CLOUD UTC: 2026-08-12T01:18:48.692651+00:00
-------------
Batch 0Nm_BPFI_03:40 from Motor1 received. Processing...
FFT for batch 0Nm_BPFI_03:40 published to Enterprise/Site/Area/Motor1/Analysis/Vibration/fft
Prediction for batch 0Nm_BPFI_03:40 published to Enterprise/Site/Area/Motor1/Analysis/Diagnosis/prediction
-----------------------------------------
[Motor8] raw_latency_ms=7981.526
[Motor8] EDGE UTC : 2026-08-12T01:18:40.882283+00:00
[Motor8] CLOUD UTC: 2026-08-12T01:18:48.863809+00:00
-------------
Batch 0Nm_BPFI_03:80 from Motor8 received. Processing...
FFT for batch 0Nm_BPFI_03:80 published to Enterprise/Site/Area/Motor8/Analysis/Vibration/fft
Prediction for batch 0Nm_BPFI_03:80 published to Enterprise/Site/Area/Motor8/Analysis/Diagnosis/prediction
-----------------------------------------
[Motor4] raw_latency_ms=8122.847
[Motor4] EDGE UTC : 2026-08-12T01:18:40.937820+00:00
[Motor4] CLOUD UTC: 2026-08-12T01:18:49.060666+00:00
-------------
Batch 0Nm_BPFI_03:162 from Motor4 received. Processing...
FFT for batch 0Nm_BPFI_03:162 published to Enterprise/Site/Area/Motor4/Analysis/Vibration/fft
Prediction for batch 0Nm_BPFI_03:162 published to Enterprise/Site/Area/Motor4/Analysis/Diagnosis/prediction
-----------------------------------------
[Motor9] raw_latency_ms=8003.958
[Motor9] EDGE UTC : 2026-08-12T01:18:41.257880+00:00
[Motor9] CLOUD UTC: 2026-08-12T01:18:49.261838+00:00
-------------
Batch 0Nm_BPFI_03:64 from Motor9 received. Processing...
FFT for batch 0Nm_BPFI_03:64 published to Enterprise/Site/Area/Motor9/Analysis/Vibration/fft
Prediction for batch 0Nm_BPFI_03:64 published to Enterprise/Site/Area/Motor9/Analysis/Diagnosis/prediction
-----------------------------------------
[Motor7] raw_latency_ms=8382.345
[Motor7] EDGE UTC : 2026-08-12T01:18:41.043614+00:00
[Motor7] CLOUD UTC: 2026-08-12T01:18:49.425959+00:00
-------------
Batch 0Nm_BPFI_03:100 from Motor7 received. Processing...
FFT for batch 0Nm_BPFI_03:100 published to Enterprise/Site/Area/Motor7/Analysis/Vibration/fft
Prediction for batch 0Nm_BPFI_03:100 published to Enterprise/Site/Area/Motor7/Analysis/Diagnosis/prediction
-----------------------------------------
[Motor5] raw_latency_ms=8405.762
[Motor5] EDGE UTC : 2026-08-12T01:18:41.220435+00:00
[Motor5] CLOUD UTC: 2026-08-12T01:18:49.626198+00:00
-------------
Batch 0Nm_BPFI_03:145 from Motor5 received. Processing...
FFT for batch 0Nm_BPFI_03:145 published to Enterprise/Site/Area/Motor5/Analysis/Vibration/fft
Prediction for batch 0Nm_BPFI_03:145 published to Enterprise/Site/Area/Motor5/Analysis/Diagnosis/prediction
-----------------------------------------
[Motor6] raw_latency_ms=8112.119
[Motor6] EDGE UTC : 2026-08-12T01:18:41.691126+00:00
[Motor6] CLOUD UTC: 2026-08-12T01:18:49.803245+00:00
-------------
Batch 0Nm_BPFI_03:130 from Motor6 received. Processing...
FFT for batch 0Nm_BPFI_03:130 published to Enterprise/Site/Area/Motor6/Analysis/Vibration/fft
Prediction for batch 0Nm_BPFI_03:130 published to Enterprise/Site/Area/Motor6/Analysis/Diagnosis/prediction
-----------------------------------------
[Motor3] raw_latency_ms=8206.699
[Motor3] EDGE UTC : 2026-08-12T01:18:41.802305+00:00
[Motor3] CLOUD UTC: 2026-08-12T01:18:50.009005+00:00
-------------
Batch 0Nm_BPFI_03:14 from Motor3 received. Processing...
FFT for batch 0Nm_BPFI_03:14 published to Enterprise/Site/Area/Motor3/Analysis/Vibration/fft
Prediction for batch 0Nm_BPFI_03:14 published to Enterprise/Site/Area/Motor3/Analysis/Diagnosis/prediction
-----------------------------------------
[Motor2] raw_latency_ms=8297.779
[Motor2] EDGE UTC : 2026-08-12T01:18:41.875093+00:00
[Motor2] CLOUD UTC: 2026-08-12T01:18:50.172873+00:00
-------------
Batch 0Nm_BPFI_03:26 from Motor2 received. Processing...
FFT for batch 0Nm_BPFI_03:26 published to Enterprise/Site/Area/Motor2/Analysis/Vibration/fft
Prediction for batch 0Nm_BPFI_03:26 published to Enterprise/Site/Area/Motor2/Analysis/Diagnosis/prediction
-----------------------------------------
[Motor1] raw_latency_ms=8385.895
[Motor1] EDGE UTC : 2026-08-12T01:18:41.948984+00:00
[Motor1] CLOUD UTC: 2026-08-12T01:18:50.334879+00:00
-------------
Batch 0Nm_BPFI_03:41 from Motor1 received. Processing...
FFT for batch 0Nm_BPFI_03:41 published to Enterprise/Site/Area/Motor1/Analysis/Vibration/fft
Prediction for batch 0Nm_BPFI_03:41 published to Enterprise/Site/Area/Motor1/Analysis/Diagnosis/prediction
-----------------------------------------
[Motor4] raw_latency_ms=8519.609
[Motor4] EDGE UTC : 2026-08-12T01:18:41.977184+00:00
[Motor4] CLOUD UTC: 2026-08-12T01:18:50.496793+00:00
-------------
Batch 0Nm_BPFI_03:163 from Motor4 received. Processing...
FFT for batch 0Nm_BPFI_03:163 published to Enterprise/Site/Area/Motor4/Analysis/Vibration/fft
Prediction for batch 0Nm_BPFI_03:163 published to Enterprise/Site/Area/Motor4/Analysis/Diagnosis/prediction
-----------------------------------------
[Motor9] raw_latency_ms=8395.633
[Motor9] EDGE UTC : 2026-08-12T01:18:42.261551+00:00
[Motor9] CLOUD UTC: 2026-08-12T01:18:50.657185+00:00
-------------
Batch 0Nm_BPFI_03:65 from Motor9 received. Processing...
FFT for batch 0Nm_BPFI_03:65 published to Enterprise/Site/Area/Motor9/Analysis/Vibration/fft
Prediction for batch 0Nm_BPFI_03:65 published to Enterprise/Site/Area/Motor9/Analysis/Diagnosis/prediction
-----------------------------------------
[Motor8] raw_latency_ms=8926.659
[Motor8] EDGE UTC : 2026-08-12T01:18:41.903243+00:00
[Motor8] CLOUD UTC: 2026-08-12T01:18:50.829902+00:00
-------------
Batch 0Nm_BPFI_03:81 from Motor8 received. Processing...
FFT for batch 0Nm_BPFI_03:81 published to Enterprise/Site/Area/Motor8/Analysis/Vibration/fft
Prediction for batch 0Nm_BPFI_03:81 published to Enterprise/Site/Area/Motor8/Analysis/Diagnosis/prediction
-----------------------------------------
[Motor7] raw_latency_ms=8952.033
[Motor7] EDGE UTC : 2026-08-12T01:18:42.081842+00:00
[Motor7] CLOUD UTC: 2026-08-12T01:18:51.033875+00:00
-------------
Batch 0Nm_BPFI_03:101 from Motor7 received. Processing...
FFT for batch 0Nm_BPFI_03:101 published to Enterprise/Site/Area/Motor7/Analysis/Vibration/fft
Prediction for batch 0Nm_BPFI_03:101 published to Enterprise/Site/Area/Motor7/Analysis/Diagnosis/prediction
-----------------------------------------
[Motor5] raw_latency_ms=8995.570
[Motor5] EDGE UTC : 2026-08-12T01:18:42.239842+00:00
[Motor5] CLOUD UTC: 2026-08-12T01:18:51.235413+00:00
-------------
Batch 0Nm_BPFI_03:146 from Motor5 received. Processing...
FFT for batch 0Nm_BPFI_03:146 published to Enterprise/Site/Area/Motor5/Analysis/Vibration/fft
Prediction for batch 0Nm_BPFI_03:146 published to Enterprise/Site/Area/Motor5/Analysis/Diagnosis/prediction
-----------------------------------------
[Motor6] raw_latency_ms=8707.804
[Motor6] EDGE UTC : 2026-08-12T01:18:42.694582+00:00
[Motor6] CLOUD UTC: 2026-08-12T01:18:51.402386+00:00
-------------
Batch 0Nm_BPFI_03:131 from Motor6 received. Processing...
FFT for batch 0Nm_BPFI_03:131 published to Enterprise/Site/Area/Motor6/Analysis/Vibration/fft
Prediction for batch 0Nm_BPFI_03:131 published to Enterprise/Site/Area/Motor6/Analysis/Diagnosis/prediction
-----------------------------------------
[Motor3] raw_latency_ms=8798.521
[Motor3] EDGE UTC : 2026-08-12T01:18:42.805935+00:00
[Motor3] CLOUD UTC: 2026-08-12T01:18:51.604456+00:00
-------------
Batch 0Nm_BPFI_03:15 from Motor3 received. Processing...
FFT for batch 0Nm_BPFI_03:15 published to Enterprise/Site/Area/Motor3/Analysis/Vibration/fft
Prediction for batch 0Nm_BPFI_03:15 published to Enterprise/Site/Area/Motor3/Analysis/Diagnosis/prediction
-----------------------------------------
[Motor2] raw_latency_ms=8896.622
[Motor2] EDGE UTC : 2026-08-12T01:18:42.922106+00:00
[Motor2] CLOUD UTC: 2026-08-12T01:18:51.818728+00:00
-------------
Batch 0Nm_BPFI_03:27 from Motor2 received. Processing...
FFT for batch 0Nm_BPFI_03:27 published to Enterprise/Site/Area/Motor2/Analysis/Vibration/fft
Prediction for batch 0Nm_BPFI_03:27 published to Enterprise/Site/Area/Motor2/Analysis/Diagnosis/prediction
-----------------------------------------
[Motor1] raw_latency_ms=8988.807
[Motor1] EDGE UTC : 2026-08-12T01:18:42.987761+00:00
[Motor1] CLOUD UTC: 2026-08-12T01:18:51.976568+00:00
-------------
Batch 0Nm_BPFI_03:42 from Motor1 received. Processing...
FFT for batch 0Nm_BPFI_03:42 published to Enterprise/Site/Area/Motor1/Analysis/Vibration/fft
Prediction for batch 0Nm_BPFI_03:42 published to Enterprise/Site/Area/Motor1/Analysis/Diagnosis/prediction
-----------------------------------------
[Motor8] raw_latency_ms=9237.590
[Motor8] EDGE UTC : 2026-08-12T01:18:42.949299+00:00
[Motor8] CLOUD UTC: 2026-08-12T01:18:52.186889+00:00
-------------
Batch 0Nm_BPFI_03:82 from Motor8 received. Processing...
FFT for batch 0Nm_BPFI_03:82 published to Enterprise/Site/Area/Motor8/Analysis/Vibration/fft
Prediction for batch 0Nm_BPFI_03:82 published to Enterprise/Site/Area/Motor8/Analysis/Diagnosis/prediction
-----------------------------------------
[Motor4] raw_latency_ms=9372.751
[Motor4] EDGE UTC : 2026-08-12T01:18:43.017269+00:00
[Motor4] CLOUD UTC: 2026-08-12T01:18:52.390020+00:00
-------------
Batch 0Nm_BPFI_03:164 from Motor4 received. Processing...
FFT for batch 0Nm_BPFI_03:164 published to Enterprise/Site/Area/Motor4/Analysis/Vibration/fft
Prediction for batch 0Nm_BPFI_03:164 published to Enterprise/Site/Area/Motor4/Analysis/Diagnosis/prediction
-----------------------------------------
[Motor9] raw_latency_ms=9300.557
[Motor9] EDGE UTC : 2026-08-12T01:18:43.265152+00:00
[Motor9] CLOUD UTC: 2026-08-12T01:18:52.565709+00:00
-------------
Batch 0Nm_BPFI_03:66 from Motor9 received. Processing...
FFT for batch 0Nm_BPFI_03:66 published to Enterprise/Site/Area/Motor9/Analysis/Vibration/fft
Prediction for batch 0Nm_BPFI_03:66 published to Enterprise/Site/Area/Motor9/Analysis/Diagnosis/prediction
-----------------------------------------
[Motor7] raw_latency_ms=9610.921
[Motor7] EDGE UTC : 2026-08-12T01:18:43.119886+00:00
[Motor7] CLOUD UTC: 2026-08-12T01:18:52.730807+00:00
-------------
Batch 0Nm_BPFI_03:102 from Motor7 received. Processing...
FFT for batch 0Nm_BPFI_03:102 published to Enterprise/Site/Area/Motor7/Analysis/Vibration/fft
Prediction for batch 0Nm_BPFI_03:102 published to Enterprise/Site/Area/Motor7/Analysis/Diagnosis/prediction
-----------------------------------------
[Motor5] raw_latency_ms=9553.892
[Motor5] EDGE UTC : 2026-08-12T01:18:43.294716+00:00
[Motor5] CLOUD UTC: 2026-08-12T01:18:52.848608+00:00
-------------
Batch 0Nm_BPFI_03:147 from Motor5 received. Processing...
FFT for batch 0Nm_BPFI_03:147 published to Enterprise/Site/Area/Motor5/Analysis/Vibration/fft
Prediction for batch 0Nm_BPFI_03:147 published to Enterprise/Site/Area/Motor5/Analysis/Diagnosis/prediction
-----------------------------------------
[Motor6] raw_latency_ms=9264.054
[Motor6] EDGE UTC : 2026-08-12T01:18:43.698091+00:00
[Motor6] CLOUD UTC: 2026-08-12T01:18:52.962145+00:00
-------------
Batch 0Nm_BPFI_03:132 from Motor6 received. Processing...
FFT for batch 0Nm_BPFI_03:132 published to Enterprise/Site/Area/Motor6/Analysis/Vibration/fft
Prediction for batch 0Nm_BPFI_03:132 published to Enterprise/Site/Area/Motor6/Analysis/Diagnosis/prediction
-----------------------------------------
[Motor3] raw_latency_ms=9256.831
[Motor3] EDGE UTC : 2026-08-12T01:18:43.811148+00:00
[Motor3] CLOUD UTC: 2026-08-12T01:18:53.067979+00:00
-------------
Batch 0Nm_BPFI_03:16 from Motor3 received. Processing...
FFT for batch 0Nm_BPFI_03:16 published to Enterprise/Site/Area/Motor3/Analysis/Vibration/fft
Prediction for batch 0Nm_BPFI_03:16 published to Enterprise/Site/Area/Motor3/Analysis/Diagnosis/prediction
-----------------------------------------
[Motor2] raw_latency_ms=9207.953
[Motor2] EDGE UTC : 2026-08-12T01:18:43.970815+00:00
[Motor2] CLOUD UTC: 2026-08-12T01:18:53.178768+00:00
-------------
Batch 0Nm_BPFI_03:28 from Motor2 received. Processing...
FFT for batch 0Nm_BPFI_03:28 published to Enterprise/Site/Area/Motor2/Analysis/Vibration/fft
Prediction for batch 0Nm_BPFI_03:28 published to Enterprise/Site/Area/Motor2/Analysis/Diagnosis/prediction
-----------------------------------------
[Motor1] raw_latency_ms=9264.230
[Motor1] EDGE UTC : 2026-08-12T01:18:44.030260+00:00
[Motor1] CLOUD UTC: 2026-08-12T01:18:53.294490+00:00
-------------
Batch 0Nm_BPFI_03:43 from Motor1 received. Processing...
FFT for batch 0Nm_BPFI_03:43 published to Enterprise/Site/Area/Motor1/Analysis/Vibration/fft
Prediction for batch 0Nm_BPFI_03:43 published to Enterprise/Site/Area/Motor1/Analysis/Diagnosis/prediction
-----------------------------------------
[Motor8] raw_latency_ms=9430.292
[Motor8] EDGE UTC : 2026-08-12T01:18:43.978591+00:00
[Motor8] CLOUD UTC: 2026-08-12T01:18:53.408883+00:00
-------------
Batch 0Nm_BPFI_03:83 from Motor8 received. Processing...
FFT for batch 0Nm_BPFI_03:83 published to Enterprise/Site/Area/Motor8/Analysis/Vibration/fft
Prediction for batch 0Nm_BPFI_03:83 published to Enterprise/Site/Area/Motor8/Analysis/Diagnosis/prediction
-----------------------------------------
[Motor4] raw_latency_ms=9455.143
[Motor4] EDGE UTC : 2026-08-12T01:18:44.059183+00:00
[Motor4] CLOUD UTC: 2026-08-12T01:18:53.514326+00:00
-------------
Batch 0Nm_BPFI_03:165 from Motor4 received. Processing...
FFT for batch 0Nm_BPFI_03:165 published to Enterprise/Site/Area/Motor4/Analysis/Vibration/fft
Prediction for batch 0Nm_BPFI_03:165 published to Enterprise/Site/Area/Motor4/Analysis/Diagnosis/prediction
-----------------------------------------
[Motor9] raw_latency_ms=9361.864
[Motor9] EDGE UTC : 2026-08-12T01:18:44.271372+00:00
[Motor9] CLOUD UTC: 2026-08-12T01:18:53.633236+00:00
-------------
Batch 0Nm_BPFI_03:67 from Motor9 received. Processing...
FFT for batch 0Nm_BPFI_03:67 published to Enterprise/Site/Area/Motor9/Analysis/Vibration/fft
Prediction for batch 0Nm_BPFI_03:67 published to Enterprise/Site/Area/Motor9/Analysis/Diagnosis/prediction
-----------------------------------------
[Motor7] raw_latency_ms=9580.987
[Motor7] EDGE UTC : 2026-08-12T01:18:44.158026+00:00
[Motor7] CLOUD UTC: 2026-08-12T01:18:53.739013+00:00
-------------
Batch 0Nm_BPFI_03:103 from Motor7 received. Processing...
FFT for batch 0Nm_BPFI_03:103 published to Enterprise/Site/Area/Motor7/Analysis/Vibration/fft
Prediction for batch 0Nm_BPFI_03:103 published to Enterprise/Site/Area/Motor7/Analysis/Diagnosis/prediction
-----------------------------------------
[Motor5] raw_latency_ms=9529.048
[Motor5] EDGE UTC : 2026-08-12T01:18:44.337540+00:00
[Motor5] CLOUD UTC: 2026-08-12T01:18:53.866588+00:00
-------------
Batch 0Nm_BPFI_03:148 from Motor5 received. Processing...
FFT for batch 0Nm_BPFI_03:148 published to Enterprise/Site/Area/Motor5/Analysis/Vibration/fft
Prediction for batch 0Nm_BPFI_03:148 published to Enterprise/Site/Area/Motor5/Analysis/Diagnosis/prediction
-----------------------------------------
[Motor3] raw_latency_ms=9163.320
[Motor3] EDGE UTC : 2026-08-12T01:18:44.817878+00:00
[Motor3] CLOUD UTC: 2026-08-12T01:18:53.981198+00:00
-------------
Batch 0Nm_BPFI_03:17 from Motor3 received. Processing...
FFT for batch 0Nm_BPFI_03:17 published to Enterprise/Site/Area/Motor3/Analysis/Vibration/fft
Prediction for batch 0Nm_BPFI_03:17 published to Enterprise/Site/Area/Motor3/Analysis/Diagnosis/prediction
-----------------------------------------
[Motor6] raw_latency_ms=9389.963
[Motor6] EDGE UTC : 2026-08-12T01:18:44.701442+00:00
[Motor6] CLOUD UTC: 2026-08-12T01:18:54.091404+00:00
-------------
Batch 0Nm_BPFI_03:133 from Motor6 received. Processing...
FFT for batch 0Nm_BPFI_03:133 published to Enterprise/Site/Area/Motor6/Analysis/Vibration/fft
Prediction for batch 0Nm_BPFI_03:133 published to Enterprise/Site/Area/Motor6/Analysis/Diagnosis/prediction
-----------------------------------------
[Motor2] raw_latency_ms=9178.493
[Motor2] EDGE UTC : 2026-08-12T01:18:45.023354+00:00
[Motor2] CLOUD UTC: 2026-08-12T01:18:54.201847+00:00
-------------
Batch 0Nm_BPFI_03:29 from Motor2 received. Processing...
FFT for batch 0Nm_BPFI_03:29 published to Enterprise/Site/Area/Motor2/Analysis/Vibration/fft
Prediction for batch 0Nm_BPFI_03:29 published to Enterprise/Site/Area/Motor2/Analysis/Diagnosis/prediction
-----------------------------------------
[Motor4] raw_latency_ms=9215.698
[Motor4] EDGE UTC : 2026-08-12T01:18:45.093961+00:00
[Motor4] CLOUD UTC: 2026-08-12T01:18:54.309658+00:00
-------------
Batch 0Nm_BPFI_03:166 from Motor4 received. Processing...
FFT for batch 0Nm_BPFI_03:166 published to Enterprise/Site/Area/Motor4/Analysis/Vibration/fft
Prediction for batch 0Nm_BPFI_03:166 published to Enterprise/Site/Area/Motor4/Analysis/Diagnosis/prediction
-----------------------------------------
[Motor9] raw_latency_ms=9138.526
[Motor9] EDGE UTC : 2026-08-12T01:18:45.275287+00:00
[Motor9] CLOUD UTC: 2026-08-12T01:18:54.413814+00:00
-------------
Batch 0Nm_BPFI_03:68 from Motor9 received. Processing...
FFT for batch 0Nm_BPFI_03:68 published to Enterprise/Site/Area/Motor9/Analysis/Vibration/fft
Prediction for batch 0Nm_BPFI_03:68 published to Enterprise/Site/Area/Motor9/Analysis/Diagnosis/prediction
-----------------------------------------
[Motor8] raw_latency_ms=9494.440
[Motor8] EDGE UTC : 2026-08-12T01:18:45.031180+00:00
[Motor8] CLOUD UTC: 2026-08-12T01:18:54.525620+00:00
-------------
Batch 0Nm_BPFI_03:84 from Motor8 received. Processing...
FFT for batch 0Nm_BPFI_03:84 published to Enterprise/Site/Area/Motor8/Analysis/Vibration/fft
Prediction for batch 0Nm_BPFI_03:84 published to Enterprise/Site/Area/Motor8/Analysis/Diagnosis/prediction
-----------------------------------------
[Motor7] raw_latency_ms=9444.043
[Motor7] EDGE UTC : 2026-08-12T01:18:45.191272+00:00
[Motor7] CLOUD UTC: 2026-08-12T01:18:54.635315+00:00
-------------
Batch 0Nm_BPFI_03:104 from Motor7 received. Processing...
FFT for batch 0Nm_BPFI_03:104 published to Enterprise/Site/Area/Motor7/Analysis/Vibration/fft
Prediction for batch 0Nm_BPFI_03:104 published to Enterprise/Site/Area/Motor7/Analysis/Diagnosis/prediction
-----------------------------------------
[Motor5] raw_latency_ms=9385.963
[Motor5] EDGE UTC : 2026-08-12T01:18:45.358935+00:00
[Motor5] CLOUD UTC: 2026-08-12T01:18:54.744898+00:00
-------------
Batch 0Nm_BPFI_03:149 from Motor5 received. Processing...
FFT for batch 0Nm_BPFI_03:149 published to Enterprise/Site/Area/Motor5/Analysis/Vibration/fft
Prediction for batch 0Nm_BPFI_03:149 published to Enterprise/Site/Area/Motor5/Analysis/Diagnosis/prediction
-----------------------------------------
[Motor1] raw_latency_ms=9783.908
[Motor1] EDGE UTC : 2026-08-12T01:18:45.064741+00:00
[Motor1] CLOUD UTC: 2026-08-12T01:18:54.848649+00:00
-------------
Batch 0Nm_BPFI_03:44 from Motor1 received. Processing...
FFT for batch 0Nm_BPFI_03:44 published to Enterprise/Site/Area/Motor1/Analysis/Vibration/fft
Prediction for batch 0Nm_BPFI_03:44 published to Enterprise/Site/Area/Motor1/Analysis/Diagnosis/prediction
-----------------------------------------
[Motor3] raw_latency_ms=9156.106
[Motor3] EDGE UTC : 2026-08-12T01:18:45.821349+00:00
[Motor3] CLOUD UTC: 2026-08-12T01:18:54.977455+00:00
-------------
Batch 0Nm_BPFI_03:18 from Motor3 received. Processing...
FFT for batch 0Nm_BPFI_03:18 published to Enterprise/Site/Area/Motor3/Analysis/Vibration/fft
Prediction for batch 0Nm_BPFI_03:18 published to Enterprise/Site/Area/Motor3/Analysis/Diagnosis/prediction
-----------------------------------------
[Motor6] raw_latency_ms=9376.124
[Motor6] EDGE UTC : 2026-08-12T01:18:45.704751+00:00
[Motor6] CLOUD UTC: 2026-08-12T01:18:55.080874+00:00
-------------
Batch 0Nm_BPFI_03:134 from Motor6 received. Processing...
FFT for batch 0Nm_BPFI_03:134 published to Enterprise/Site/Area/Motor6/Analysis/Vibration/fft
Prediction for batch 0Nm_BPFI_03:134 published to Enterprise/Site/Area/Motor6/Analysis/Diagnosis/prediction
-----------------------------------------
[Motor2] raw_latency_ms=9150.017
[Motor2] EDGE UTC : 2026-08-12T01:18:46.042458+00:00
[Motor2] CLOUD UTC: 2026-08-12T01:18:55.192475+00:00
-------------
Batch 0Nm_BPFI_03:30 from Motor2 received. Processing...
FFT for batch 0Nm_BPFI_03:30 published to Enterprise/Site/Area/Motor2/Analysis/Vibration/fft
Prediction for batch 0Nm_BPFI_03:30 published to Enterprise/Site/Area/Motor2/Analysis/Diagnosis/prediction
-----------------------------------------
[Motor8] raw_latency_ms=9245.336
[Motor8] EDGE UTC : 2026-08-12T01:18:46.052537+00:00
[Motor8] CLOUD UTC: 2026-08-12T01:18:55.297873+00:00
-------------
Batch 0Nm_BPFI_03:85 from Motor8 received. Processing...
FFT for batch 0Nm_BPFI_03:85 published to Enterprise/Site/Area/Motor8/Analysis/Vibration/fft
Prediction for batch 0Nm_BPFI_03:85 published to Enterprise/Site/Area/Motor8/Analysis/Diagnosis/prediction
-----------------------------------------
[Motor9] raw_latency_ms=9128.532
[Motor9] EDGE UTC : 2026-08-12T01:18:46.278824+00:00
[Motor9] CLOUD UTC: 2026-08-12T01:18:55.407356+00:00
-------------
Batch 0Nm_BPFI_03:69 from Motor9 received. Processing...
FFT for batch 0Nm_BPFI_03:69 published to Enterprise/Site/Area/Motor9/Analysis/Vibration/fft
Prediction for batch 0Nm_BPFI_03:69 published to Enterprise/Site/Area/Motor9/Analysis/Diagnosis/prediction
-----------------------------------------
[Motor1] raw_latency_ms=9415.653
[Motor1] EDGE UTC : 2026-08-12T01:18:46.099798+00:00
[Motor1] CLOUD UTC: 2026-08-12T01:18:55.515451+00:00
-------------
Batch 0Nm_BPFI_03:45 from Motor1 received. Processing...
FFT for batch 0Nm_BPFI_03:45 published to Enterprise/Site/Area/Motor1/Analysis/Vibration/fft
Prediction for batch 0Nm_BPFI_03:45 published to Enterprise/Site/Area/Motor1/Analysis/Diagnosis/prediction
-----------------------------------------
[Motor4] raw_latency_ms=9499.211
[Motor4] EDGE UTC : 2026-08-12T01:18:46.129009+00:00
[Motor4] CLOUD UTC: 2026-08-12T01:18:55.628219+00:00
-------------
Batch 0Nm_BPFI_03:167 from Motor4 received. Processing...
FFT for batch 0Nm_BPFI_03:167 published to Enterprise/Site/Area/Motor4/Analysis/Vibration/fft
Prediction for batch 0Nm_BPFI_03:167 published to Enterprise/Site/Area/Motor4/Analysis/Diagnosis/prediction
-----------------------------------------
[Motor7] raw_latency_ms=9510.922
[Motor7] EDGE UTC : 2026-08-12T01:18:46.224374+00:00
[Motor7] CLOUD UTC: 2026-08-12T01:18:55.735296+00:00
-------------
Batch 0Nm_BPFI_03:105 from Motor7 received. Processing...
FFT for batch 0Nm_BPFI_03:105 published to Enterprise/Site/Area/Motor7/Analysis/Vibration/fft
Prediction for batch 0Nm_BPFI_03:105 published to Enterprise/Site/Area/Motor7/Analysis/Diagnosis/prediction
-----------------------------------------
[Motor5] raw_latency_ms=9468.554
[Motor5] EDGE UTC : 2026-08-12T01:18:46.378275+00:00
[Motor5] CLOUD UTC: 2026-08-12T01:18:55.846829+00:00
-------------
Batch 0Nm_BPFI_03:150 from Motor5 received. Processing...
FFT for batch 0Nm_BPFI_03:150 published to Enterprise/Site/Area/Motor5/Analysis/Vibration/fft
Prediction for batch 0Nm_BPFI_03:150 published to Enterprise/Site/Area/Motor5/Analysis/Diagnosis/prediction
-----------------------------------------
[Motor3] raw_latency_ms=9143.865
[Motor3] EDGE UTC : 2026-08-12T01:18:46.825022+00:00
[Motor3] CLOUD UTC: 2026-08-12T01:18:55.968887+00:00
-------------
Batch 0Nm_BPFI_03:19 from Motor3 received. Processing...
FFT for batch 0Nm_BPFI_03:19 published to Enterprise/Site/Area/Motor3/Analysis/Vibration/fft
Prediction for batch 0Nm_BPFI_03:19 published to Enterprise/Site/Area/Motor3/Analysis/Diagnosis/prediction
-----------------------------------------
[Motor6] raw_latency_ms=9380.785
[Motor6] EDGE UTC : 2026-08-12T01:18:46.708413+00:00
[Motor6] CLOUD UTC: 2026-08-12T01:18:56.089199+00:00
-------------
Batch 0Nm_BPFI_03:135 from Motor6 received. Processing...
FFT for batch 0Nm_BPFI_03:135 published to Enterprise/Site/Area/Motor6/Analysis/Vibration/fft
Prediction for batch 0Nm_BPFI_03:135 published to Enterprise/Site/Area/Motor6/Analysis/Diagnosis/prediction
-----------------------------------------
[Motor2] raw_latency_ms=9141.672
[Motor2] EDGE UTC : 2026-08-12T01:18:47.061568+00:00
[Motor2] CLOUD UTC: 2026-08-12T01:18:56.203240+00:00
-------------
Batch 0Nm_BPFI_03:31 from Motor2 received. Processing...
FFT for batch 0Nm_BPFI_03:31 published to Enterprise/Site/Area/Motor2/Analysis/Vibration/fft
Prediction for batch 0Nm_BPFI_03:31 published to Enterprise/Site/Area/Motor2/Analysis/Diagnosis/prediction
-----------------------------------------
[Motor4] raw_latency_ms=9147.255
[Motor4] EDGE UTC : 2026-08-12T01:18:47.164218+00:00
[Motor4] CLOUD UTC: 2026-08-12T01:18:56.311473+00:00
-------------
Batch 0Nm_BPFI_03:168 from Motor4 received. Processing...
FFT for batch 0Nm_BPFI_03:168 published to Enterprise/Site/Area/Motor4/Analysis/Vibration/fft
Prediction for batch 0Nm_BPFI_03:168 published to Enterprise/Site/Area/Motor4/Analysis/Diagnosis/prediction
-----------------------------------------
[Motor9] raw_latency_ms=9136.418
[Motor9] EDGE UTC : 2026-08-12T01:18:47.282204+00:00
[Motor9] CLOUD UTC: 2026-08-12T01:18:56.418622+00:00
-------------
Batch 0Nm_BPFI_03:70 from Motor9 received. Processing...
FFT for batch 0Nm_BPFI_03:70 published to Enterprise/Site/Area/Motor9/Analysis/Vibration/fft
Prediction for batch 0Nm_BPFI_03:70 published to Enterprise/Site/Area/Motor9/Analysis/Diagnosis/prediction
-----------------------------------------
[Motor1] raw_latency_ms=9392.886
[Motor1] EDGE UTC : 2026-08-12T01:18:47.135070+00:00
[Motor1] CLOUD UTC: 2026-08-12T01:18:56.527956+00:00
-------------
Batch 0Nm_BPFI_03:46 from Motor1 received. Processing...
FFT for batch 0Nm_BPFI_03:46 published to Enterprise/Site/Area/Motor1/Analysis/Vibration/fft
Prediction for batch 0Nm_BPFI_03:46 published to Enterprise/Site/Area/Motor1/Analysis/Diagnosis/prediction
-----------------------------------------
[Motor8] raw_latency_ms=9563.548
[Motor8] EDGE UTC : 2026-08-12T01:18:47.071820+00:00
[Motor8] CLOUD UTC: 2026-08-12T01:18:56.635369+00:00
-------------
Batch 0Nm_BPFI_03:86 from Motor8 received. Processing...
FFT for batch 0Nm_BPFI_03:86 published to Enterprise/Site/Area/Motor8/Analysis/Vibration/fft
Prediction for batch 0Nm_BPFI_03:86 published to Enterprise/Site/Area/Motor8/Analysis/Diagnosis/prediction
-----------------------------------------
[Motor7] raw_latency_ms=9523.108
[Motor7] EDGE UTC : 2026-08-12T01:18:47.258123+00:00
[Motor7] CLOUD UTC: 2026-08-12T01:18:56.781231+00:00
-------------
Batch 0Nm_BPFI_03:106 from Motor7 received. Processing...
FFT for batch 0Nm_BPFI_03:106 published to Enterprise/Site/Area/Motor7/Analysis/Vibration/fft
Prediction for batch 0Nm_BPFI_03:106 published to Enterprise/Site/Area/Motor7/Analysis/Diagnosis/prediction
-----------------------------------------
[Motor5] raw_latency_ms=9492.519
[Motor5] EDGE UTC : 2026-08-12T01:18:47.397293+00:00
[Motor5] CLOUD UTC: 2026-08-12T01:18:56.889812+00:00
-------------
Batch 0Nm_BPFI_03:151 from Motor5 received. Processing...
FFT for batch 0Nm_BPFI_03:151 published to Enterprise/Site/Area/Motor5/Analysis/Vibration/fft
Prediction for batch 0Nm_BPFI_03:151 published to Enterprise/Site/Area/Motor5/Analysis/Diagnosis/prediction
-----------------------------------------
[Motor3] raw_latency_ms=9185.343
[Motor3] EDGE UTC : 2026-08-12T01:18:47.828280+00:00
[Motor3] CLOUD UTC: 2026-08-12T01:18:57.013623+00:00
-------------
Batch 0Nm_BPFI_03:20 from Motor3 received. Processing...
FFT for batch 0Nm_BPFI_03:20 published to Enterprise/Site/Area/Motor3/Analysis/Vibration/fft
Prediction for batch 0Nm_BPFI_03:20 published to Enterprise/Site/Area/Motor3/Analysis/Diagnosis/prediction
-----------------------------------------
[Motor6] raw_latency_ms=9406.173
[Motor6] EDGE UTC : 2026-08-12T01:18:47.712439+00:00
[Motor6] CLOUD UTC: 2026-08-12T01:18:57.118612+00:00
-------------
Batch 0Nm_BPFI_03:136 from Motor6 received. Processing...
FFT for batch 0Nm_BPFI_03:136 published to Enterprise/Site/Area/Motor6/Analysis/Vibration/fft
Prediction for batch 0Nm_BPFI_03:136 published to Enterprise/Site/Area/Motor6/Analysis/Diagnosis/prediction
-----------------------------------------
[Motor2] raw_latency_ms=9147.892
[Motor2] EDGE UTC : 2026-08-12T01:18:48.080524+00:00
[Motor2] CLOUD UTC: 2026-08-12T01:18:57.228416+00:00
-------------
Batch 0Nm_BPFI_03:32 from Motor2 received. Processing...
FFT for batch 0Nm_BPFI_03:32 published to Enterprise/Site/Area/Motor2/Analysis/Vibration/fft
Prediction for batch 0Nm_BPFI_03:32 published to Enterprise/Site/Area/Motor2/Analysis/Diagnosis/prediction
-----------------------------------------
[Motor4] raw_latency_ms=9140.771
[Motor4] EDGE UTC : 2026-08-12T01:18:48.198756+00:00
[Motor4] CLOUD UTC: 2026-08-12T01:18:57.339527+00:00
-------------
Batch 0Nm_BPFI_03:169 from Motor4 received. Processing...
FFT for batch 0Nm_BPFI_03:169 published to Enterprise/Site/Area/Motor4/Analysis/Vibration/fft
Prediction for batch 0Nm_BPFI_03:169 published to Enterprise/Site/Area/Motor4/Analysis/Diagnosis/prediction
-----------------------------------------
[Motor9] raw_latency_ms=9168.285
[Motor9] EDGE UTC : 2026-08-12T01:18:48.287517+00:00
[Motor9] CLOUD UTC: 2026-08-12T01:18:57.455801+00:00
-------------
Batch 0Nm_BPFI_03:71 from Motor9 received. Processing...
FFT for batch 0Nm_BPFI_03:71 published to Enterprise/Site/Area/Motor9/Analysis/Vibration/fft
Prediction for batch 0Nm_BPFI_03:71 published to Enterprise/Site/Area/Motor9/Analysis/Diagnosis/prediction
-----------------------------------------
[Motor8] raw_latency_ms=9469.844
[Motor8] EDGE UTC : 2026-08-12T01:18:48.090592+00:00
[Motor8] CLOUD UTC: 2026-08-12T01:18:57.560436+00:00
-------------
Batch 0Nm_BPFI_03:87 from Motor8 received. Processing...
FFT for batch 0Nm_BPFI_03:87 published to Enterprise/Site/Area/Motor8/Analysis/Vibration/fft
Prediction for batch 0Nm_BPFI_03:87 published to Enterprise/Site/Area/Motor8/Analysis/Diagnosis/prediction
-----------------------------------------
[Motor1] raw_latency_ms=9502.078
[Motor1] EDGE UTC : 2026-08-12T01:18:48.169249+00:00
[Motor1] CLOUD UTC: 2026-08-12T01:18:57.671327+00:00
-------------
Batch 0Nm_BPFI_03:47 from Motor1 received. Processing...
FFT for batch 0Nm_BPFI_03:47 published to Enterprise/Site/Area/Motor1/Analysis/Vibration/fft
Prediction for batch 0Nm_BPFI_03:47 published to Enterprise/Site/Area/Motor1/Analysis/Diagnosis/prediction
-----------------------------------------
[Motor5] raw_latency_ms=9357.565
[Motor5] EDGE UTC : 2026-08-12T01:18:48.418956+00:00
[Motor5] CLOUD UTC: 2026-08-12T01:18:57.776521+00:00
-------------
Batch 0Nm_BPFI_03:152 from Motor5 received. Processing...
FFT for batch 0Nm_BPFI_03:152 published to Enterprise/Site/Area/Motor5/Analysis/Vibration/fft
Prediction for batch 0Nm_BPFI_03:152 published to Enterprise/Site/Area/Motor5/Analysis/Diagnosis/prediction
-----------------------------------------
[Motor7] raw_latency_ms=9596.625
[Motor7] EDGE UTC : 2026-08-12T01:18:48.291337+00:00
[Motor7] CLOUD UTC: 2026-08-12T01:18:57.887962+00:00
-------------
Batch 0Nm_BPFI_03:107 from Motor7 received. Processing...
FFT for batch 0Nm_BPFI_03:107 published to Enterprise/Site/Area/Motor7/Analysis/Vibration/fft
Prediction for batch 0Nm_BPFI_03:107 published to Enterprise/Site/Area/Motor7/Analysis/Diagnosis/prediction
-----------------------------------------
[Motor3] raw_latency_ms=9163.800
[Motor3] EDGE UTC : 2026-08-12T01:18:48.831659+00:00
[Motor3] CLOUD UTC: 2026-08-12T01:18:57.995459+00:00
-------------
Batch 0Nm_BPFI_03:21 from Motor3 received. Processing...
FFT for batch 0Nm_BPFI_03:21 published to Enterprise/Site/Area/Motor3/Analysis/Vibration/fft
Prediction for batch 0Nm_BPFI_03:21 published to Enterprise/Site/Area/Motor3/Analysis/Diagnosis/prediction
-----------------------------------------
[Motor6] raw_latency_ms=9405.033
[Motor6] EDGE UTC : 2026-08-12T01:18:48.717604+00:00
[Motor6] CLOUD UTC: 2026-08-12T01:18:58.122636+00:00
-------------
Batch 0Nm_BPFI_03:137 from Motor6 received. Processing...
FFT for batch 0Nm_BPFI_03:137 published to Enterprise/Site/Area/Motor6/Analysis/Vibration/fft
Prediction for batch 0Nm_BPFI_03:137 published to Enterprise/Site/Area/Motor6/Analysis/Diagnosis/prediction
-----------------------------------------
[Motor2] raw_latency_ms=9128.045
[Motor2] EDGE UTC : 2026-08-12T01:18:49.099502+00:00
[Motor2] CLOUD UTC: 2026-08-12T01:18:58.227547+00:00
-------------
Batch 0Nm_BPFI_03:33 from Motor2 received. Processing...
FFT for batch 0Nm_BPFI_03:33 published to Enterprise/Site/Area/Motor2/Analysis/Vibration/fft
Prediction for batch 0Nm_BPFI_03:33 published to Enterprise/Site/Area/Motor2/Analysis/Diagnosis/prediction
-----------------------------------------
[Motor4] raw_latency_ms=9104.947
[Motor4] EDGE UTC : 2026-08-12T01:18:49.238250+00:00
[Motor4] CLOUD UTC: 2026-08-12T01:18:58.343197+00:00
-------------
Batch 0Nm_BPFI_03:170 from Motor4 received. Processing...
FFT for batch 0Nm_BPFI_03:170 published to Enterprise/Site/Area/Motor4/Analysis/Vibration/fft
Prediction for batch 0Nm_BPFI_03:170 published to Enterprise/Site/Area/Motor4/Analysis/Diagnosis/prediction
-----------------------------------------
[Motor9] raw_latency_ms=9158.533
[Motor9] EDGE UTC : 2026-08-12T01:18:49.291042+00:00
[Motor9] CLOUD UTC: 2026-08-12T01:18:58.449574+00:00
-------------
Batch 0Nm_BPFI_03:72 from Motor9 received. Processing...
FFT for batch 0Nm_BPFI_03:72 published to Enterprise/Site/Area/Motor9/Analysis/Vibration/fft
Prediction for batch 0Nm_BPFI_03:72 published to Enterprise/Site/Area/Motor9/Analysis/Diagnosis/prediction
-----------------------------------------
[Motor8] raw_latency_ms=9452.358
[Motor8] EDGE UTC : 2026-08-12T01:18:49.109243+00:00
[Motor8] CLOUD UTC: 2026-08-12T01:18:58.561601+00:00
-------------
Batch 0Nm_BPFI_03:88 from Motor8 received. Processing...
FFT for batch 0Nm_BPFI_03:88 published to Enterprise/Site/Area/Motor8/Analysis/Vibration/fft
Prediction for batch 0Nm_BPFI_03:88 published to Enterprise/Site/Area/Motor8/Analysis/Diagnosis/prediction
-----------------------------------------
[Motor5] raw_latency_ms=9228.646
[Motor5] EDGE UTC : 2026-08-12T01:18:49.441660+00:00
[Motor5] CLOUD UTC: 2026-08-12T01:18:58.670306+00:00
-------------
Batch 0Nm_BPFI_03:153 from Motor5 received. Processing...
FFT for batch 0Nm_BPFI_03:153 published to Enterprise/Site/Area/Motor5/Analysis/Vibration/fft
Prediction for batch 0Nm_BPFI_03:153 published to Enterprise/Site/Area/Motor5/Analysis/Diagnosis/prediction
-----------------------------------------
[Motor7] raw_latency_ms=9456.203
[Motor7] EDGE UTC : 2026-08-12T01:18:49.324432+00:00
[Motor7] CLOUD UTC: 2026-08-12T01:18:58.780636+00:00
-------------
Batch 0Nm_BPFI_03:108 from Motor7 received. Processing...
FFT for batch 0Nm_BPFI_03:108 published to Enterprise/Site/Area/Motor7/Analysis/Vibration/fft
Prediction for batch 0Nm_BPFI_03:108 published to Enterprise/Site/Area/Motor7/Analysis/Diagnosis/prediction
-----------------------------------------
[Motor3] raw_latency_ms=9050.655
[Motor3] EDGE UTC : 2026-08-12T01:18:49.837581+00:00
[Motor3] CLOUD UTC: 2026-08-12T01:18:58.888236+00:00
-------------
Batch 0Nm_BPFI_03:22 from Motor3 received. Processing...
FFT for batch 0Nm_BPFI_03:22 published to Enterprise/Site/Area/Motor3/Analysis/Vibration/fft
Prediction for batch 0Nm_BPFI_03:22 published to Enterprise/Site/Area/Motor3/Analysis/Diagnosis/prediction
-----------------------------------------
[Motor6] raw_latency_ms=9275.503
[Motor6] EDGE UTC : 2026-08-12T01:18:49.725832+00:00
[Motor6] CLOUD UTC: 2026-08-12T01:18:59.001335+00:00
-------------
Batch 0Nm_BPFI_03:138 from Motor6 received. Processing...
FFT for batch 0Nm_BPFI_03:138 published to Enterprise/Site/Area/Motor6/Analysis/Vibration/fft
Prediction for batch 0Nm_BPFI_03:138 published to Enterprise/Site/Area/Motor6/Analysis/Diagnosis/prediction
-----------------------------------------
[Motor4] raw_latency_ms=8851.786
[Motor4] EDGE UTC : 2026-08-12T01:18:50.273640+00:00
[Motor4] CLOUD UTC: 2026-08-12T01:18:59.125427+00:00
-------------
Batch 0Nm_BPFI_03:171 from Motor4 received. Processing...
FFT for batch 0Nm_BPFI_03:171 published to Enterprise/Site/Area/Motor4/Analysis/Vibration/fft
Prediction for batch 0Nm_BPFI_03:171 published to Enterprise/Site/Area/Motor4/Analysis/Diagnosis/prediction
-----------------------------------------
[Motor9] raw_latency_ms=8941.215
[Motor9] EDGE UTC : 2026-08-12T01:18:50.296479+00:00
[Motor9] CLOUD UTC: 2026-08-12T01:18:59.237694+00:00
-------------
Batch 0Nm_BPFI_03:73 from Motor9 received. Processing...
FFT for batch 0Nm_BPFI_03:73 published to Enterprise/Site/Area/Motor9/Analysis/Vibration/fft
Prediction for batch 0Nm_BPFI_03:73 published to Enterprise/Site/Area/Motor9/Analysis/Diagnosis/prediction
-----------------------------------------
[Motor2] raw_latency_ms=9204.904
[Motor2] EDGE UTC : 2026-08-12T01:18:50.137456+00:00
[Motor2] CLOUD UTC: 2026-08-12T01:18:59.342360+00:00
-------------
Batch 0Nm_BPFI_03:34 from Motor2 received. Processing...
FFT for batch 0Nm_BPFI_03:34 published to Enterprise/Site/Area/Motor2/Analysis/Vibration/fft
Prediction for batch 0Nm_BPFI_03:34 published to Enterprise/Site/Area/Motor2/Analysis/Diagnosis/prediction
-----------------------------------------
[Motor8] raw_latency_ms=9301.369
[Motor8] EDGE UTC : 2026-08-12T01:18:50.153345+00:00
[Motor8] CLOUD UTC: 2026-08-12T01:18:59.454713+00:00
-------------
Batch 0Nm_BPFI_03:89 from Motor8 received. Processing...
FFT for batch 0Nm_BPFI_03:89 published to Enterprise/Site/Area/Motor8/Analysis/Vibration/fft
Prediction for batch 0Nm_BPFI_03:89 published to Enterprise/Site/Area/Motor8/Analysis/Diagnosis/prediction
-----------------------------------------
[Motor7] raw_latency_ms=9203.235
[Motor7] EDGE UTC : 2026-08-12T01:18:50.358203+00:00
[Motor7] CLOUD UTC: 2026-08-12T01:18:59.561437+00:00
-------------
Batch 0Nm_BPFI_03:109 from Motor7 received. Processing...
FFT for batch 0Nm_BPFI_03:109 published to Enterprise/Site/Area/Motor7/Analysis/Vibration/fft
Prediction for batch 0Nm_BPFI_03:109 published to Enterprise/Site/Area/Motor7/Analysis/Diagnosis/prediction
-----------------------------------------
[Motor1] raw_latency_ms=9346.307
[Motor1] EDGE UTC : 2026-08-12T01:18:50.329493+00:00
[Motor1] CLOUD UTC: 2026-08-12T01:18:59.675800+00:00
-------------
Batch 0Nm_BPFI_03:49 from Motor1 received. Processing...
FFT for batch 0Nm_BPFI_03:49 published to Enterprise/Site/Area/Motor1/Analysis/Vibration/fft
Prediction for batch 0Nm_BPFI_03:49 published to Enterprise/Site/Area/Motor1/Analysis/Diagnosis/prediction
-----------------------------------------
[Motor3] raw_latency_ms=8937.292
[Motor3] EDGE UTC : 2026-08-12T01:18:50.843169+00:00
[Motor3] CLOUD UTC: 2026-08-12T01:18:59.780461+00:00
-------------
Batch 0Nm_BPFI_03:23 from Motor3 received. Processing...
FFT for batch 0Nm_BPFI_03:23 published to Enterprise/Site/Area/Motor3/Analysis/Vibration/fft
Prediction for batch 0Nm_BPFI_03:23 published to Enterprise/Site/Area/Motor3/Analysis/Diagnosis/prediction
-----------------------------------------
[Motor5] raw_latency_ms=9399.544
[Motor5] EDGE UTC : 2026-08-12T01:18:50.494211+00:00
[Motor5] CLOUD UTC: 2026-08-12T01:18:59.893755+00:00
-------------
Batch 0Nm_BPFI_03:154 from Motor5 received. Processing...
FFT for batch 0Nm_BPFI_03:154 published to Enterprise/Site/Area/Motor5/Analysis/Vibration/fft
Prediction for batch 0Nm_BPFI_03:154 published to Enterprise/Site/Area/Motor5/Analysis/Diagnosis/prediction
-----------------------------------------
[Motor6] raw_latency_ms=9266.373
[Motor6] EDGE UTC : 2026-08-12T01:18:50.733533+00:00
[Motor6] CLOUD UTC: 2026-08-12T01:18:59.999906+00:00
-------------
Batch 0Nm_BPFI_03:139 from Motor6 received. Processing...
FFT for batch 0Nm_BPFI_03:139 published to Enterprise/Site/Area/Motor6/Analysis/Vibration/fft
Prediction for batch 0Nm_BPFI_03:139 published to Enterprise/Site/Area/Motor6/Analysis/Diagnosis/prediction
-----------------------------------------
[Motor5] raw_latency_ms=8615.612
[Motor5] EDGE UTC : 2026-08-12T01:18:51.513604+00:00
[Motor5] CLOUD UTC: 2026-08-12T01:19:00.129216+00:00
-------------
Batch 0Nm_BPFI_03:155 from Motor5 received. Processing...
FFT for batch 0Nm_BPFI_03:155 published to Enterprise/Site/Area/Motor5/Analysis/Vibration/fft
Prediction for batch 0Nm_BPFI_03:155 published to Enterprise/Site/Area/Motor5/Analysis/Diagnosis/prediction
-----------------------------------------
[Motor6] raw_latency_ms=8490.457
[Motor6] EDGE UTC : 2026-08-12T01:18:51.743382+00:00
[Motor6] CLOUD UTC: 2026-08-12T01:19:00.233839+00:00
-------------
Batch 0Nm_BPFI_03:140 from Motor6 received. Processing...
FFT for batch 0Nm_BPFI_03:140 published to Enterprise/Site/Area/Motor6/Analysis/Vibration/fft
Prediction for batch 0Nm_BPFI_03:140 published to Enterprise/Site/Area/Motor6/Analysis/Diagnosis/prediction
-----------------------------------------
[Motor9] raw_latency_ms=8032.641
[Motor9] EDGE UTC : 2026-08-12T01:18:52.310521+00:00
[Motor9] CLOUD UTC: 2026-08-12T01:19:00.343162+00:00
-------------
Batch 0Nm_BPFI_03:75 from Motor9 received. Processing...
FFT for batch 0Nm_BPFI_03:75 published to Enterprise/Site/Area/Motor9/Analysis/Vibration/fft
Prediction for batch 0Nm_BPFI_03:75 published to Enterprise/Site/Area/Motor9/Analysis/Diagnosis/prediction
-----------------------------------------
[Motor4] raw_latency_ms=8108.471
[Motor4] EDGE UTC : 2026-08-12T01:18:52.340179+00:00
[Motor4] CLOUD UTC: 2026-08-12T01:19:00.448651+00:00
-------------
Batch 0Nm_BPFI_03:173 from Motor4 received. Processing...
FFT for batch 0Nm_BPFI_03:173 published to Enterprise/Site/Area/Motor4/Analysis/Vibration/fft
Prediction for batch 0Nm_BPFI_03:173 published to Enterprise/Site/Area/Motor4/Analysis/Diagnosis/prediction
-----------------------------------------
[Motor2] raw_latency_ms=8389.554
[Motor2] EDGE UTC : 2026-08-12T01:18:52.175340+00:00
[Motor2] CLOUD UTC: 2026-08-12T01:19:00.564895+00:00
-------------
Batch 0Nm_BPFI_03:36 from Motor2 received. Processing...
FFT for batch 0Nm_BPFI_03:36 published to Enterprise/Site/Area/Motor2/Analysis/Vibration/fft
Prediction for batch 0Nm_BPFI_03:36 published to Enterprise/Site/Area/Motor2/Analysis/Diagnosis/prediction
-----------------------------------------
[Motor3] raw_latency_ms=7812.812
[Motor3] EDGE UTC : 2026-08-12T01:18:52.860412+00:00
[Motor3] CLOUD UTC: 2026-08-12T01:19:00.673225+00:00
-------------
Batch 0Nm_BPFI_03:25 from Motor3 received. Processing...
FFT for batch 0Nm_BPFI_03:25 published to Enterprise/Site/Area/Motor3/Analysis/Vibration/fft
Prediction for batch 0Nm_BPFI_03:25 published to Enterprise/Site/Area/Motor3/Analysis/Diagnosis/prediction
-----------------------------------------
[Motor1] raw_latency_ms=9417.490
[Motor1] EDGE UTC : 2026-08-12T01:18:51.366789+00:00
[Motor1] CLOUD UTC: 2026-08-12T01:19:00.784279+00:00
-------------
Batch 0Nm_BPFI_03:50 from Motor1 received. Processing...
FFT for batch 0Nm_BPFI_03:50 published to Enterprise/Site/Area/Motor1/Analysis/Vibration/fft
Prediction for batch 0Nm_BPFI_03:50 published to Enterprise/Site/Area/Motor1/Analysis/Diagnosis/prediction
-----------------------------------------
[Motor8] raw_latency_ms=9722.434
[Motor8] EDGE UTC : 2026-08-12T01:18:51.175097+00:00
[Motor8] CLOUD UTC: 2026-08-12T01:19:00.897532+00:00
-------------
Batch 0Nm_BPFI_03:90 from Motor8 received. Processing...
FFT for batch 0Nm_BPFI_03:90 published to Enterprise/Site/Area/Motor8/Analysis/Vibration/fft
Prediction for batch 0Nm_BPFI_03:90 published to Enterprise/Site/Area/Motor8/Analysis/Diagnosis/prediction
-----------------------------------------
[Motor6] raw_latency_ms=8272.652
[Motor6] EDGE UTC : 2026-08-12T01:18:52.749538+00:00
[Motor6] CLOUD UTC: 2026-08-12T01:19:01.022190+00:00
-------------
Batch 0Nm_BPFI_03:141 from Motor6 received. Processing...
FFT for batch 0Nm_BPFI_03:141 published to Enterprise/Site/Area/Motor6/Analysis/Vibration/fft
Prediction for batch 0Nm_BPFI_03:141 published to Enterprise/Site/Area/Motor6/Analysis/Diagnosis/prediction
-----------------------------------------
[Motor5] raw_latency_ms=8634.228
[Motor5] EDGE UTC : 2026-08-12T01:18:52.534945+00:00
[Motor5] CLOUD UTC: 2026-08-12T01:19:01.169173+00:00
-------------
Batch 0Nm_BPFI_03:156 from Motor5 received. Processing...
FFT for batch 0Nm_BPFI_03:156 published to Enterprise/Site/Area/Motor5/Analysis/Vibration/fft
Prediction for batch 0Nm_BPFI_03:156 published to Enterprise/Site/Area/Motor5/Analysis/Diagnosis/prediction
-----------------------------------------
[Motor7] raw_latency_ms=8859.216
[Motor7] EDGE UTC : 2026-08-12T01:18:52.427068+00:00
[Motor7] CLOUD UTC: 2026-08-12T01:19:01.286284+00:00
-------------
Batch 0Nm_BPFI_03:111 from Motor7 received. Processing...
FFT for batch 0Nm_BPFI_03:111 published to Enterprise/Site/Area/Motor7/Analysis/Vibration/fft
Prediction for batch 0Nm_BPFI_03:111 published to Enterprise/Site/Area/Motor7/Analysis/Diagnosis/prediction
-----------------------------------------
[Motor2] raw_latency_ms=8196.930
[Motor2] EDGE UTC : 2026-08-12T01:18:53.194418+00:00
[Motor2] CLOUD UTC: 2026-08-12T01:19:01.391348+00:00
-------------
Batch 0Nm_BPFI_03:37 from Motor2 received. Processing...
FFT for batch 0Nm_BPFI_03:37 published to Enterprise/Site/Area/Motor2/Analysis/Vibration/fft
Prediction for batch 0Nm_BPFI_03:37 published to Enterprise/Site/Area/Motor2/Analysis/Diagnosis/prediction
-----------------------------------------
[Motor1] raw_latency_ms=9103.904
[Motor1] EDGE UTC : 2026-08-12T01:18:52.401256+00:00
[Motor1] CLOUD UTC: 2026-08-12T01:19:01.505160+00:00
-------------
Batch 0Nm_BPFI_03:51 from Motor1 received. Processing...
FFT for batch 0Nm_BPFI_03:51 published to Enterprise/Site/Area/Motor1/Analysis/Vibration/fft
Prediction for batch 0Nm_BPFI_03:51 published to Enterprise/Site/Area/Motor1/Analysis/Diagnosis/prediction
-----------------------------------------
[Motor8] raw_latency_ms=8401.128
[Motor8] EDGE UTC : 2026-08-12T01:18:53.215470+00:00
[Motor8] CLOUD UTC: 2026-08-12T01:19:01.616599+00:00
-------------
Batch 0Nm_BPFI_03:92 from Motor8 received. Processing...
FFT for batch 0Nm_BPFI_03:92 published to Enterprise/Site/Area/Motor8/Analysis/Vibration/fft
Prediction for batch 0Nm_BPFI_03:92 published to Enterprise/Site/Area/Motor8/Analysis/Diagnosis/prediction
-----------------------------------------
[Motor2] raw_latency_ms=7516.496
[Motor2] EDGE UTC : 2026-08-12T01:18:54.213539+00:00
[Motor2] CLOUD UTC: 2026-08-12T01:19:01.730036+00:00
-------------
Batch 0Nm_BPFI_03:38 from Motor2 received. Processing...
FFT for batch 0Nm_BPFI_03:38 published to Enterprise/Site/Area/Motor2/Analysis/Vibration/fft
Prediction for batch 0Nm_BPFI_03:38 published to Enterprise/Site/Area/Motor2/Analysis/Diagnosis/prediction
-----------------------------------------
[Motor9] raw_latency_ms=7523.491
[Motor9] EDGE UTC : 2026-08-12T01:18:54.322995+00:00
[Motor9] CLOUD UTC: 2026-08-12T01:19:01.846486+00:00
-------------
Batch 0Nm_BPFI_03:77 from Motor9 received. Processing...
FFT for batch 0Nm_BPFI_03:77 published to Enterprise/Site/Area/Motor9/Analysis/Vibration/fft
Prediction for batch 0Nm_BPFI_03:77 published to Enterprise/Site/Area/Motor9/Analysis/Diagnosis/prediction
-----------------------------------------
[Motor4] raw_latency_ms=7492.340
[Motor4] EDGE UTC : 2026-08-12T01:18:54.470435+00:00
[Motor4] CLOUD UTC: 2026-08-12T01:19:01.962775+00:00
-------------
Batch 0Nm_BPFI_03:175 from Motor4 received. Processing...
FFT for batch 0Nm_BPFI_03:175 published to Enterprise/Site/Area/Motor4/Analysis/Vibration/fft
Prediction for batch 0Nm_BPFI_03:175 published to Enterprise/Site/Area/Motor4/Analysis/Diagnosis/prediction
-----------------------------------------
[Motor1] raw_latency_ms=7597.016
[Motor1] EDGE UTC : 2026-08-12T01:18:54.474662+00:00
[Motor1] CLOUD UTC: 2026-08-12T01:19:02.071677+00:00
-------------
Batch 0Nm_BPFI_03:53 from Motor1 received. Processing...
FFT for batch 0Nm_BPFI_03:53 published to Enterprise/Site/Area/Motor1/Analysis/Vibration/fft
Prediction for batch 0Nm_BPFI_03:53 published to Enterprise/Site/Area/Motor1/Analysis/Diagnosis/prediction
-----------------------------------------
[Motor8] raw_latency_ms=7964.402
[Motor8] EDGE UTC : 2026-08-12T01:18:54.236923+00:00
[Motor8] CLOUD UTC: 2026-08-12T01:19:02.201325+00:00
-------------
Batch 0Nm_BPFI_03:93 from Motor8 received. Processing...
FFT for batch 0Nm_BPFI_03:93 published to Enterprise/Site/Area/Motor8/Analysis/Vibration/fft
Prediction for batch 0Nm_BPFI_03:93 published to Enterprise/Site/Area/Motor8/Analysis/Diagnosis/prediction
-----------------------------------------
[Motor3] raw_latency_ms=7447.300
[Motor3] EDGE UTC : 2026-08-12T01:18:54.868104+00:00
[Motor3] CLOUD UTC: 2026-08-12T01:19:02.315403+00:00
-------------
Batch 0Nm_BPFI_03:27 from Motor3 received. Processing...
FFT for batch 0Nm_BPFI_03:27 published to Enterprise/Site/Area/Motor3/Analysis/Vibration/fft
Prediction for batch 0Nm_BPFI_03:27 published to Enterprise/Site/Area/Motor3/Analysis/Diagnosis/prediction
-----------------------------------------
[Motor6] raw_latency_ms=7672.561
[Motor6] EDGE UTC : 2026-08-12T01:18:54.759453+00:00
[Motor6] CLOUD UTC: 2026-08-12T01:19:02.432014+00:00
-------------
Batch 0Nm_BPFI_03:143 from Motor6 received. Processing...
FFT for batch 0Nm_BPFI_03:143 published to Enterprise/Site/Area/Motor6/Analysis/Vibration/fft
Prediction for batch 0Nm_BPFI_03:143 published to Enterprise/Site/Area/Motor6/Analysis/Diagnosis/prediction
-----------------------------------------
[Motor7] raw_latency_ms=8042.399
[Motor7] EDGE UTC : 2026-08-12T01:18:54.497791+00:00
[Motor7] CLOUD UTC: 2026-08-12T01:19:02.540190+00:00
-------------
Batch 0Nm_BPFI_03:113 from Motor7 received. Processing...
FFT for batch 0Nm_BPFI_03:113 published to Enterprise/Site/Area/Motor7/Analysis/Vibration/fft
Prediction for batch 0Nm_BPFI_03:113 published to Enterprise/Site/Area/Motor7/Analysis/Diagnosis/prediction
-----------------------------------------
[Motor5] raw_latency_ms=8075.849
[Motor5] EDGE UTC : 2026-08-12T01:18:54.579024+00:00
[Motor5] CLOUD UTC: 2026-08-12T01:19:02.654873+00:00
-------------
Batch 0Nm_BPFI_03:158 from Motor5 received. Processing...
FFT for batch 0Nm_BPFI_03:158 published to Enterprise/Site/Area/Motor5/Analysis/Vibration/fft
Prediction for batch 0Nm_BPFI_03:158 published to Enterprise/Site/Area/Motor5/Analysis/Diagnosis/prediction
-----------------------------------------
[Motor2] raw_latency_ms=7597.061
[Motor2] EDGE UTC : 2026-08-12T01:18:55.235172+00:00
[Motor2] CLOUD UTC: 2026-08-12T01:19:02.832233+00:00
-------------
Batch 0Nm_BPFI_03:39 from Motor2 received. Processing...
FFT for batch 0Nm_BPFI_03:39 published to Enterprise/Site/Area/Motor2/Analysis/Vibration/fft
Prediction for batch 0Nm_BPFI_03:39 published to Enterprise/Site/Area/Motor2/Analysis/Diagnosis/prediction
-----------------------------------------
[Motor9] raw_latency_ms=7705.383
[Motor9] EDGE UTC : 2026-08-12T01:18:55.330646+00:00
[Motor9] CLOUD UTC: 2026-08-12T01:19:03.036028+00:00
-------------
Batch 0Nm_BPFI_03:78 from Motor9 received. Processing...
FFT for batch 0Nm_BPFI_03:78 published to Enterprise/Site/Area/Motor9/Analysis/Vibration/fft
Prediction for batch 0Nm_BPFI_03:78 published to Enterprise/Site/Area/Motor9/Analysis/Diagnosis/prediction
-----------------------------------------
[Motor8] raw_latency_ms=7960.760
[Motor8] EDGE UTC : 2026-08-12T01:18:55.259174+00:00
[Motor8] CLOUD UTC: 2026-08-12T01:19:03.219934+00:00
-------------
Batch 0Nm_BPFI_03:94 from Motor8 received. Processing...
FFT for batch 0Nm_BPFI_03:94 published to Enterprise/Site/Area/Motor8/Analysis/Vibration/fft
Prediction for batch 0Nm_BPFI_03:94 published to Enterprise/Site/Area/Motor8/Analysis/Diagnosis/prediction
-----------------------------------------
[Motor3] raw_latency_ms=7551.832
[Motor3] EDGE UTC : 2026-08-12T01:18:55.876644+00:00
[Motor3] CLOUD UTC: 2026-08-12T01:19:03.428476+00:00
-------------
Batch 0Nm_BPFI_03:28 from Motor3 received. Processing...
FFT for batch 0Nm_BPFI_03:28 published to Enterprise/Site/Area/Motor3/Analysis/Vibration/fft
Prediction for batch 0Nm_BPFI_03:28 published to Enterprise/Site/Area/Motor3/Analysis/Diagnosis/prediction
-----------------------------------------
[Motor1] raw_latency_ms=8118.451
[Motor1] EDGE UTC : 2026-08-12T01:18:55.508749+00:00
[Motor1] CLOUD UTC: 2026-08-12T01:19:03.627199+00:00
-------------
Batch 0Nm_BPFI_03:54 from Motor1 received. Processing...
FFT for batch 0Nm_BPFI_03:54 published to Enterprise/Site/Area/Motor1/Analysis/Vibration/fft
Prediction for batch 0Nm_BPFI_03:54 published to Enterprise/Site/Area/Motor1/Analysis/Diagnosis/prediction
-----------------------------------------
[Motor4] raw_latency_ms=8321.664
[Motor4] EDGE UTC : 2026-08-12T01:18:55.503902+00:00
[Motor4] CLOUD UTC: 2026-08-12T01:19:03.825567+00:00
-------------
Batch 0Nm_BPFI_03:176 from Motor4 received. Processing...
FFT for batch 0Nm_BPFI_03:176 published to Enterprise/Site/Area/Motor4/Analysis/Vibration/fft
Prediction for batch 0Nm_BPFI_03:176 published to Enterprise/Site/Area/Motor4/Analysis/Diagnosis/prediction
-----------------------------------------
[Motor6] raw_latency_ms=8231.265
[Motor6] EDGE UTC : 2026-08-12T01:18:55.765759+00:00
[Motor6] CLOUD UTC: 2026-08-12T01:19:03.997024+00:00
-------------
Batch 0Nm_BPFI_03:144 from Motor6 received. Processing...
FFT for batch 0Nm_BPFI_03:144 published to Enterprise/Site/Area/Motor6/Analysis/Vibration/fft
Prediction for batch 0Nm_BPFI_03:144 published to Enterprise/Site/Area/Motor6/Analysis/Diagnosis/prediction
-----------------------------------------
[Motor5] raw_latency_ms=8539.280
[Motor5] EDGE UTC : 2026-08-12T01:18:55.616966+00:00
[Motor5] CLOUD UTC: 2026-08-12T01:19:04.156247+00:00
-------------
Batch 0Nm_BPFI_03:159 from Motor5 received. Processing...
FFT for batch 0Nm_BPFI_03:159 published to Enterprise/Site/Area/Motor5/Analysis/Vibration/fft
Prediction for batch 0Nm_BPFI_03:159 published to Enterprise/Site/Area/Motor5/Analysis/Diagnosis/prediction
-----------------------------------------
[Motor7] raw_latency_ms=8815.441
[Motor7] EDGE UTC : 2026-08-12T01:18:55.533492+00:00
[Motor7] CLOUD UTC: 2026-08-12T01:19:04.348933+00:00
-------------
Batch 0Nm_BPFI_03:114 from Motor7 received. Processing...
FFT for batch 0Nm_BPFI_03:114 published to Enterprise/Site/Area/Motor7/Analysis/Vibration/fft
Prediction for batch 0Nm_BPFI_03:114 published to Enterprise/Site/Area/Motor7/Analysis/Diagnosis/prediction
-----------------------------------------
[Motor2] raw_latency_ms=8309.336
[Motor2] EDGE UTC : 2026-08-12T01:18:56.254067+00:00
[Motor2] CLOUD UTC: 2026-08-12T01:19:04.563403+00:00
-------------
Batch 0Nm_BPFI_03:40 from Motor2 received. Processing...
FFT for batch 0Nm_BPFI_03:40 published to Enterprise/Site/Area/Motor2/Analysis/Vibration/fft
Prediction for batch 0Nm_BPFI_03:40 published to Enterprise/Site/Area/Motor2/Analysis/Diagnosis/prediction
-----------------------------------------
[Motor9] raw_latency_ms=8387.074
[Motor9] EDGE UTC : 2026-08-12T01:18:56.336789+00:00
[Motor9] CLOUD UTC: 2026-08-12T01:19:04.723863+00:00
-------------
Batch 0Nm_BPFI_03:79 from Motor9 received. Processing...
FFT for batch 0Nm_BPFI_03:79 published to Enterprise/Site/Area/Motor9/Analysis/Vibration/fft
Prediction for batch 0Nm_BPFI_03:79 published to Enterprise/Site/Area/Motor9/Analysis/Diagnosis/prediction
-----------------------------------------
[Motor4] raw_latency_ms=8348.826
[Motor4] EDGE UTC : 2026-08-12T01:18:56.538218+00:00
[Motor4] CLOUD UTC: 2026-08-12T01:19:04.887043+00:00
-------------
Batch 0Nm_BPFI_03:177 from Motor4 received. Processing...
FFT for batch 0Nm_BPFI_03:177 published to Enterprise/Site/Area/Motor4/Analysis/Vibration/fft
Prediction for batch 0Nm_BPFI_03:177 published to Enterprise/Site/Area/Motor4/Analysis/Diagnosis/prediction
-----------------------------------------
[Motor8] raw_latency_ms=8818.234
[Motor8] EDGE UTC : 2026-08-12T01:18:56.280657+00:00
[Motor8] CLOUD UTC: 2026-08-12T01:19:05.098891+00:00
-------------
Batch 0Nm_BPFI_03:95 from Motor8 received. Processing...
FFT for batch 0Nm_BPFI_03:95 published to Enterprise/Site/Area/Motor8/Analysis/Vibration/fft
Prediction for batch 0Nm_BPFI_03:95 published to Enterprise/Site/Area/Motor8/Analysis/Diagnosis/prediction
-----------------------------------------
[Motor3] raw_latency_ms=8380.235
[Motor3] EDGE UTC : 2026-08-12T01:18:56.880966+00:00
[Motor3] CLOUD UTC: 2026-08-12T01:19:05.261201+00:00
-------------
Batch 0Nm_BPFI_03:29 from Motor3 received. Processing...
FFT for batch 0Nm_BPFI_03:29 published to Enterprise/Site/Area/Motor3/Analysis/Vibration/fft
Prediction for batch 0Nm_BPFI_03:29 published to Enterprise/Site/Area/Motor3/Analysis/Diagnosis/prediction
-----------------------------------------
[Motor1] raw_latency_ms=8923.922
[Motor1] EDGE UTC : 2026-08-12T01:18:56.542247+00:00
[Motor1] CLOUD UTC: 2026-08-12T01:19:05.466169+00:00
-------------
Batch 0Nm_BPFI_03:55 from Motor1 received. Processing...
FFT for batch 0Nm_BPFI_03:55 published to Enterprise/Site/Area/Motor1/Analysis/Vibration/fft
Prediction for batch 0Nm_BPFI_03:55 published to Enterprise/Site/Area/Motor1/Analysis/Diagnosis/prediction
-----------------------------------------
[Motor7] raw_latency_ms=9061.404
[Motor7] EDGE UTC : 2026-08-12T01:18:56.569316+00:00
[Motor7] CLOUD UTC: 2026-08-12T01:19:05.630721+00:00
-------------
Batch 0Nm_BPFI_03:115 from Motor7 received. Processing...
FFT for batch 0Nm_BPFI_03:115 published to Enterprise/Site/Area/Motor7/Analysis/Vibration/fft
Prediction for batch 0Nm_BPFI_03:115 published to Enterprise/Site/Area/Motor7/Analysis/Diagnosis/prediction
-----------------------------------------
[Motor6] raw_latency_ms=9052.981
[Motor6] EDGE UTC : 2026-08-12T01:18:56.771353+00:00
[Motor6] CLOUD UTC: 2026-08-12T01:19:05.824334+00:00
-------------
Batch 0Nm_BPFI_03:145 from Motor6 received. Processing...
FFT for batch 0Nm_BPFI_03:145 published to Enterprise/Site/Area/Motor6/Analysis/Vibration/fft
Prediction for batch 0Nm_BPFI_03:145 published to Enterprise/Site/Area/Motor6/Analysis/Diagnosis/prediction
-----------------------------------------
[Motor5] raw_latency_ms=9384.964
[Motor5] EDGE UTC : 2026-08-12T01:18:56.638963+00:00
[Motor5] CLOUD UTC: 2026-08-12T01:19:06.023927+00:00
-------------
Batch 0Nm_BPFI_03:160 from Motor5 received. Processing...
FFT for batch 0Nm_BPFI_03:160 published to Enterprise/Site/Area/Motor5/Analysis/Vibration/fft
Prediction for batch 0Nm_BPFI_03:160 published to Enterprise/Site/Area/Motor5/Analysis/Diagnosis/prediction
-----------------------------------------
[Motor2] raw_latency_ms=8932.954
[Motor2] EDGE UTC : 2026-08-12T01:18:57.272953+00:00
[Motor2] CLOUD UTC: 2026-08-12T01:19:06.205907+00:00
-------------
Batch 0Nm_BPFI_03:41 from Motor2 received. Processing...
FFT for batch 0Nm_BPFI_03:41 published to Enterprise/Site/Area/Motor2/Analysis/Vibration/fft
Prediction for batch 0Nm_BPFI_03:41 published to Enterprise/Site/Area/Motor2/Analysis/Diagnosis/prediction
-----------------------------------------
[Motor9] raw_latency_ms=9056.904
[Motor9] EDGE UTC : 2026-08-12T01:18:57.342383+00:00
[Motor9] CLOUD UTC: 2026-08-12T01:19:06.399287+00:00
-------------
Batch 0Nm_BPFI_03:80 from Motor9 received. Processing...
FFT for batch 0Nm_BPFI_03:80 published to Enterprise/Site/Area/Motor9/Analysis/Vibration/fft
Prediction for batch 0Nm_BPFI_03:80 published to Enterprise/Site/Area/Motor9/Analysis/Diagnosis/prediction
-----------------------------------------
[Motor8] raw_latency_ms=9308.843
[Motor8] EDGE UTC : 2026-08-12T01:18:57.299318+00:00
[Motor8] CLOUD UTC: 2026-08-12T01:19:06.608161+00:00
-------------
Batch 0Nm_BPFI_03:96 from Motor8 received. Processing...
FFT for batch 0Nm_BPFI_03:96 published to Enterprise/Site/Area/Motor8/Analysis/Vibration/fft
Prediction for batch 0Nm_BPFI_03:96 published to Enterprise/Site/Area/Motor8/Analysis/Diagnosis/prediction
-----------------------------------------
[Motor4] raw_latency_ms=9211.637
[Motor4] EDGE UTC : 2026-08-12T01:18:57.576847+00:00
[Motor4] CLOUD UTC: 2026-08-12T01:19:06.788484+00:00
-------------
Batch 0Nm_BPFI_03:178 from Motor4 received. Processing...
FFT for batch 0Nm_BPFI_03:178 published to Enterprise/Site/Area/Motor4/Analysis/Vibration/fft
Prediction for batch 0Nm_BPFI_03:178 published to Enterprise/Site/Area/Motor4/Analysis/Diagnosis/prediction
-----------------------------------------
[Motor3] raw_latency_ms=9096.964
[Motor3] EDGE UTC : 2026-08-12T01:18:57.889228+00:00
[Motor3] CLOUD UTC: 2026-08-12T01:19:06.986192+00:00
-------------
Batch 0Nm_BPFI_03:30 from Motor3 received. Processing...
FFT for batch 0Nm_BPFI_03:30 published to Enterprise/Site/Area/Motor3/Analysis/Vibration/fft
Prediction for batch 0Nm_BPFI_03:30 published to Enterprise/Site/Area/Motor3/Analysis/Diagnosis/prediction
-----------------------------------------
[Motor6] raw_latency_ms=9341.565
[Motor6] EDGE UTC : 2026-08-12T01:18:57.775112+00:00
[Motor6] CLOUD UTC: 2026-08-12T01:19:07.116677+00:00
-------------
Batch 0Nm_BPFI_03:146 from Motor6 received. Processing...
FFT for batch 0Nm_BPFI_03:146 published to Enterprise/Site/Area/Motor6/Analysis/Vibration/fft
Prediction for batch 0Nm_BPFI_03:146 published to Enterprise/Site/Area/Motor6/Analysis/Diagnosis/prediction
-----------------------------------------
[Motor1] raw_latency_ms=9639.318
[Motor1] EDGE UTC : 2026-08-12T01:18:57.582252+00:00
[Motor1] CLOUD UTC: 2026-08-12T01:19:07.221570+00:00
-------------
Batch 0Nm_BPFI_03:56 from Motor1 received. Processing...
FFT for batch 0Nm_BPFI_03:56 published to Enterprise/Site/Area/Motor1/Analysis/Vibration/fft
Prediction for batch 0Nm_BPFI_03:56 published to Enterprise/Site/Area/Motor1/Analysis/Diagnosis/prediction
-----------------------------------------
[Motor7] raw_latency_ms=9667.300
[Motor7] EDGE UTC : 2026-08-12T01:18:57.668000+00:00
[Motor7] CLOUD UTC: 2026-08-12T01:19:07.335300+00:00
-------------
Batch 0Nm_BPFI_03:116 from Motor7 received. Processing...
FFT for batch 0Nm_BPFI_03:116 published to Enterprise/Site/Area/Motor7/Analysis/Vibration/fft
Prediction for batch 0Nm_BPFI_03:116 published to Enterprise/Site/Area/Motor7/Analysis/Diagnosis/prediction
-----------------------------------------
[Motor5] raw_latency_ms=9783.357
[Motor5] EDGE UTC : 2026-08-12T01:18:57.658249+00:00
[Motor5] CLOUD UTC: 2026-08-12T01:19:07.441607+00:00
-------------
Batch 0Nm_BPFI_03:161 from Motor5 received. Processing...
FFT for batch 0Nm_BPFI_03:161 published to Enterprise/Site/Area/Motor5/Analysis/Vibration/fft
Prediction for batch 0Nm_BPFI_03:161 published to Enterprise/Site/Area/Motor5/Analysis/Diagnosis/prediction
-----------------------------------------
[Motor2] raw_latency_ms=9274.315
[Motor2] EDGE UTC : 2026-08-12T01:18:58.291927+00:00
[Motor2] CLOUD UTC: 2026-08-12T01:19:07.566242+00:00
-------------
Batch 0Nm_BPFI_03:42 from Motor2 received. Processing...
FFT for batch 0Nm_BPFI_03:42 published to Enterprise/Site/Area/Motor2/Analysis/Vibration/fft
Prediction for batch 0Nm_BPFI_03:42 published to Enterprise/Site/Area/Motor2/Analysis/Diagnosis/prediction
-----------------------------------------
[Motor9] raw_latency_ms=9321.897
[Motor9] EDGE UTC : 2026-08-12T01:18:58.348124+00:00
[Motor9] CLOUD UTC: 2026-08-12T01:19:07.670021+00:00
-------------
Batch 0Nm_BPFI_03:81 from Motor9 received. Processing...
FFT for batch 0Nm_BPFI_03:81 published to Enterprise/Site/Area/Motor9/Analysis/Vibration/fft
Prediction for batch 0Nm_BPFI_03:81 published to Enterprise/Site/Area/Motor9/Analysis/Diagnosis/prediction
-----------------------------------------
[Motor8] raw_latency_ms=9454.707
[Motor8] EDGE UTC : 2026-08-12T01:18:58.320821+00:00
[Motor8] CLOUD UTC: 2026-08-12T01:19:07.775528+00:00
-------------
Batch 0Nm_BPFI_03:97 from Motor8 received. Processing...
FFT for batch 0Nm_BPFI_03:97 published to Enterprise/Site/Area/Motor8/Analysis/Vibration/fft
Prediction for batch 0Nm_BPFI_03:97 published to Enterprise/Site/Area/Motor8/Analysis/Diagnosis/prediction
-----------------------------------------
[Motor6] raw_latency_ms=9096.322
[Motor6] EDGE UTC : 2026-08-12T01:18:58.783289+00:00
[Motor6] CLOUD UTC: 2026-08-12T01:19:07.879611+00:00
-------------
Batch 0Nm_BPFI_03:147 from Motor6 received. Processing...
FFT for batch 0Nm_BPFI_03:147 published to Enterprise/Site/Area/Motor6/Analysis/Vibration/fft
Prediction for batch 0Nm_BPFI_03:147 published to Enterprise/Site/Area/Motor6/Analysis/Diagnosis/prediction
-----------------------------------------
[Motor3] raw_latency_ms=9101.876
[Motor3] EDGE UTC : 2026-08-12T01:18:58.894480+00:00
[Motor3] CLOUD UTC: 2026-08-12T01:19:07.996356+00:00
-------------
Batch 0Nm_BPFI_03:31 from Motor3 received. Processing...
FFT for batch 0Nm_BPFI_03:31 published to Enterprise/Site/Area/Motor3/Analysis/Vibration/fft
Prediction for batch 0Nm_BPFI_03:31 published to Enterprise/Site/Area/Motor3/Analysis/Diagnosis/prediction
-----------------------------------------
[Motor5] raw_latency_ms=9421.025
[Motor5] EDGE UTC : 2026-08-12T01:18:58.678920+00:00
[Motor5] CLOUD UTC: 2026-08-12T01:19:08.099946+00:00
-------------
Batch 0Nm_BPFI_03:162 from Motor5 received. Processing...
FFT for batch 0Nm_BPFI_03:162 published to Enterprise/Site/Area/Motor5/Analysis/Vibration/fft
Prediction for batch 0Nm_BPFI_03:162 published to Enterprise/Site/Area/Motor5/Analysis/Diagnosis/prediction
-----------------------------------------
[Motor2] raw_latency_ms=8904.002
[Motor2] EDGE UTC : 2026-08-12T01:18:59.311022+00:00
[Motor2] CLOUD UTC: 2026-08-12T01:19:08.215024+00:00
-------------
Batch 0Nm_BPFI_03:43 from Motor2 received. Processing...
FFT for batch 0Nm_BPFI_03:43 published to Enterprise/Site/Area/Motor2/Analysis/Vibration/fft
Prediction for batch 0Nm_BPFI_03:43 published to Enterprise/Site/Area/Motor2/Analysis/Diagnosis/prediction
-----------------------------------------
[Motor9] raw_latency_ms=8966.822
[Motor9] EDGE UTC : 2026-08-12T01:18:59.354460+00:00
[Motor9] CLOUD UTC: 2026-08-12T01:19:08.321282+00:00
-------------
Batch 0Nm_BPFI_03:82 from Motor9 received. Processing...
FFT for batch 0Nm_BPFI_03:82 published to Enterprise/Site/Area/Motor9/Analysis/Vibration/fft
Prediction for batch 0Nm_BPFI_03:82 published to Enterprise/Site/Area/Motor9/Analysis/Diagnosis/prediction
-----------------------------------------
[Motor3] raw_latency_ms=8531.844
[Motor3] EDGE UTC : 2026-08-12T01:18:59.900118+00:00
[Motor3] CLOUD UTC: 2026-08-12T01:19:08.431962+00:00
-------------
Batch 0Nm_BPFI_03:32 from Motor3 received. Processing...
FFT for batch 0Nm_BPFI_03:32 published to Enterprise/Site/Area/Motor3/Analysis/Vibration/fft
Prediction for batch 0Nm_BPFI_03:32 published to Enterprise/Site/Area/Motor3/Analysis/Diagnosis/prediction
-----------------------------------------
[Motor8] raw_latency_ms=9197.694
[Motor8] EDGE UTC : 2026-08-12T01:18:59.343160+00:00
[Motor8] CLOUD UTC: 2026-08-12T01:19:08.540854+00:00
-------------
Batch 0Nm_BPFI_03:98 from Motor8 received. Processing...
FFT for batch 0Nm_BPFI_03:98 published to Enterprise/Site/Area/Motor8/Analysis/Vibration/fft
Prediction for batch 0Nm_BPFI_03:98 published to Enterprise/Site/Area/Motor8/Analysis/Diagnosis/prediction
-----------------------------------------
[Motor6] raw_latency_ms=8885.181
[Motor6] EDGE UTC : 2026-08-12T01:18:59.788658+00:00
[Motor6] CLOUD UTC: 2026-08-12T01:19:08.673839+00:00
-------------
Batch 0Nm_BPFI_03:148 from Motor6 received. Processing...
FFT for batch 0Nm_BPFI_03:148 published to Enterprise/Site/Area/Motor6/Analysis/Vibration/fft
Prediction for batch 0Nm_BPFI_03:148 published to Enterprise/Site/Area/Motor6/Analysis/Diagnosis/prediction
-----------------------------------------
[Motor5] raw_latency_ms=9083.447
[Motor5] EDGE UTC : 2026-08-12T01:18:59.698071+00:00
[Motor5] CLOUD UTC: 2026-08-12T01:19:08.781518+00:00
-------------
Batch 0Nm_BPFI_03:163 from Motor5 received. Processing...
FFT for batch 0Nm_BPFI_03:163 published to Enterprise/Site/Area/Motor5/Analysis/Vibration/fft
Prediction for batch 0Nm_BPFI_03:163 published to Enterprise/Site/Area/Motor5/Analysis/Diagnosis/prediction
-----------------------------------------
[Motor9] raw_latency_ms=8528.680
[Motor9] EDGE UTC : 2026-08-12T01:19:00.362216+00:00
[Motor9] CLOUD UTC: 2026-08-12T01:19:08.890896+00:00
-------------
Batch 0Nm_BPFI_03:83 from Motor9 received. Processing...
FFT for batch 0Nm_BPFI_03:83 published to Enterprise/Site/Area/Motor9/Analysis/Vibration/fft
Prediction for batch 0Nm_BPFI_03:83 published to Enterprise/Site/Area/Motor9/Analysis/Diagnosis/prediction
-----------------------------------------
[Motor6] raw_latency_ms=8200.441
[Motor6] EDGE UTC : 2026-08-12T01:19:00.794908+00:00
[Motor6] CLOUD UTC: 2026-08-12T01:19:08.995349+00:00
-------------
Batch 0Nm_BPFI_03:149 from Motor6 received. Processing...
FFT for batch 0Nm_BPFI_03:149 published to Enterprise/Site/Area/Motor6/Analysis/Vibration/fft
Prediction for batch 0Nm_BPFI_03:149 published to Enterprise/Site/Area/Motor6/Analysis/Diagnosis/prediction
-----------------------------------------
[Motor3] raw_latency_ms=8202.515
[Motor3] EDGE UTC : 2026-08-12T01:19:00.905796+00:00
[Motor3] CLOUD UTC: 2026-08-12T01:19:09.108311+00:00
-------------
Batch 0Nm_BPFI_03:33 from Motor3 received. Processing...
FFT for batch 0Nm_BPFI_03:33 published to Enterprise/Site/Area/Motor3/Analysis/Vibration/fft
Prediction for batch 0Nm_BPFI_03:33 published to Enterprise/Site/Area/Motor3/Analysis/Diagnosis/prediction
-----------------------------------------
[Motor9] raw_latency_ms=7842.101
[Motor9] EDGE UTC : 2026-08-12T01:19:01.368468+00:00
[Motor9] CLOUD UTC: 2026-08-12T01:19:09.210569+00:00
-------------
Batch 0Nm_BPFI_03:84 from Motor9 received. Processing...
FFT for batch 0Nm_BPFI_03:84 published to Enterprise/Site/Area/Motor9/Analysis/Vibration/fft
Prediction for batch 0Nm_BPFI_03:84 published to Enterprise/Site/Area/Motor9/Analysis/Diagnosis/prediction
-----------------------------------------
[Motor6] raw_latency_ms=7517.910
[Motor6] EDGE UTC : 2026-08-12T01:19:01.799673+00:00
[Motor6] CLOUD UTC: 2026-08-12T01:19:09.317584+00:00
-------------
Batch 0Nm_BPFI_03:150 from Motor6 received. Processing...
FFT for batch 0Nm_BPFI_03:150 published to Enterprise/Site/Area/Motor6/Analysis/Vibration/fft
Prediction for batch 0Nm_BPFI_03:150 published to Enterprise/Site/Area/Motor6/Analysis/Diagnosis/prediction
-----------------------------------------
[Motor3] raw_latency_ms=7513.682
[Motor3] EDGE UTC : 2026-08-12T01:19:01.912509+00:00
[Motor3] CLOUD UTC: 2026-08-12T01:19:09.426192+00:00
-------------
Batch 0Nm_BPFI_03:34 from Motor3 received. Processing...
FFT for batch 0Nm_BPFI_03:34 published to Enterprise/Site/Area/Motor3/Analysis/Vibration/fft
Prediction for batch 0Nm_BPFI_03:34 published to Enterprise/Site/Area/Motor3/Analysis/Diagnosis/prediction
-----------------------------------------
[Motor9] raw_latency_ms=7164.390
[Motor9] EDGE UTC : 2026-08-12T01:19:02.374475+00:00
[Motor9] CLOUD UTC: 2026-08-12T01:19:09.538865+00:00
-------------
Batch 0Nm_BPFI_03:85 from Motor9 received. Processing...
FFT for batch 0Nm_BPFI_03:85 published to Enterprise/Site/Area/Motor9/Analysis/Vibration/fft
Prediction for batch 0Nm_BPFI_03:85 published to Enterprise/Site/Area/Motor9/Analysis/Diagnosis/prediction
-----------------------------------------
[Motor6] raw_latency_ms=6850.154
[Motor6] EDGE UTC : 2026-08-12T01:19:02.806957+00:00
[Motor6] CLOUD UTC: 2026-08-12T01:19:09.657111+00:00
-------------
Batch 0Nm_BPFI_03:151 from Motor6 received. Processing...
FFT for batch 0Nm_BPFI_03:151 published to Enterprise/Site/Area/Motor6/Analysis/Vibration/fft
Prediction for batch 0Nm_BPFI_03:151 published to Enterprise/Site/Area/Motor6/Analysis/Diagnosis/prediction
-----------------------------------------
[Motor3] raw_latency_ms=6851.536
[Motor3] EDGE UTC : 2026-08-12T01:19:02.917990+00:00
[Motor3] CLOUD UTC: 2026-08-12T01:19:09.769526+00:00
-------------
Batch 0Nm_BPFI_03:35 from Motor3 received. Processing...
FFT for batch 0Nm_BPFI_03:35 published to Enterprise/Site/Area/Motor3/Analysis/Vibration/fft
Prediction for batch 0Nm_BPFI_03:35 published to Enterprise/Site/Area/Motor3/Analysis/Diagnosis/prediction
-----------------------------------------
[Motor9] raw_latency_ms=6497.529
[Motor9] EDGE UTC : 2026-08-12T01:19:03.380752+00:00
[Motor9] CLOUD UTC: 2026-08-12T01:19:09.878281+00:00
-------------
Batch 0Nm_BPFI_03:86 from Motor9 received. Processing...
FFT for batch 0Nm_BPFI_03:86 published to Enterprise/Site/Area/Motor9/Analysis/Vibration/fft
Prediction for batch 0Nm_BPFI_03:86 published to Enterprise/Site/Area/Motor9/Analysis/Diagnosis/prediction
-----------------------------------------
[Motor6] raw_latency_ms=6176.148
[Motor6] EDGE UTC : 2026-08-12T01:19:03.814380+00:00
[Motor6] CLOUD UTC: 2026-08-12T01:19:09.990528+00:00
-------------
Batch 0Nm_BPFI_03:152 from Motor6 received. Processing...
FFT for batch 0Nm_BPFI_03:152 published to Enterprise/Site/Area/Motor6/Analysis/Vibration/fft
Prediction for batch 0Nm_BPFI_03:152 published to Enterprise/Site/Area/Motor6/Analysis/Diagnosis/prediction
-----------------------------------------
[Motor3] raw_latency_ms=6168.110
[Motor3] EDGE UTC : 2026-08-12T01:19:03.926431+00:00
[Motor3] CLOUD UTC: 2026-08-12T01:19:10.094541+00:00
-------------
Batch 0Nm_BPFI_03:36 from Motor3 received. Processing...
FFT for batch 0Nm_BPFI_03:36 published to Enterprise/Site/Area/Motor3/Analysis/Vibration/fft
Prediction for batch 0Nm_BPFI_03:36 published to Enterprise/Site/Area/Motor3/Analysis/Diagnosis/prediction
-----------------------------------------
[Motor9] raw_latency_ms=5816.124
[Motor9] EDGE UTC : 2026-08-12T01:19:04.386355+00:00
[Motor9] CLOUD UTC: 2026-08-12T01:19:10.202479+00:00
-------------
Batch 0Nm_BPFI_03:87 from Motor9 received. Processing...
FFT for batch 0Nm_BPFI_03:87 published to Enterprise/Site/Area/Motor9/Analysis/Vibration/fft
Prediction for batch 0Nm_BPFI_03:87 published to Enterprise/Site/Area/Motor9/Analysis/Diagnosis/prediction
-----------------------------------------
[Motor6] raw_latency_ms=5491.729
[Motor6] EDGE UTC : 2026-08-12T01:19:04.821024+00:00
[Motor6] CLOUD UTC: 2026-08-12T01:19:10.312754+00:00
-------------
Batch 0Nm_BPFI_03:153 from Motor6 received. Processing...
FFT for batch 0Nm_BPFI_03:153 published to Enterprise/Site/Area/Motor6/Analysis/Vibration/fft
Prediction for batch 0Nm_BPFI_03:153 published to Enterprise/Site/Area/Motor6/Analysis/Diagnosis/prediction
-----------------------------------------
[Motor3] raw_latency_ms=5495.886
[Motor3] EDGE UTC : 2026-08-12T01:19:04.932312+00:00
[Motor3] CLOUD UTC: 2026-08-12T01:19:10.428198+00:00
-------------
Batch 0Nm_BPFI_03:37 from Motor3 received. Processing...
FFT for batch 0Nm_BPFI_03:37 published to Enterprise/Site/Area/Motor3/Analysis/Vibration/fft
Prediction for batch 0Nm_BPFI_03:37 published to Enterprise/Site/Area/Motor3/Analysis/Diagnosis/prediction
-----------------------------------------
[Motor9] raw_latency_ms=5146.642
[Motor9] EDGE UTC : 2026-08-12T01:19:05.392758+00:00
[Motor9] CLOUD UTC: 2026-08-12T01:19:10.539400+00:00
-------------
Batch 0Nm_BPFI_03:88 from Motor9 received. Processing...
FFT for batch 0Nm_BPFI_03:88 published to Enterprise/Site/Area/Motor9/Analysis/Vibration/fft
Prediction for batch 0Nm_BPFI_03:88 published to Enterprise/Site/Area/Motor9/Analysis/Diagnosis/prediction
-----------------------------------------
[Motor6] raw_latency_ms=4870.234
[Motor6] EDGE UTC : 2026-08-12T01:19:05.828058+00:00
[Motor6] CLOUD UTC: 2026-08-12T01:19:10.698291+00:00
-------------
Batch 0Nm_BPFI_03:154 from Motor6 received. Processing...
FFT for batch 0Nm_BPFI_03:154 published to Enterprise/Site/Area/Motor6/Analysis/Vibration/fft
Prediction for batch 0Nm_BPFI_03:154 published to Enterprise/Site/Area/Motor6/Analysis/Diagnosis/prediction
-----------------------------------------
[Motor3] raw_latency_ms=4872.082
[Motor3] EDGE UTC : 2026-08-12T01:19:05.938221+00:00
[Motor3] CLOUD UTC: 2026-08-12T01:19:10.810303+00:00
-------------
Batch 0Nm_BPFI_03:38 from Motor3 received. Processing...
FFT for batch 0Nm_BPFI_03:38 published to Enterprise/Site/Area/Motor3/Analysis/Vibration/fft
Prediction for batch 0Nm_BPFI_03:38 published to Enterprise/Site/Area/Motor3/Analysis/Diagnosis/prediction
-----------------------------------------
[Motor9] raw_latency_ms=4524.709
[Motor9] EDGE UTC : 2026-08-12T01:19:06.400926+00:00
[Motor9] CLOUD UTC: 2026-08-12T01:19:10.925635+00:00
-------------
Batch 0Nm_BPFI_03:89 from Motor9 received. Processing...
FFT for batch 0Nm_BPFI_03:89 published to Enterprise/Site/Area/Motor9/Analysis/Vibration/fft
Prediction for batch 0Nm_BPFI_03:89 published to Enterprise/Site/Area/Motor9/Analysis/Diagnosis/prediction
-----------------------------------------
[Motor3] raw_latency_ms=4094.058
[Motor3] EDGE UTC : 2026-08-12T01:19:06.944334+00:00
[Motor3] CLOUD UTC: 2026-08-12T01:19:11.038392+00:00
-------------
Batch 0Nm_BPFI_03:39 from Motor3 received. Processing...
FFT for batch 0Nm_BPFI_03:39 published to Enterprise/Site/Area/Motor3/Analysis/Vibration/fft
Prediction for batch 0Nm_BPFI_03:39 published to Enterprise/Site/Area/Motor3/Analysis/Diagnosis/prediction
-----------------------------------------
[Motor6] raw_latency_ms=4316.324
[Motor6] EDGE UTC : 2026-08-12T01:19:06.834290+00:00
[Motor6] CLOUD UTC: 2026-08-12T01:19:11.150614+00:00
-------------
Batch 0Nm_BPFI_03:155 from Motor6 received. Processing...
FFT for batch 0Nm_BPFI_03:155 published to Enterprise/Site/Area/Motor6/Analysis/Vibration/fft
Prediction for batch 0Nm_BPFI_03:155 published to Enterprise/Site/Area/Motor6/Analysis/Diagnosis/prediction
-----------------------------------------
[Motor9] raw_latency_ms=3851.652
[Motor9] EDGE UTC : 2026-08-12T01:19:07.410093+00:00
[Motor9] CLOUD UTC: 2026-08-12T01:19:11.261745+00:00
-------------
Batch 0Nm_BPFI_03:90 from Motor9 received. Processing...
FFT for batch 0Nm_BPFI_03:90 published to Enterprise/Site/Area/Motor9/Analysis/Vibration/fft
Prediction for batch 0Nm_BPFI_03:90 published to Enterprise/Site/Area/Motor9/Analysis/Diagnosis/prediction
-----------------------------------------
[Motor3] raw_latency_ms=3415.454
[Motor3] EDGE UTC : 2026-08-12T01:19:07.951213+00:00
[Motor3] CLOUD UTC: 2026-08-12T01:19:11.366667+00:00
-------------
Batch 0Nm_BPFI_03:40 from Motor3 received. Processing...
FFT for batch 0Nm_BPFI_03:40 published to Enterprise/Site/Area/Motor3/Analysis/Vibration/fft
Prediction for batch 0Nm_BPFI_03:40 published to Enterprise/Site/Area/Motor3/Analysis/Diagnosis/prediction
-----------------------------------------
[Motor6] raw_latency_ms=3633.888
[Motor6] EDGE UTC : 2026-08-12T01:19:07.841051+00:00
[Motor6] CLOUD UTC: 2026-08-12T01:19:11.474940+00:00
-------------
Batch 0Nm_BPFI_03:156 from Motor6 received. Processing...
FFT for batch 0Nm_BPFI_03:156 published to Enterprise/Site/Area/Motor6/Analysis/Vibration/fft
Prediction for batch 0Nm_BPFI_03:156 published to Enterprise/Site/Area/Motor6/Analysis/Diagnosis/prediction
-----------------------------------------
[Motor9] raw_latency_ms=3168.053
[Motor9] EDGE UTC : 2026-08-12T01:19:08.413667+00:00
[Motor9] CLOUD UTC: 2026-08-12T01:19:11.581720+00:00
-------------
Batch 0Nm_BPFI_03:91 from Motor9 received. Processing...
FFT for batch 0Nm_BPFI_03:91 published to Enterprise/Site/Area/Motor9/Analysis/Vibration/fft
Prediction for batch 0Nm_BPFI_03:91 published to Enterprise/Site/Area/Motor9/Analysis/Diagnosis/prediction
-----------------------------------------
[Motor3] raw_latency_ms=2780.565
[Motor3] EDGE UTC : 2026-08-12T01:19:08.956960+00:00
[Motor3] CLOUD UTC: 2026-08-12T01:19:11.737525+00:00
-------------
Batch 0Nm_BPFI_03:41 from Motor3 received. Processing...
FFT for batch 0Nm_BPFI_03:41 published to Enterprise/Site/Area/Motor3/Analysis/Vibration/fft
Prediction for batch 0Nm_BPFI_03:41 published to Enterprise/Site/Area/Motor3/Analysis/Diagnosis/prediction
-----------------------------------------
[Motor6] raw_latency_ms=2994.908
[Motor6] EDGE UTC : 2026-08-12T01:19:08.847387+00:00
[Motor6] CLOUD UTC: 2026-08-12T01:19:11.842294+00:00
-------------
Batch 0Nm_BPFI_03:157 from Motor6 received. Processing...
FFT for batch 0Nm_BPFI_03:157 published to Enterprise/Site/Area/Motor6/Analysis/Vibration/fft
Prediction for batch 0Nm_BPFI_03:157 published to Enterprise/Site/Area/Motor6/Analysis/Diagnosis/prediction
-----------------------------------------
[Motor9] raw_latency_ms=2537.813
[Motor9] EDGE UTC : 2026-08-12T01:19:09.420017+00:00
[Motor9] CLOUD UTC: 2026-08-12T01:19:11.957830+00:00
-------------
Batch 0Nm_BPFI_03:92 from Motor9 received. Processing...
FFT for batch 0Nm_BPFI_03:92 published to Enterprise/Site/Area/Motor9/Analysis/Vibration/fft
Prediction for batch 0Nm_BPFI_03:92 published to Enterprise/Site/Area/Motor9/Analysis/Diagnosis/prediction
-----------------------------------------
[Motor3] raw_latency_ms=2100.537
[Motor3] EDGE UTC : 2026-08-12T01:19:09.962924+00:00
[Motor3] CLOUD UTC: 2026-08-12T01:19:12.063461+00:00
-------------
Batch 0Nm_BPFI_03:42 from Motor3 received. Processing...
FFT for batch 0Nm_BPFI_03:42 published to Enterprise/Site/Area/Motor3/Analysis/Vibration/fft
Prediction for batch 0Nm_BPFI_03:42 published to Enterprise/Site/Area/Motor3/Analysis/Diagnosis/prediction
-----------------------------------------
[Motor6] raw_latency_ms=2316.292
[Motor6] EDGE UTC : 2026-08-12T01:19:09.855332+00:00
[Motor6] CLOUD UTC: 2026-08-12T01:19:12.171624+00:00
-------------
Batch 0Nm_BPFI_03:158 from Motor6 received. Processing...
FFT for batch 0Nm_BPFI_03:158 published to Enterprise/Site/Area/Motor6/Analysis/Vibration/fft
Prediction for batch 0Nm_BPFI_03:158 published to Enterprise/Site/Area/Motor6/Analysis/Diagnosis/prediction
-----------------------------------------
[Motor9] raw_latency_ms=1855.519
[Motor9] EDGE UTC : 2026-08-12T01:19:10.425219+00:00
[Motor9] CLOUD UTC: 2026-08-12T01:19:12.280738+00:00
-------------
Batch 0Nm_BPFI_03:93 from Motor9 received. Processing...
FFT for batch 0Nm_BPFI_03:93 published to Enterprise/Site/Area/Motor9/Analysis/Vibration/fft
Prediction for batch 0Nm_BPFI_03:93 published to Enterprise/Site/Area/Motor9/Analysis/Diagnosis/prediction
-----------------------------------------
[Motor3] raw_latency_ms=1422.773
[Motor3] EDGE UTC : 2026-08-12T01:19:10.966269+00:00
[Motor3] CLOUD UTC: 2026-08-12T01:19:12.389042+00:00
-------------
Batch 0Nm_BPFI_03:43 from Motor3 received. Processing...
FFT for batch 0Nm_BPFI_03:43 published to Enterprise/Site/Area/Motor3/Analysis/Vibration/fft
Prediction for batch 0Nm_BPFI_03:43 published to Enterprise/Site/Area/Motor3/Analysis/Diagnosis/prediction
-----------------------------------------
[Motor6] raw_latency_ms=1636.366
[Motor6] EDGE UTC : 2026-08-12T01:19:10.859057+00:00
[Motor6] CLOUD UTC: 2026-08-12T01:19:12.495424+00:00
-------------
Batch 0Nm_BPFI_03:159 from Motor6 received. Processing...
FFT for batch 0Nm_BPFI_03:159 published to Enterprise/Site/Area/Motor6/Analysis/Vibration/fft
Prediction for batch 0Nm_BPFI_03:159 published to Enterprise/Site/Area/Motor6/Analysis/Diagnosis/prediction
-----------------------------------------
Diagnosis service stopped.
