/tmp/ipykernel_3661/2405045398.py:102: DeprecationWarning: Callback API version 1 is deprecated, update to latest version
  client = mqtt.Client(client_id=f"vibration_diagnosis_{DEVICE_FILTER or 'all'}", clean_session=True)
Streaming output truncated to the last 5000 lines.
[Motor1] raw_latency_ms=1910.030
[Motor1] EDGE UTC : 2026-08-11T12:28:56.651795+00:00
[Motor1] CLOUD UTC: 2026-08-11T12:28:58.561826+00:00
-------------
Batch 0Nm_BPFI_03:65 from Motor1 received. Processing...
FFT for batch 0Nm_BPFI_03:65 published to Enterprise/Site/Area/Motor1/Analysis/Vibration/fft
Prediction for batch 0Nm_BPFI_03:65 published to Enterprise/Site/Area/Motor1/Analysis/Diagnosis/prediction
-----------------------------------------
[Motor1] raw_latency_ms=1334.187
[Motor1] EDGE UTC : 2026-08-11T12:28:57.690899+00:00
[Motor1] CLOUD UTC: 2026-08-11T12:28:59.025087+00:00
-------------
Batch 0Nm_BPFI_03:66 from Motor1 received. Processing...
FFT for batch 0Nm_BPFI_03:66 published to Enterprise/Site/Area/Motor1/Analysis/Vibration/fft
Prediction for batch 0Nm_BPFI_03:66 published to Enterprise/Site/Area/Motor1/Analysis/Diagnosis/prediction
-----------------------------------------
[Motor3] raw_latency_ms=238.084
[Motor3] EDGE UTC : 2026-08-11T12:28:59.015409+00:00
[Motor3] CLOUD UTC: 2026-08-11T12:28:59.253493+00:00
-------------
Batch 0Nm_BPFI_03:15 from Motor3 received. Processing...
FFT for batch 0Nm_BPFI_03:15 published to Enterprise/Site/Area/Motor3/Analysis/Vibration/fft
Prediction for batch 0Nm_BPFI_03:15 published to Enterprise/Site/Area/Motor3/Analysis/Diagnosis/prediction
-----------------------------------------
[Motor1] raw_latency_ms=634.346
[Motor1] EDGE UTC : 2026-08-11T12:28:58.728931+00:00
[Motor1] CLOUD UTC: 2026-08-11T12:28:59.363277+00:00
-------------
Batch 0Nm_BPFI_03:67 from Motor1 received. Processing...
FFT for batch 0Nm_BPFI_03:67 published to Enterprise/Site/Area/Motor1/Analysis/Vibration/fft
Prediction for batch 0Nm_BPFI_03:67 published to Enterprise/Site/Area/Motor1/Analysis/Diagnosis/prediction
-----------------------------------------
[Motor2] raw_latency_ms=634.687
[Motor2] EDGE UTC : 2026-08-11T12:28:58.857671+00:00
[Motor2] CLOUD UTC: 2026-08-11T12:28:59.492358+00:00
-------------
Batch 0Nm_BPFI_03:66 from Motor2 received. Processing...
FFT for batch 0Nm_BPFI_03:66 published to Enterprise/Site/Area/Motor2/Analysis/Vibration/fft
Prediction for batch 0Nm_BPFI_03:66 published to Enterprise/Site/Area/Motor2/Analysis/Diagnosis/prediction
-----------------------------------------
[Motor1] raw_latency_ms=675.668
[Motor1] EDGE UTC : 2026-08-11T12:28:59.766937+00:00
[Motor1] CLOUD UTC: 2026-08-11T12:29:00.442605+00:00
-------------
Batch 0Nm_BPFI_03:68 from Motor1 received. Processing...
FFT for batch 0Nm_BPFI_03:68 published to Enterprise/Site/Area/Motor1/Analysis/Vibration/fft
Prediction for batch 0Nm_BPFI_03:68 published to Enterprise/Site/Area/Motor1/Analysis/Diagnosis/prediction
-----------------------------------------
[Motor2] raw_latency_ms=673.262
[Motor2] EDGE UTC : 2026-08-11T12:28:59.876792+00:00
[Motor2] CLOUD UTC: 2026-08-11T12:29:00.550054+00:00
-------------
Batch 0Nm_BPFI_03:67 from Motor2 received. Processing...
FFT for batch 0Nm_BPFI_03:67 published to Enterprise/Site/Area/Motor2/Analysis/Vibration/fft
Prediction for batch 0Nm_BPFI_03:67 published to Enterprise/Site/Area/Motor2/Analysis/Diagnosis/prediction
-----------------------------------------
[Motor3] raw_latency_ms=639.406
[Motor3] EDGE UTC : 2026-08-11T12:29:00.020873+00:00
[Motor3] CLOUD UTC: 2026-08-11T12:29:00.660280+00:00
-------------
Batch 0Nm_BPFI_03:16 from Motor3 received. Processing...
FFT for batch 0Nm_BPFI_03:16 published to Enterprise/Site/Area/Motor3/Analysis/Vibration/fft
Prediction for batch 0Nm_BPFI_03:16 published to Enterprise/Site/Area/Motor3/Analysis/Diagnosis/prediction
-----------------------------------------
[Motor3] raw_latency_ms=345.864
[Motor3] EDGE UTC : 2026-08-11T12:29:01.027005+00:00
[Motor3] CLOUD UTC: 2026-08-11T12:29:01.372869+00:00
-------------
Batch 0Nm_BPFI_03:17 from Motor3 received. Processing...
FFT for batch 0Nm_BPFI_03:17 published to Enterprise/Site/Area/Motor3/Analysis/Vibration/fft
Prediction for batch 0Nm_BPFI_03:17 published to Enterprise/Site/Area/Motor3/Analysis/Diagnosis/prediction
-----------------------------------------
[Motor2] raw_latency_ms=599.085
[Motor2] EDGE UTC : 2026-08-11T12:29:00.896110+00:00
[Motor2] CLOUD UTC: 2026-08-11T12:29:01.495196+00:00
-------------
Batch 0Nm_BPFI_03:68 from Motor2 received. Processing...
FFT for batch 0Nm_BPFI_03:68 published to Enterprise/Site/Area/Motor2/Analysis/Vibration/fft
Prediction for batch 0Nm_BPFI_03:68 published to Enterprise/Site/Area/Motor2/Analysis/Diagnosis/prediction
-----------------------------------------
[Motor1] raw_latency_ms=803.069
[Motor1] EDGE UTC : 2026-08-11T12:29:00.806920+00:00
[Motor1] CLOUD UTC: 2026-08-11T12:29:01.609989+00:00
-------------
Batch 0Nm_BPFI_03:69 from Motor1 received. Processing...
FFT for batch 0Nm_BPFI_03:69 published to Enterprise/Site/Area/Motor1/Analysis/Vibration/fft
Prediction for batch 0Nm_BPFI_03:69 published to Enterprise/Site/Area/Motor1/Analysis/Diagnosis/prediction
-----------------------------------------
[Motor3] raw_latency_ms=288.377
[Motor3] EDGE UTC : 2026-08-11T12:29:02.034836+00:00
[Motor3] CLOUD UTC: 2026-08-11T12:29:02.323214+00:00
-------------
Batch 0Nm_BPFI_03:18 from Motor3 received. Processing...
FFT for batch 0Nm_BPFI_03:18 published to Enterprise/Site/Area/Motor3/Analysis/Vibration/fft
Prediction for batch 0Nm_BPFI_03:18 published to Enterprise/Site/Area/Motor3/Analysis/Diagnosis/prediction
-----------------------------------------
[Motor1] raw_latency_ms=584.382
[Motor1] EDGE UTC : 2026-08-11T12:29:01.845096+00:00
[Motor1] CLOUD UTC: 2026-08-11T12:29:02.429478+00:00
-------------
Batch 0Nm_BPFI_03:70 from Motor1 received. Processing...
FFT for batch 0Nm_BPFI_03:70 published to Enterprise/Site/Area/Motor1/Analysis/Vibration/fft
Prediction for batch 0Nm_BPFI_03:70 published to Enterprise/Site/Area/Motor1/Analysis/Diagnosis/prediction
-----------------------------------------
[Motor2] raw_latency_ms=638.106
[Motor2] EDGE UTC : 2026-08-11T12:29:01.915368+00:00
[Motor2] CLOUD UTC: 2026-08-11T12:29:02.553473+00:00
-------------
Batch 0Nm_BPFI_03:69 from Motor2 received. Processing...
FFT for batch 0Nm_BPFI_03:69 published to Enterprise/Site/Area/Motor2/Analysis/Vibration/fft
Prediction for batch 0Nm_BPFI_03:69 published to Enterprise/Site/Area/Motor2/Analysis/Diagnosis/prediction
-----------------------------------------
[Motor3] raw_latency_ms=318.427
[Motor3] EDGE UTC : 2026-08-11T12:29:03.041145+00:00
[Motor3] CLOUD UTC: 2026-08-11T12:29:03.359572+00:00
-------------
Batch 0Nm_BPFI_03:19 from Motor3 received. Processing...
FFT for batch 0Nm_BPFI_03:19 published to Enterprise/Site/Area/Motor3/Analysis/Vibration/fft
Prediction for batch 0Nm_BPFI_03:19 published to Enterprise/Site/Area/Motor3/Analysis/Diagnosis/prediction
-----------------------------------------
[Motor2] raw_latency_ms=507.377
[Motor2] EDGE UTC : 2026-08-11T12:29:02.959305+00:00
[Motor2] CLOUD UTC: 2026-08-11T12:29:03.466682+00:00
-------------
Batch 0Nm_BPFI_03:70 from Motor2 received. Processing...
FFT for batch 0Nm_BPFI_03:70 published to Enterprise/Site/Area/Motor2/Analysis/Vibration/fft
Prediction for batch 0Nm_BPFI_03:70 published to Enterprise/Site/Area/Motor2/Analysis/Diagnosis/prediction
-----------------------------------------
[Motor1] raw_latency_ms=705.225
[Motor1] EDGE UTC : 2026-08-11T12:29:02.884658+00:00
[Motor1] CLOUD UTC: 2026-08-11T12:29:03.589883+00:00
-------------
Batch 0Nm_BPFI_03:71 from Motor1 received. Processing...
FFT for batch 0Nm_BPFI_03:71 published to Enterprise/Site/Area/Motor1/Analysis/Vibration/fft
Prediction for batch 0Nm_BPFI_03:71 published to Enterprise/Site/Area/Motor1/Analysis/Diagnosis/prediction
-----------------------------------------
[Motor3] raw_latency_ms=298.711
[Motor3] EDGE UTC : 2026-08-11T12:29:04.046093+00:00
[Motor3] CLOUD UTC: 2026-08-11T12:29:04.344803+00:00
-------------
Batch 0Nm_BPFI_03:20 from Motor3 received. Processing...
FFT for batch 0Nm_BPFI_03:20 published to Enterprise/Site/Area/Motor3/Analysis/Vibration/fft
Prediction for batch 0Nm_BPFI_03:20 published to Enterprise/Site/Area/Motor3/Analysis/Diagnosis/prediction
-----------------------------------------
[Motor1] raw_latency_ms=529.352
[Motor1] EDGE UTC : 2026-08-11T12:29:03.923491+00:00
[Motor1] CLOUD UTC: 2026-08-11T12:29:04.452844+00:00
-------------
Batch 0Nm_BPFI_03:72 from Motor1 received. Processing...
FFT for batch 0Nm_BPFI_03:72 published to Enterprise/Site/Area/Motor1/Analysis/Vibration/fft
Prediction for batch 0Nm_BPFI_03:72 published to Enterprise/Site/Area/Motor1/Analysis/Diagnosis/prediction
-----------------------------------------
[Motor2] raw_latency_ms=555.527
[Motor2] EDGE UTC : 2026-08-11T12:29:04.016221+00:00
[Motor2] CLOUD UTC: 2026-08-11T12:29:04.571748+00:00
-------------
Batch 0Nm_BPFI_03:71 from Motor2 received. Processing...
FFT for batch 0Nm_BPFI_03:71 published to Enterprise/Site/Area/Motor2/Analysis/Vibration/fft
Prediction for batch 0Nm_BPFI_03:71 published to Enterprise/Site/Area/Motor2/Analysis/Diagnosis/prediction
-----------------------------------------
[Motor3] raw_latency_ms=309.331
[Motor3] EDGE UTC : 2026-08-11T12:29:05.052351+00:00
[Motor3] CLOUD UTC: 2026-08-11T12:29:05.361682+00:00
-------------
Batch 0Nm_BPFI_03:21 from Motor3 received. Processing...
FFT for batch 0Nm_BPFI_03:21 published to Enterprise/Site/Area/Motor3/Analysis/Vibration/fft
Prediction for batch 0Nm_BPFI_03:21 published to Enterprise/Site/Area/Motor3/Analysis/Diagnosis/prediction
-----------------------------------------
[Motor2] raw_latency_ms=482.210
[Motor2] EDGE UTC : 2026-08-11T12:29:05.065557+00:00
[Motor2] CLOUD UTC: 2026-08-11T12:29:05.547767+00:00
-------------
Batch 0Nm_BPFI_03:72 from Motor2 received. Processing...
FFT for batch 0Nm_BPFI_03:72 published to Enterprise/Site/Area/Motor2/Analysis/Vibration/fft
Prediction for batch 0Nm_BPFI_03:72 published to Enterprise/Site/Area/Motor2/Analysis/Diagnosis/prediction
-----------------------------------------
[Motor1] raw_latency_ms=711.308
[Motor1] EDGE UTC : 2026-08-11T12:29:04.962778+00:00
[Motor1] CLOUD UTC: 2026-08-11T12:29:05.674086+00:00
-------------
Batch 0Nm_BPFI_03:73 from Motor1 received. Processing...
FFT for batch 0Nm_BPFI_03:73 published to Enterprise/Site/Area/Motor1/Analysis/Vibration/fft
Prediction for batch 0Nm_BPFI_03:73 published to Enterprise/Site/Area/Motor1/Analysis/Diagnosis/prediction
-----------------------------------------
[Motor3] raw_latency_ms=336.513
[Motor3] EDGE UTC : 2026-08-11T12:29:06.057961+00:00
[Motor3] CLOUD UTC: 2026-08-11T12:29:06.394475+00:00
-------------
Batch 0Nm_BPFI_03:22 from Motor3 received. Processing...
FFT for batch 0Nm_BPFI_03:22 published to Enterprise/Site/Area/Motor3/Analysis/Vibration/fft
Prediction for batch 0Nm_BPFI_03:22 published to Enterprise/Site/Area/Motor3/Analysis/Diagnosis/prediction
-----------------------------------------
[Motor1] raw_latency_ms=500.644
[Motor1] EDGE UTC : 2026-08-11T12:29:06.001929+00:00
[Motor1] CLOUD UTC: 2026-08-11T12:29:06.502573+00:00
-------------
Batch 0Nm_BPFI_03:74 from Motor1 received. Processing...
FFT for batch 0Nm_BPFI_03:74 published to Enterprise/Site/Area/Motor1/Analysis/Vibration/fft
Prediction for batch 0Nm_BPFI_03:74 published to Enterprise/Site/Area/Motor1/Analysis/Diagnosis/prediction
-----------------------------------------
[Motor2] raw_latency_ms=499.142
[Motor2] EDGE UTC : 2026-08-11T12:29:06.114493+00:00
[Motor2] CLOUD UTC: 2026-08-11T12:29:06.613635+00:00
-------------
Batch 0Nm_BPFI_03:73 from Motor2 received. Processing...
FFT for batch 0Nm_BPFI_03:73 published to Enterprise/Site/Area/Motor2/Analysis/Vibration/fft
Prediction for batch 0Nm_BPFI_03:73 published to Enterprise/Site/Area/Motor2/Analysis/Diagnosis/prediction
-----------------------------------------
[Motor3] raw_latency_ms=317.483
[Motor3] EDGE UTC : 2026-08-11T12:29:07.061361+00:00
[Motor3] CLOUD UTC: 2026-08-11T12:29:07.378844+00:00
-------------
Batch 0Nm_BPFI_03:23 from Motor3 received. Processing...
FFT for batch 0Nm_BPFI_03:23 published to Enterprise/Site/Area/Motor3/Analysis/Vibration/fft
Prediction for batch 0Nm_BPFI_03:23 published to Enterprise/Site/Area/Motor3/Analysis/Diagnosis/prediction
-----------------------------------------
[Motor2] raw_latency_ms=468.045
[Motor2] EDGE UTC : 2026-08-11T12:29:07.163215+00:00
[Motor2] CLOUD UTC: 2026-08-11T12:29:07.631259+00:00
-------------
Batch 0Nm_BPFI_03:74 from Motor2 received. Processing...
FFT for batch 0Nm_BPFI_03:74 published to Enterprise/Site/Area/Motor2/Analysis/Vibration/fft
Prediction for batch 0Nm_BPFI_03:74 published to Enterprise/Site/Area/Motor2/Analysis/Diagnosis/prediction
-----------------------------------------
[Motor1] raw_latency_ms=714.454
[Motor1] EDGE UTC : 2026-08-11T12:29:07.039591+00:00
[Motor1] CLOUD UTC: 2026-08-11T12:29:07.754045+00:00
-------------
Batch 0Nm_BPFI_03:75 from Motor1 received. Processing...
FFT for batch 0Nm_BPFI_03:75 published to Enterprise/Site/Area/Motor1/Analysis/Vibration/fft
Prediction for batch 0Nm_BPFI_03:75 published to Enterprise/Site/Area/Motor1/Analysis/Diagnosis/prediction
-----------------------------------------
[Motor3] raw_latency_ms=316.181
[Motor3] EDGE UTC : 2026-08-11T12:29:08.065476+00:00
[Motor3] CLOUD UTC: 2026-08-11T12:29:08.381657+00:00
-------------
Batch 0Nm_BPFI_03:24 from Motor3 received. Processing...
FFT for batch 0Nm_BPFI_03:24 published to Enterprise/Site/Area/Motor3/Analysis/Vibration/fft
Prediction for batch 0Nm_BPFI_03:24 published to Enterprise/Site/Area/Motor3/Analysis/Diagnosis/prediction
-----------------------------------------
[Motor1] raw_latency_ms=510.115
[Motor1] EDGE UTC : 2026-08-11T12:29:08.076901+00:00
[Motor1] CLOUD UTC: 2026-08-11T12:29:08.587016+00:00
-------------
Batch 0Nm_BPFI_03:76 from Motor1 received. Processing...
FFT for batch 0Nm_BPFI_03:76 published to Enterprise/Site/Area/Motor1/Analysis/Vibration/fft
Prediction for batch 0Nm_BPFI_03:76 published to Enterprise/Site/Area/Motor1/Analysis/Diagnosis/prediction
-----------------------------------------
[Motor2] raw_latency_ms=573.413
[Motor2] EDGE UTC : 2026-08-11T12:29:08.216787+00:00
[Motor2] CLOUD UTC: 2026-08-11T12:29:08.790200+00:00
-------------
Batch 0Nm_BPFI_03:75 from Motor2 received. Processing...
FFT for batch 0Nm_BPFI_03:75 published to Enterprise/Site/Area/Motor2/Analysis/Vibration/fft
Prediction for batch 0Nm_BPFI_03:75 published to Enterprise/Site/Area/Motor2/Analysis/Diagnosis/prediction
-----------------------------------------
[Motor3] raw_latency_ms=314.032
[Motor3] EDGE UTC : 2026-08-11T12:29:09.078499+00:00
[Motor3] CLOUD UTC: 2026-08-11T12:29:09.392531+00:00
-------------
Batch 0Nm_BPFI_03:25 from Motor3 received. Processing...
FFT for batch 0Nm_BPFI_03:25 published to Enterprise/Site/Area/Motor3/Analysis/Vibration/fft
Prediction for batch 0Nm_BPFI_03:25 published to Enterprise/Site/Area/Motor3/Analysis/Diagnosis/prediction
-----------------------------------------
[Motor2] raw_latency_ms=431.927
[Motor2] EDGE UTC : 2026-08-11T12:29:09.265763+00:00
[Motor2] CLOUD UTC: 2026-08-11T12:29:09.697689+00:00
-------------
Batch 0Nm_BPFI_03:76 from Motor2 received. Processing...
FFT for batch 0Nm_BPFI_03:76 published to Enterprise/Site/Area/Motor2/Analysis/Vibration/fft
Prediction for batch 0Nm_BPFI_03:76 published to Enterprise/Site/Area/Motor2/Analysis/Diagnosis/prediction
-----------------------------------------
[Motor1] raw_latency_ms=791.003
[Motor1] EDGE UTC : 2026-08-11T12:29:09.114022+00:00
[Motor1] CLOUD UTC: 2026-08-11T12:29:09.905025+00:00
-------------
Batch 0Nm_BPFI_03:77 from Motor1 received. Processing...
FFT for batch 0Nm_BPFI_03:77 published to Enterprise/Site/Area/Motor1/Analysis/Vibration/fft
Prediction for batch 0Nm_BPFI_03:77 published to Enterprise/Site/Area/Motor1/Analysis/Diagnosis/prediction
-----------------------------------------
[Motor3] raw_latency_ms=221.273
[Motor3] EDGE UTC : 2026-08-11T12:29:10.083066+00:00
[Motor3] CLOUD UTC: 2026-08-11T12:29:10.304339+00:00
-------------
Batch 0Nm_BPFI_03:26 from Motor3 received. Processing...
FFT for batch 0Nm_BPFI_03:26 published to Enterprise/Site/Area/Motor3/Analysis/Vibration/fft
Prediction for batch 0Nm_BPFI_03:26 published to Enterprise/Site/Area/Motor3/Analysis/Diagnosis/prediction
-----------------------------------------
[Motor1] raw_latency_ms=454.563
[Motor1] EDGE UTC : 2026-08-11T12:29:10.151788+00:00
[Motor1] CLOUD UTC: 2026-08-11T12:29:10.606351+00:00
-------------
Batch 0Nm_BPFI_03:78 from Motor1 received. Processing...
FFT for batch 0Nm_BPFI_03:78 published to Enterprise/Site/Area/Motor1/Analysis/Vibration/fft
Prediction for batch 0Nm_BPFI_03:78 published to Enterprise/Site/Area/Motor1/Analysis/Diagnosis/prediction
-----------------------------------------
[Motor2] raw_latency_ms=493.291
[Motor2] EDGE UTC : 2026-08-11T12:29:10.314306+00:00
[Motor2] CLOUD UTC: 2026-08-11T12:29:10.807598+00:00
-------------
Batch 0Nm_BPFI_03:77 from Motor2 received. Processing...
FFT for batch 0Nm_BPFI_03:77 published to Enterprise/Site/Area/Motor2/Analysis/Vibration/fft
Prediction for batch 0Nm_BPFI_03:77 published to Enterprise/Site/Area/Motor2/Analysis/Diagnosis/prediction
-----------------------------------------
[Motor3] raw_latency_ms=222.621
[Motor3] EDGE UTC : 2026-08-11T12:29:11.089829+00:00
[Motor3] CLOUD UTC: 2026-08-11T12:29:11.312449+00:00
-------------
Batch 0Nm_BPFI_03:27 from Motor3 received. Processing...
FFT for batch 0Nm_BPFI_03:27 published to Enterprise/Site/Area/Motor3/Analysis/Vibration/fft
Prediction for batch 0Nm_BPFI_03:27 published to Enterprise/Site/Area/Motor3/Analysis/Diagnosis/prediction
-----------------------------------------
[Motor2] raw_latency_ms=447.323
[Motor2] EDGE UTC : 2026-08-11T12:29:11.333677+00:00
[Motor2] CLOUD UTC: 2026-08-11T12:29:11.781000+00:00
-------------
Batch 0Nm_BPFI_03:78 from Motor2 received. Processing...
FFT for batch 0Nm_BPFI_03:78 published to Enterprise/Site/Area/Motor2/Analysis/Vibration/fft
Prediction for batch 0Nm_BPFI_03:78 published to Enterprise/Site/Area/Motor2/Analysis/Diagnosis/prediction
-----------------------------------------
[Motor1] raw_latency_ms=783.640
[Motor1] EDGE UTC : 2026-08-11T12:29:11.189175+00:00
[Motor1] CLOUD UTC: 2026-08-11T12:29:11.972815+00:00
-------------
Batch 0Nm_BPFI_03:79 from Motor1 received. Processing...
FFT for batch 0Nm_BPFI_03:79 published to Enterprise/Site/Area/Motor1/Analysis/Vibration/fft
Prediction for batch 0Nm_BPFI_03:79 published to Enterprise/Site/Area/Motor1/Analysis/Diagnosis/prediction
-----------------------------------------
[Motor3] raw_latency_ms=221.779
[Motor3] EDGE UTC : 2026-08-11T12:29:12.093961+00:00
[Motor3] CLOUD UTC: 2026-08-11T12:29:12.315740+00:00
-------------
Batch 0Nm_BPFI_03:28 from Motor3 received. Processing...
FFT for batch 0Nm_BPFI_03:28 published to Enterprise/Site/Area/Motor3/Analysis/Vibration/fft
Prediction for batch 0Nm_BPFI_03:28 published to Enterprise/Site/Area/Motor3/Analysis/Diagnosis/prediction
-----------------------------------------
[Motor1] raw_latency_ms=433.162
[Motor1] EDGE UTC : 2026-08-11T12:29:12.226937+00:00
[Motor1] CLOUD UTC: 2026-08-11T12:29:12.660099+00:00
-------------
Batch 0Nm_BPFI_03:80 from Motor1 received. Processing...
FFT for batch 0Nm_BPFI_03:80 published to Enterprise/Site/Area/Motor1/Analysis/Vibration/fft
Prediction for batch 0Nm_BPFI_03:80 published to Enterprise/Site/Area/Motor1/Analysis/Diagnosis/prediction
-----------------------------------------
[Motor2] raw_latency_ms=426.895
[Motor2] EDGE UTC : 2026-08-11T12:29:12.352721+00:00
[Motor2] CLOUD UTC: 2026-08-11T12:29:12.779616+00:00
-------------
Batch 0Nm_BPFI_03:79 from Motor2 received. Processing...
FFT for batch 0Nm_BPFI_03:79 published to Enterprise/Site/Area/Motor2/Analysis/Vibration/fft
Prediction for batch 0Nm_BPFI_03:79 published to Enterprise/Site/Area/Motor2/Analysis/Diagnosis/prediction
-----------------------------------------
[Motor3] raw_latency_ms=217.845
[Motor3] EDGE UTC : 2026-08-11T12:29:13.102190+00:00
[Motor3] CLOUD UTC: 2026-08-11T12:29:13.320035+00:00
-------------
Batch 0Nm_BPFI_03:29 from Motor3 received. Processing...
FFT for batch 0Nm_BPFI_03:29 published to Enterprise/Site/Area/Motor3/Analysis/Vibration/fft
Prediction for batch 0Nm_BPFI_03:29 published to Enterprise/Site/Area/Motor3/Analysis/Diagnosis/prediction
-----------------------------------------
[Motor2] raw_latency_ms=443.296
[Motor2] EDGE UTC : 2026-08-11T12:29:13.372027+00:00
[Motor2] CLOUD UTC: 2026-08-11T12:29:13.815322+00:00
-------------
Batch 0Nm_BPFI_03:80 from Motor2 received. Processing...
FFT for batch 0Nm_BPFI_03:80 published to Enterprise/Site/Area/Motor2/Analysis/Vibration/fft
Prediction for batch 0Nm_BPFI_03:80 published to Enterprise/Site/Area/Motor2/Analysis/Diagnosis/prediction
-----------------------------------------
[Motor1] raw_latency_ms=652.688
[Motor1] EDGE UTC : 2026-08-11T12:29:13.270254+00:00
[Motor1] CLOUD UTC: 2026-08-11T12:29:13.922942+00:00
-------------
Batch 0Nm_BPFI_03:81 from Motor1 received. Processing...
FFT for batch 0Nm_BPFI_03:81 published to Enterprise/Site/Area/Motor1/Analysis/Vibration/fft
Prediction for batch 0Nm_BPFI_03:81 published to Enterprise/Site/Area/Motor1/Analysis/Diagnosis/prediction
-----------------------------------------
[Motor3] raw_latency_ms=221.271
[Motor3] EDGE UTC : 2026-08-11T12:29:14.107813+00:00
[Motor3] CLOUD UTC: 2026-08-11T12:29:14.329084+00:00
-------------
Batch 0Nm_BPFI_03:30 from Motor3 received. Processing...
FFT for batch 0Nm_BPFI_03:30 published to Enterprise/Site/Area/Motor3/Analysis/Vibration/fft
Prediction for batch 0Nm_BPFI_03:30 published to Enterprise/Site/Area/Motor3/Analysis/Diagnosis/prediction
-----------------------------------------
[Motor1] raw_latency_ms=473.779
[Motor1] EDGE UTC : 2026-08-11T12:29:14.313347+00:00
[Motor1] CLOUD UTC: 2026-08-11T12:29:14.787126+00:00
-------------
Batch 0Nm_BPFI_03:82 from Motor1 received. Processing...
FFT for batch 0Nm_BPFI_03:82 published to Enterprise/Site/Area/Motor1/Analysis/Vibration/fft
Prediction for batch 0Nm_BPFI_03:82 published to Enterprise/Site/Area/Motor1/Analysis/Diagnosis/prediction
-----------------------------------------
[Motor2] raw_latency_ms=505.315
[Motor2] EDGE UTC : 2026-08-11T12:29:14.391781+00:00
[Motor2] CLOUD UTC: 2026-08-11T12:29:14.897096+00:00
-------------
Batch 0Nm_BPFI_03:81 from Motor2 received. Processing...
FFT for batch 0Nm_BPFI_03:81 published to Enterprise/Site/Area/Motor2/Analysis/Vibration/fft
Prediction for batch 0Nm_BPFI_03:81 published to Enterprise/Site/Area/Motor2/Analysis/Diagnosis/prediction
-----------------------------------------
[Motor3] raw_latency_ms=221.356
[Motor3] EDGE UTC : 2026-08-11T12:29:15.112284+00:00
[Motor3] CLOUD UTC: 2026-08-11T12:29:15.333641+00:00
-------------
Batch 0Nm_BPFI_03:31 from Motor3 received. Processing...
FFT for batch 0Nm_BPFI_03:31 published to Enterprise/Site/Area/Motor3/Analysis/Vibration/fft
Prediction for batch 0Nm_BPFI_03:31 published to Enterprise/Site/Area/Motor3/Analysis/Diagnosis/prediction
-----------------------------------------
[Motor2] raw_latency_ms=440.194
[Motor2] EDGE UTC : 2026-08-11T12:29:15.441870+00:00
[Motor2] CLOUD UTC: 2026-08-11T12:29:15.882064+00:00
-------------
Batch 0Nm_BPFI_03:82 from Motor2 received. Processing...
FFT for batch 0Nm_BPFI_03:82 published to Enterprise/Site/Area/Motor2/Analysis/Vibration/fft
Prediction for batch 0Nm_BPFI_03:82 published to Enterprise/Site/Area/Motor2/Analysis/Diagnosis/prediction
-----------------------------------------
[Motor1] raw_latency_ms=633.387
[Motor1] EDGE UTC : 2026-08-11T12:29:15.356297+00:00
[Motor1] CLOUD UTC: 2026-08-11T12:29:15.989684+00:00
-------------
Batch 0Nm_BPFI_03:83 from Motor1 received. Processing...
FFT for batch 0Nm_BPFI_03:83 published to Enterprise/Site/Area/Motor1/Analysis/Vibration/fft
Prediction for batch 0Nm_BPFI_03:83 published to Enterprise/Site/Area/Motor1/Analysis/Diagnosis/prediction
-----------------------------------------
[Motor3] raw_latency_ms=218.275
[Motor3] EDGE UTC : 2026-08-11T12:29:16.118576+00:00
[Motor3] CLOUD UTC: 2026-08-11T12:29:16.336852+00:00
-------------
Batch 0Nm_BPFI_03:32 from Motor3 received. Processing...
FFT for batch 0Nm_BPFI_03:32 published to Enterprise/Site/Area/Motor3/Analysis/Vibration/fft
Prediction for batch 0Nm_BPFI_03:32 published to Enterprise/Site/Area/Motor3/Analysis/Diagnosis/prediction
-----------------------------------------
[Motor1] raw_latency_ms=435.553
[Motor1] EDGE UTC : 2026-08-11T12:29:16.399345+00:00
[Motor1] CLOUD UTC: 2026-08-11T12:29:16.834897+00:00
-------------
Batch 0Nm_BPFI_03:84 from Motor1 received. Processing...
FFT for batch 0Nm_BPFI_03:84 published to Enterprise/Site/Area/Motor1/Analysis/Vibration/fft
Prediction for batch 0Nm_BPFI_03:84 published to Enterprise/Site/Area/Motor1/Analysis/Diagnosis/prediction
-----------------------------------------
[Motor2] raw_latency_ms=450.370
[Motor2] EDGE UTC : 2026-08-11T12:29:16.491105+00:00
[Motor2] CLOUD UTC: 2026-08-11T12:29:16.941475+00:00
-------------
Batch 0Nm_BPFI_03:83 from Motor2 received. Processing...
FFT for batch 0Nm_BPFI_03:83 published to Enterprise/Site/Area/Motor2/Analysis/Vibration/fft
Prediction for batch 0Nm_BPFI_03:83 published to Enterprise/Site/Area/Motor2/Analysis/Diagnosis/prediction
-----------------------------------------
[Motor3] raw_latency_ms=223.828
[Motor3] EDGE UTC : 2026-08-11T12:29:17.124116+00:00
[Motor3] CLOUD UTC: 2026-08-11T12:29:17.347944+00:00
-------------
Batch 0Nm_BPFI_03:33 from Motor3 received. Processing...
FFT for batch 0Nm_BPFI_03:33 published to Enterprise/Site/Area/Motor3/Analysis/Vibration/fft
Prediction for batch 0Nm_BPFI_03:33 published to Enterprise/Site/Area/Motor3/Analysis/Diagnosis/prediction
-----------------------------------------
[Motor2] raw_latency_ms=524.496
[Motor2] EDGE UTC : 2026-08-11T12:29:17.540541+00:00
[Motor2] CLOUD UTC: 2026-08-11T12:29:18.065037+00:00
-------------
Batch 0Nm_BPFI_03:84 from Motor2 received. Processing...
FFT for batch 0Nm_BPFI_03:84 published to Enterprise/Site/Area/Motor2/Analysis/Vibration/fft
Prediction for batch 0Nm_BPFI_03:84 published to Enterprise/Site/Area/Motor2/Analysis/Diagnosis/prediction
-----------------------------------------
[Motor1] raw_latency_ms=747.193
[Motor1] EDGE UTC : 2026-08-11T12:29:17.442290+00:00
[Motor1] CLOUD UTC: 2026-08-11T12:29:18.189482+00:00
-------------
Batch 0Nm_BPFI_03:85 from Motor1 received. Processing...
FFT for batch 0Nm_BPFI_03:85 published to Enterprise/Site/Area/Motor1/Analysis/Vibration/fft
Prediction for batch 0Nm_BPFI_03:85 published to Enterprise/Site/Area/Motor1/Analysis/Diagnosis/prediction
-----------------------------------------
[Motor3] raw_latency_ms=222.681
[Motor3] EDGE UTC : 2026-08-11T12:29:18.130671+00:00
[Motor3] CLOUD UTC: 2026-08-11T12:29:18.353352+00:00
-------------
Batch 0Nm_BPFI_03:34 from Motor3 received. Processing...
FFT for batch 0Nm_BPFI_03:34 published to Enterprise/Site/Area/Motor3/Analysis/Vibration/fft
Prediction for batch 0Nm_BPFI_03:34 published to Enterprise/Site/Area/Motor3/Analysis/Diagnosis/prediction
-----------------------------------------
[Motor1] raw_latency_ms=435.956
[Motor1] EDGE UTC : 2026-08-11T12:29:18.486194+00:00
[Motor1] CLOUD UTC: 2026-08-11T12:29:18.922150+00:00
-------------
Batch 0Nm_BPFI_03:86 from Motor1 received. Processing...
FFT for batch 0Nm_BPFI_03:86 published to Enterprise/Site/Area/Motor1/Analysis/Vibration/fft
Prediction for batch 0Nm_BPFI_03:86 published to Enterprise/Site/Area/Motor1/Analysis/Diagnosis/prediction
-----------------------------------------
[Motor2] raw_latency_ms=446.854
[Motor2] EDGE UTC : 2026-08-11T12:29:18.590001+00:00
[Motor2] CLOUD UTC: 2026-08-11T12:29:19.036855+00:00
-------------
Batch 0Nm_BPFI_03:85 from Motor2 received. Processing...
FFT for batch 0Nm_BPFI_03:85 published to Enterprise/Site/Area/Motor2/Analysis/Vibration/fft
Prediction for batch 0Nm_BPFI_03:85 published to Enterprise/Site/Area/Motor2/Analysis/Diagnosis/prediction
-----------------------------------------
[Motor3] raw_latency_ms=247.299
[Motor3] EDGE UTC : 2026-08-11T12:29:19.134091+00:00
[Motor3] CLOUD UTC: 2026-08-11T12:29:19.381391+00:00
-------------
Batch 0Nm_BPFI_03:35 from Motor3 received. Processing...
FFT for batch 0Nm_BPFI_03:35 published to Enterprise/Site/Area/Motor3/Analysis/Vibration/fft
Prediction for batch 0Nm_BPFI_03:35 published to Enterprise/Site/Area/Motor3/Analysis/Diagnosis/prediction
-----------------------------------------
[Motor2] raw_latency_ms=636.868
[Motor2] EDGE UTC : 2026-08-11T12:29:19.638758+00:00
[Motor2] CLOUD UTC: 2026-08-11T12:29:20.275625+00:00
-------------
Batch 0Nm_BPFI_03:86 from Motor2 received. Processing...
FFT for batch 0Nm_BPFI_03:86 published to Enterprise/Site/Area/Motor2/Analysis/Vibration/fft
Prediction for batch 0Nm_BPFI_03:86 published to Enterprise/Site/Area/Motor2/Analysis/Diagnosis/prediction
-----------------------------------------
[Motor1] raw_latency_ms=854.186
[Motor1] EDGE UTC : 2026-08-11T12:29:19.529374+00:00
[Motor1] CLOUD UTC: 2026-08-11T12:29:20.383560+00:00
-------------
Batch 0Nm_BPFI_03:87 from Motor1 received. Processing...
FFT for batch 0Nm_BPFI_03:87 published to Enterprise/Site/Area/Motor1/Analysis/Vibration/fft
Prediction for batch 0Nm_BPFI_03:87 published to Enterprise/Site/Area/Motor1/Analysis/Diagnosis/prediction
-----------------------------------------
[Motor3] raw_latency_ms=358.084
[Motor3] EDGE UTC : 2026-08-11T12:29:20.137613+00:00
[Motor3] CLOUD UTC: 2026-08-11T12:29:20.495697+00:00
-------------
Batch 0Nm_BPFI_03:36 from Motor3 received. Processing...
FFT for batch 0Nm_BPFI_03:36 published to Enterprise/Site/Area/Motor3/Analysis/Vibration/fft
Prediction for batch 0Nm_BPFI_03:36 published to Enterprise/Site/Area/Motor3/Analysis/Diagnosis/prediction
-----------------------------------------
[Motor1] raw_latency_ms=417.191
[Motor1] EDGE UTC : 2026-08-11T12:29:20.566615+00:00
[Motor1] CLOUD UTC: 2026-08-11T12:29:20.983806+00:00
-------------
Batch 0Nm_BPFI_03:88 from Motor1 received. Processing...
FFT for batch 0Nm_BPFI_03:88 published to Enterprise/Site/Area/Motor1/Analysis/Vibration/fft
Prediction for batch 0Nm_BPFI_03:88 published to Enterprise/Site/Area/Motor1/Analysis/Diagnosis/prediction
-----------------------------------------
[Motor2] raw_latency_ms=432.485
[Motor2] EDGE UTC : 2026-08-11T12:29:20.658065+00:00
[Motor2] CLOUD UTC: 2026-08-11T12:29:21.090550+00:00
-------------
Batch 0Nm_BPFI_03:87 from Motor2 received. Processing...
FFT for batch 0Nm_BPFI_03:87 published to Enterprise/Site/Area/Motor2/Analysis/Vibration/fft
Prediction for batch 0Nm_BPFI_03:87 published to Enterprise/Site/Area/Motor2/Analysis/Diagnosis/prediction
-----------------------------------------
[Motor3] raw_latency_ms=222.185
[Motor3] EDGE UTC : 2026-08-11T12:29:21.140932+00:00
[Motor3] CLOUD UTC: 2026-08-11T12:29:21.363117+00:00
-------------
Batch 0Nm_BPFI_03:37 from Motor3 received. Processing...
FFT for batch 0Nm_BPFI_03:37 published to Enterprise/Site/Area/Motor3/Analysis/Vibration/fft
Prediction for batch 0Nm_BPFI_03:37 published to Enterprise/Site/Area/Motor3/Analysis/Diagnosis/prediction
-----------------------------------------
[Motor2] raw_latency_ms=538.876
[Motor2] EDGE UTC : 2026-08-11T12:29:21.677591+00:00
[Motor2] CLOUD UTC: 2026-08-11T12:29:22.216467+00:00
-------------
Batch 0Nm_BPFI_03:88 from Motor2 received. Processing...
FFT for batch 0Nm_BPFI_03:88 published to Enterprise/Site/Area/Motor2/Analysis/Vibration/fft
Prediction for batch 0Nm_BPFI_03:88 published to Enterprise/Site/Area/Motor2/Analysis/Diagnosis/prediction
-----------------------------------------
[Motor1] raw_latency_ms=732.579
[Motor1] EDGE UTC : 2026-08-11T12:29:21.604403+00:00
[Motor1] CLOUD UTC: 2026-08-11T12:29:22.336982+00:00
-------------
Batch 0Nm_BPFI_03:89 from Motor1 received. Processing...
FFT for batch 0Nm_BPFI_03:89 published to Enterprise/Site/Area/Motor1/Analysis/Vibration/fft
Prediction for batch 0Nm_BPFI_03:89 published to Enterprise/Site/Area/Motor1/Analysis/Diagnosis/prediction
-----------------------------------------
[Motor3] raw_latency_ms=353.841
[Motor3] EDGE UTC : 2026-08-11T12:29:22.144291+00:00
[Motor3] CLOUD UTC: 2026-08-11T12:29:22.498132+00:00
-------------
Batch 0Nm_BPFI_03:38 from Motor3 received. Processing...
FFT for batch 0Nm_BPFI_03:38 published to Enterprise/Site/Area/Motor3/Analysis/Vibration/fft
Prediction for batch 0Nm_BPFI_03:38 published to Enterprise/Site/Area/Motor3/Analysis/Diagnosis/prediction
-----------------------------------------
[Motor1] raw_latency_ms=520.842
[Motor1] EDGE UTC : 2026-08-11T12:29:22.641797+00:00
[Motor1] CLOUD UTC: 2026-08-11T12:29:23.162639+00:00
-------------
Batch 0Nm_BPFI_03:90 from Motor1 received. Processing...
FFT for batch 0Nm_BPFI_03:90 published to Enterprise/Site/Area/Motor1/Analysis/Vibration/fft
Prediction for batch 0Nm_BPFI_03:90 published to Enterprise/Site/Area/Motor1/Analysis/Diagnosis/prediction
-----------------------------------------
[Motor2] raw_latency_ms=640.699
[Motor2] EDGE UTC : 2026-08-11T12:29:22.697140+00:00
[Motor2] CLOUD UTC: 2026-08-11T12:29:23.337839+00:00
-------------
Batch 0Nm_BPFI_03:89 from Motor2 received. Processing...
FFT for batch 0Nm_BPFI_03:89 published to Enterprise/Site/Area/Motor2/Analysis/Vibration/fft
Prediction for batch 0Nm_BPFI_03:89 published to Enterprise/Site/Area/Motor2/Analysis/Diagnosis/prediction
-----------------------------------------
[Motor3] raw_latency_ms=415.934
[Motor3] EDGE UTC : 2026-08-11T12:29:23.150771+00:00
[Motor3] CLOUD UTC: 2026-08-11T12:29:23.566705+00:00
-------------
Batch 0Nm_BPFI_03:39 from Motor3 received. Processing...
FFT for batch 0Nm_BPFI_03:39 published to Enterprise/Site/Area/Motor3/Analysis/Vibration/fft
Prediction for batch 0Nm_BPFI_03:39 published to Enterprise/Site/Area/Motor3/Analysis/Diagnosis/prediction
-----------------------------------------
[Motor2] raw_latency_ms=528.719
[Motor2] EDGE UTC : 2026-08-11T12:29:23.716463+00:00
[Motor2] CLOUD UTC: 2026-08-11T12:29:24.245182+00:00
-------------
Batch 0Nm_BPFI_03:90 from Motor2 received. Processing...
FFT for batch 0Nm_BPFI_03:90 published to Enterprise/Site/Area/Motor2/Analysis/Vibration/fft
Prediction for batch 0Nm_BPFI_03:90 published to Enterprise/Site/Area/Motor2/Analysis/Diagnosis/prediction
-----------------------------------------
[Motor1] raw_latency_ms=773.283
[Motor1] EDGE UTC : 2026-08-11T12:29:23.678859+00:00
[Motor1] CLOUD UTC: 2026-08-11T12:29:24.452142+00:00
-------------
Batch 0Nm_BPFI_03:91 from Motor1 received. Processing...
FFT for batch 0Nm_BPFI_03:91 published to Enterprise/Site/Area/Motor1/Analysis/Vibration/fft
Prediction for batch 0Nm_BPFI_03:91 published to Enterprise/Site/Area/Motor1/Analysis/Diagnosis/prediction
-----------------------------------------
[Motor3] raw_latency_ms=476.760
[Motor3] EDGE UTC : 2026-08-11T12:29:24.157149+00:00
[Motor3] CLOUD UTC: 2026-08-11T12:29:24.633909+00:00
-------------
Batch 0Nm_BPFI_03:40 from Motor3 received. Processing...
FFT for batch 0Nm_BPFI_03:40 published to Enterprise/Site/Area/Motor3/Analysis/Vibration/fft
Prediction for batch 0Nm_BPFI_03:40 published to Enterprise/Site/Area/Motor3/Analysis/Diagnosis/prediction
-----------------------------------------
[Motor1] raw_latency_ms=531.871
[Motor1] EDGE UTC : 2026-08-11T12:29:24.716793+00:00
[Motor1] CLOUD UTC: 2026-08-11T12:29:25.248664+00:00
-------------
Batch 0Nm_BPFI_03:92 from Motor1 received. Processing...
FFT for batch 0Nm_BPFI_03:92 published to Enterprise/Site/Area/Motor1/Analysis/Vibration/fft
Prediction for batch 0Nm_BPFI_03:92 published to Enterprise/Site/Area/Motor1/Analysis/Diagnosis/prediction
-----------------------------------------
[Motor2] raw_latency_ms=678.226
[Motor2] EDGE UTC : 2026-08-11T12:29:24.771696+00:00
[Motor2] CLOUD UTC: 2026-08-11T12:29:25.449922+00:00
-------------
Batch 0Nm_BPFI_03:91 from Motor2 received. Processing...
FFT for batch 0Nm_BPFI_03:91 published to Enterprise/Site/Area/Motor2/Analysis/Vibration/fft
Prediction for batch 0Nm_BPFI_03:91 published to Enterprise/Site/Area/Motor2/Analysis/Diagnosis/prediction
-----------------------------------------
[Motor3] raw_latency_ms=484.780
[Motor3] EDGE UTC : 2026-08-11T12:29:25.163419+00:00
[Motor3] CLOUD UTC: 2026-08-11T12:29:25.648198+00:00
-------------
Batch 0Nm_BPFI_03:41 from Motor3 received. Processing...
FFT for batch 0Nm_BPFI_03:41 published to Enterprise/Site/Area/Motor3/Analysis/Vibration/fft
Prediction for batch 0Nm_BPFI_03:41 published to Enterprise/Site/Area/Motor3/Analysis/Diagnosis/prediction
-----------------------------------------
[Motor2] raw_latency_ms=527.809
[Motor2] EDGE UTC : 2026-08-11T12:29:25.820459+00:00
[Motor2] CLOUD UTC: 2026-08-11T12:29:26.348268+00:00
-------------
Batch 0Nm_BPFI_03:92 from Motor2 received. Processing...
FFT for batch 0Nm_BPFI_03:92 published to Enterprise/Site/Area/Motor2/Analysis/Vibration/fft
Prediction for batch 0Nm_BPFI_03:92 published to Enterprise/Site/Area/Motor2/Analysis/Diagnosis/prediction
-----------------------------------------
[Motor1] raw_latency_ms=701.725
[Motor1] EDGE UTC : 2026-08-11T12:29:25.754037+00:00
[Motor1] CLOUD UTC: 2026-08-11T12:29:26.455762+00:00
-------------
Batch 0Nm_BPFI_03:93 from Motor1 received. Processing...
FFT for batch 0Nm_BPFI_03:93 published to Enterprise/Site/Area/Motor1/Analysis/Vibration/fft
Prediction for batch 0Nm_BPFI_03:93 published to Enterprise/Site/Area/Motor1/Analysis/Diagnosis/prediction
-----------------------------------------
[Motor3] raw_latency_ms=420.213
[Motor3] EDGE UTC : 2026-08-11T12:29:26.168859+00:00
[Motor3] CLOUD UTC: 2026-08-11T12:29:26.589072+00:00
-------------
Batch 0Nm_BPFI_03:42 from Motor3 received. Processing...
FFT for batch 0Nm_BPFI_03:42 published to Enterprise/Site/Area/Motor3/Analysis/Vibration/fft
Prediction for batch 0Nm_BPFI_03:42 published to Enterprise/Site/Area/Motor3/Analysis/Diagnosis/prediction
-----------------------------------------
[Motor1] raw_latency_ms=543.126
[Motor1] EDGE UTC : 2026-08-11T12:29:26.797252+00:00
[Motor1] CLOUD UTC: 2026-08-11T12:29:27.340379+00:00
-------------
Batch 0Nm_BPFI_03:94 from Motor1 received. Processing...
FFT for batch 0Nm_BPFI_03:94 published to Enterprise/Site/Area/Motor1/Analysis/Vibration/fft
Prediction for batch 0Nm_BPFI_03:94 published to Enterprise/Site/Area/Motor1/Analysis/Diagnosis/prediction
-----------------------------------------
[Motor2] raw_latency_ms=579.785
[Motor2] EDGE UTC : 2026-08-11T12:29:26.869588+00:00
[Motor2] CLOUD UTC: 2026-08-11T12:29:27.449373+00:00
-------------
Batch 0Nm_BPFI_03:93 from Motor2 received. Processing...
FFT for batch 0Nm_BPFI_03:93 published to Enterprise/Site/Area/Motor2/Analysis/Vibration/fft
Prediction for batch 0Nm_BPFI_03:93 published to Enterprise/Site/Area/Motor2/Analysis/Diagnosis/prediction
-----------------------------------------
[Motor3] raw_latency_ms=385.534
[Motor3] EDGE UTC : 2026-08-11T12:29:27.174198+00:00
[Motor3] CLOUD UTC: 2026-08-11T12:29:27.559732+00:00
-------------
Batch 0Nm_BPFI_03:43 from Motor3 received. Processing...
FFT for batch 0Nm_BPFI_03:43 published to Enterprise/Site/Area/Motor3/Analysis/Vibration/fft
Prediction for batch 0Nm_BPFI_03:43 published to Enterprise/Site/Area/Motor3/Analysis/Diagnosis/prediction
-----------------------------------------
[Motor2] raw_latency_ms=543.064
[Motor2] EDGE UTC : 2026-08-11T12:29:27.917828+00:00
[Motor2] CLOUD UTC: 2026-08-11T12:29:28.460892+00:00
-------------
Batch 0Nm_BPFI_03:94 from Motor2 received. Processing...
FFT for batch 0Nm_BPFI_03:94 published to Enterprise/Site/Area/Motor2/Analysis/Vibration/fft
Prediction for batch 0Nm_BPFI_03:94 published to Enterprise/Site/Area/Motor2/Analysis/Diagnosis/prediction
-----------------------------------------
[Motor3] raw_latency_ms=386.943
[Motor3] EDGE UTC : 2026-08-11T12:29:28.181747+00:00
[Motor3] CLOUD UTC: 2026-08-11T12:29:28.568690+00:00
-------------
Batch 0Nm_BPFI_03:44 from Motor3 received. Processing...
FFT for batch 0Nm_BPFI_03:44 published to Enterprise/Site/Area/Motor3/Analysis/Vibration/fft
Prediction for batch 0Nm_BPFI_03:44 published to Enterprise/Site/Area/Motor3/Analysis/Diagnosis/prediction
-----------------------------------------
[Motor1] raw_latency_ms=853.704
[Motor1] EDGE UTC : 2026-08-11T12:29:27.840294+00:00
[Motor1] CLOUD UTC: 2026-08-11T12:29:28.693998+00:00
-------------
Batch 0Nm_BPFI_03:95 from Motor1 received. Processing...
FFT for batch 0Nm_BPFI_03:95 published to Enterprise/Site/Area/Motor1/Analysis/Vibration/fft
Prediction for batch 0Nm_BPFI_03:95 published to Enterprise/Site/Area/Motor1/Analysis/Diagnosis/prediction
-----------------------------------------
[Motor1] raw_latency_ms=546.963
[Motor1] EDGE UTC : 2026-08-11T12:29:28.883723+00:00
[Motor1] CLOUD UTC: 2026-08-11T12:29:29.430686+00:00
-------------
Batch 0Nm_BPFI_03:96 from Motor1 received. Processing...
FFT for batch 0Nm_BPFI_03:96 published to Enterprise/Site/Area/Motor1/Analysis/Vibration/fft
Prediction for batch 0Nm_BPFI_03:96 published to Enterprise/Site/Area/Motor1/Analysis/Diagnosis/prediction
-----------------------------------------
[Motor2] raw_latency_ms=577.456
[Motor2] EDGE UTC : 2026-08-11T12:29:28.961206+00:00
[Motor2] CLOUD UTC: 2026-08-11T12:29:29.538662+00:00
-------------
Batch 0Nm_BPFI_03:95 from Motor2 received. Processing...
FFT for batch 0Nm_BPFI_03:95 published to Enterprise/Site/Area/Motor2/Analysis/Vibration/fft
Prediction for batch 0Nm_BPFI_03:95 published to Enterprise/Site/Area/Motor2/Analysis/Diagnosis/prediction
-----------------------------------------
[Motor3] raw_latency_ms=463.379
[Motor3] EDGE UTC : 2026-08-11T12:29:29.187208+00:00
[Motor3] CLOUD UTC: 2026-08-11T12:29:29.650587+00:00
-------------
Batch 0Nm_BPFI_03:45 from Motor3 received. Processing...
FFT for batch 0Nm_BPFI_03:45 published to Enterprise/Site/Area/Motor3/Analysis/Vibration/fft
Prediction for batch 0Nm_BPFI_03:45 published to Enterprise/Site/Area/Motor3/Analysis/Diagnosis/prediction
-----------------------------------------
[Motor3] raw_latency_ms=309.766
[Motor3] EDGE UTC : 2026-08-11T12:29:30.192990+00:00
[Motor3] CLOUD UTC: 2026-08-11T12:29:30.502756+00:00
-------------
Batch 0Nm_BPFI_03:46 from Motor3 received. Processing...
FFT for batch 0Nm_BPFI_03:46 published to Enterprise/Site/Area/Motor3/Analysis/Vibration/fft
Prediction for batch 0Nm_BPFI_03:46 published to Enterprise/Site/Area/Motor3/Analysis/Diagnosis/prediction
-----------------------------------------
[Motor2] raw_latency_ms=598.670
[Motor2] EDGE UTC : 2026-08-11T12:29:30.011411+00:00
[Motor2] CLOUD UTC: 2026-08-11T12:29:30.610082+00:00
-------------
Batch 0Nm_BPFI_03:96 from Motor2 received. Processing...
FFT for batch 0Nm_BPFI_03:96 published to Enterprise/Site/Area/Motor2/Analysis/Vibration/fft
Prediction for batch 0Nm_BPFI_03:96 published to Enterprise/Site/Area/Motor2/Analysis/Diagnosis/prediction
-----------------------------------------
[Motor1] raw_latency_ms=834.691
[Motor1] EDGE UTC : 2026-08-11T12:29:29.927178+00:00
[Motor1] CLOUD UTC: 2026-08-11T12:29:30.761869+00:00
-------------
Batch 0Nm_BPFI_03:97 from Motor1 received. Processing...
FFT for batch 0Nm_BPFI_03:97 published to Enterprise/Site/Area/Motor1/Analysis/Vibration/fft
Prediction for batch 0Nm_BPFI_03:97 published to Enterprise/Site/Area/Motor1/Analysis/Diagnosis/prediction
-----------------------------------------
[Motor1] raw_latency_ms=532.196
[Motor1] EDGE UTC : 2026-08-11T12:29:30.970586+00:00
[Motor1] CLOUD UTC: 2026-08-11T12:29:31.502782+00:00
-------------
Batch 0Nm_BPFI_03:98 from Motor1 received. Processing...
FFT for batch 0Nm_BPFI_03:98 published to Enterprise/Site/Area/Motor1/Analysis/Vibration/fft
Prediction for batch 0Nm_BPFI_03:98 published to Enterprise/Site/Area/Motor1/Analysis/Diagnosis/prediction
-----------------------------------------
[Motor3] raw_latency_ms=410.238
[Motor3] EDGE UTC : 2026-08-11T12:29:31.199574+00:00
[Motor3] CLOUD UTC: 2026-08-11T12:29:31.609813+00:00
-------------
Batch 0Nm_BPFI_03:47 from Motor3 received. Processing...
FFT for batch 0Nm_BPFI_03:47 published to Enterprise/Site/Area/Motor3/Analysis/Vibration/fft
Prediction for batch 0Nm_BPFI_03:47 published to Enterprise/Site/Area/Motor3/Analysis/Diagnosis/prediction
-----------------------------------------
[Motor2] raw_latency_ms=701.168
[Motor2] EDGE UTC : 2026-08-11T12:29:31.060135+00:00
[Motor2] CLOUD UTC: 2026-08-11T12:29:31.761303+00:00
-------------
Batch 0Nm_BPFI_03:97 from Motor2 received. Processing...
FFT for batch 0Nm_BPFI_03:97 published to Enterprise/Site/Area/Motor2/Analysis/Vibration/fft
Prediction for batch 0Nm_BPFI_03:97 published to Enterprise/Site/Area/Motor2/Analysis/Diagnosis/prediction
-----------------------------------------
[Motor3] raw_latency_ms=307.029
[Motor3] EDGE UTC : 2026-08-11T12:29:32.202841+00:00
[Motor3] CLOUD UTC: 2026-08-11T12:29:32.509870+00:00
-------------
Batch 0Nm_BPFI_03:48 from Motor3 received. Processing...
FFT for batch 0Nm_BPFI_03:48 published to Enterprise/Site/Area/Motor3/Analysis/Vibration/fft
Prediction for batch 0Nm_BPFI_03:48 published to Enterprise/Site/Area/Motor3/Analysis/Diagnosis/prediction
-----------------------------------------
[Motor2] raw_latency_ms=537.523
[Motor2] EDGE UTC : 2026-08-11T12:29:32.079245+00:00
[Motor2] CLOUD UTC: 2026-08-11T12:29:32.616768+00:00
-------------
Batch 0Nm_BPFI_03:98 from Motor2 received. Processing...
FFT for batch 0Nm_BPFI_03:98 published to Enterprise/Site/Area/Motor2/Analysis/Vibration/fft
Prediction for batch 0Nm_BPFI_03:98 published to Enterprise/Site/Area/Motor2/Analysis/Diagnosis/prediction
-----------------------------------------
[Motor1] raw_latency_ms=716.685
[Motor1] EDGE UTC : 2026-08-11T12:29:32.013905+00:00
[Motor1] CLOUD UTC: 2026-08-11T12:29:32.730590+00:00
-------------
Batch 0Nm_BPFI_03:99 from Motor1 received. Processing...
FFT for batch 0Nm_BPFI_03:99 published to Enterprise/Site/Area/Motor1/Analysis/Vibration/fft
Prediction for batch 0Nm_BPFI_03:99 published to Enterprise/Site/Area/Motor1/Analysis/Diagnosis/prediction
-----------------------------------------
[Motor3] raw_latency_ms=295.005
[Motor3] EDGE UTC : 2026-08-11T12:29:33.208427+00:00
[Motor3] CLOUD UTC: 2026-08-11T12:29:33.503433+00:00
-------------
Batch 0Nm_BPFI_03:49 from Motor3 received. Processing...
FFT for batch 0Nm_BPFI_03:49 published to Enterprise/Site/Area/Motor3/Analysis/Vibration/fft
Prediction for batch 0Nm_BPFI_03:49 published to Enterprise/Site/Area/Motor3/Analysis/Diagnosis/prediction
-----------------------------------------
[Motor1] raw_latency_ms=562.032
[Motor1] EDGE UTC : 2026-08-11T12:29:33.050992+00:00
[Motor1] CLOUD UTC: 2026-08-11T12:29:33.613024+00:00
-------------
Batch 0Nm_BPFI_03:100 from Motor1 received. Processing...
FFT for batch 0Nm_BPFI_03:100 published to Enterprise/Site/Area/Motor1/Analysis/Vibration/fft
Prediction for batch 0Nm_BPFI_03:100 published to Enterprise/Site/Area/Motor1/Analysis/Diagnosis/prediction
-----------------------------------------
[Motor2] raw_latency_ms=626.117
[Motor2] EDGE UTC : 2026-08-11T12:29:33.098361+00:00
[Motor2] CLOUD UTC: 2026-08-11T12:29:33.724479+00:00
-------------
Batch 0Nm_BPFI_03:99 from Motor2 received. Processing...
FFT for batch 0Nm_BPFI_03:99 published to Enterprise/Site/Area/Motor2/Analysis/Vibration/fft
Prediction for batch 0Nm_BPFI_03:99 published to Enterprise/Site/Area/Motor2/Analysis/Diagnosis/prediction
-----------------------------------------
[Motor3] raw_latency_ms=307.299
[Motor3] EDGE UTC : 2026-08-11T12:29:34.215184+00:00
[Motor3] CLOUD UTC: 2026-08-11T12:29:34.522483+00:00
-------------
Batch 0Nm_BPFI_03:50 from Motor3 received. Processing...
FFT for batch 0Nm_BPFI_03:50 published to Enterprise/Site/Area/Motor3/Analysis/Vibration/fft
Prediction for batch 0Nm_BPFI_03:50 published to Enterprise/Site/Area/Motor3/Analysis/Diagnosis/prediction
-----------------------------------------
[Motor2] raw_latency_ms=509.785
[Motor2] EDGE UTC : 2026-08-11T12:29:34.120839+00:00
[Motor2] CLOUD UTC: 2026-08-11T12:29:34.630624+00:00
-------------
Batch 0Nm_BPFI_03:100 from Motor2 received. Processing...
FFT for batch 0Nm_BPFI_03:100 published to Enterprise/Site/Area/Motor2/Analysis/Vibration/fft
Prediction for batch 0Nm_BPFI_03:100 published to Enterprise/Site/Area/Motor2/Analysis/Diagnosis/prediction
-----------------------------------------
[Motor1] raw_latency_ms=655.575
[Motor1] EDGE UTC : 2026-08-11T12:29:34.088511+00:00
[Motor1] CLOUD UTC: 2026-08-11T12:29:34.744087+00:00
-------------
Batch 0Nm_BPFI_03:101 from Motor1 received. Processing...
FFT for batch 0Nm_BPFI_03:101 published to Enterprise/Site/Area/Motor1/Analysis/Vibration/fft
Prediction for batch 0Nm_BPFI_03:101 published to Enterprise/Site/Area/Motor1/Analysis/Diagnosis/prediction
-----------------------------------------
[Motor1] raw_latency_ms=525.651
[Motor1] EDGE UTC : 2026-08-11T12:29:35.126085+00:00
[Motor1] CLOUD UTC: 2026-08-11T12:29:35.651736+00:00
-------------
Batch 0Nm_BPFI_03:102 from Motor1 received. Processing...
FFT for batch 0Nm_BPFI_03:102 published to Enterprise/Site/Area/Motor1/Analysis/Vibration/fft
Prediction for batch 0Nm_BPFI_03:102 published to Enterprise/Site/Area/Motor1/Analysis/Diagnosis/prediction
-----------------------------------------
[Motor2] raw_latency_ms=617.648
[Motor2] EDGE UTC : 2026-08-11T12:29:35.140370+00:00
[Motor2] CLOUD UTC: 2026-08-11T12:29:35.758018+00:00
-------------
Batch 0Nm_BPFI_03:101 from Motor2 received. Processing...
FFT for batch 0Nm_BPFI_03:101 published to Enterprise/Site/Area/Motor2/Analysis/Vibration/fft
Prediction for batch 0Nm_BPFI_03:101 published to Enterprise/Site/Area/Motor2/Analysis/Diagnosis/prediction
-----------------------------------------
[Motor3] raw_latency_ms=646.810
[Motor3] EDGE UTC : 2026-08-11T12:29:35.223301+00:00
[Motor3] CLOUD UTC: 2026-08-11T12:29:35.870112+00:00
-------------
Batch 0Nm_BPFI_03:51 from Motor3 received. Processing...
FFT for batch 0Nm_BPFI_03:51 published to Enterprise/Site/Area/Motor3/Analysis/Vibration/fft
Prediction for batch 0Nm_BPFI_03:51 published to Enterprise/Site/Area/Motor3/Analysis/Diagnosis/prediction
-----------------------------------------
[Motor3] raw_latency_ms=338.280
[Motor3] EDGE UTC : 2026-08-11T12:29:36.228539+00:00
[Motor3] CLOUD UTC: 2026-08-11T12:29:36.566819+00:00
-------------
Batch 0Nm_BPFI_03:52 from Motor3 received. Processing...
FFT for batch 0Nm_BPFI_03:52 published to Enterprise/Site/Area/Motor3/Analysis/Vibration/fft
Prediction for batch 0Nm_BPFI_03:52 published to Enterprise/Site/Area/Motor3/Analysis/Diagnosis/prediction
-----------------------------------------
[Motor1] raw_latency_ms=575.147
[Motor1] EDGE UTC : 2026-08-11T12:29:36.163267+00:00
[Motor1] CLOUD UTC: 2026-08-11T12:29:36.738414+00:00
-------------
Batch 0Nm_BPFI_03:103 from Motor1 received. Processing...
FFT for batch 0Nm_BPFI_03:103 published to Enterprise/Site/Area/Motor1/Analysis/Vibration/fft
Prediction for batch 0Nm_BPFI_03:103 published to Enterprise/Site/Area/Motor1/Analysis/Diagnosis/prediction
-----------------------------------------
[Motor2] raw_latency_ms=761.182
[Motor2] EDGE UTC : 2026-08-11T12:29:36.186064+00:00
[Motor2] CLOUD UTC: 2026-08-11T12:29:36.947246+00:00
-------------
Batch 0Nm_BPFI_03:102 from Motor2 received. Processing...
FFT for batch 0Nm_BPFI_03:102 published to Enterprise/Site/Area/Motor2/Analysis/Vibration/fft
Prediction for batch 0Nm_BPFI_03:102 published to Enterprise/Site/Area/Motor2/Analysis/Diagnosis/prediction
-----------------------------------------
[Motor3] raw_latency_ms=338.463
[Motor3] EDGE UTC : 2026-08-11T12:29:37.232717+00:00
[Motor3] CLOUD UTC: 2026-08-11T12:29:37.571181+00:00
-------------
Batch 0Nm_BPFI_03:53 from Motor3 received. Processing...
FFT for batch 0Nm_BPFI_03:53 published to Enterprise/Site/Area/Motor3/Analysis/Vibration/fft
Prediction for batch 0Nm_BPFI_03:53 published to Enterprise/Site/Area/Motor3/Analysis/Diagnosis/prediction
-----------------------------------------
[Motor1] raw_latency_ms=553.162
[Motor1] EDGE UTC : 2026-08-11T12:29:37.200514+00:00
[Motor1] CLOUD UTC: 2026-08-11T12:29:37.753675+00:00
-------------
Batch 0Nm_BPFI_03:104 from Motor1 received. Processing...
FFT for batch 0Nm_BPFI_03:104 published to Enterprise/Site/Area/Motor1/Analysis/Vibration/fft
Prediction for batch 0Nm_BPFI_03:104 published to Enterprise/Site/Area/Motor1/Analysis/Diagnosis/prediction
-----------------------------------------
[Motor2] raw_latency_ms=728.098
[Motor2] EDGE UTC : 2026-08-11T12:29:37.236786+00:00
[Motor2] CLOUD UTC: 2026-08-11T12:29:37.964884+00:00
-------------
Batch 0Nm_BPFI_03:103 from Motor2 received. Processing...
FFT for batch 0Nm_BPFI_03:103 published to Enterprise/Site/Area/Motor2/Analysis/Vibration/fft
Prediction for batch 0Nm_BPFI_03:103 published to Enterprise/Site/Area/Motor2/Analysis/Diagnosis/prediction
-----------------------------------------
[Motor3] raw_latency_ms=224.836
[Motor3] EDGE UTC : 2026-08-11T12:29:38.236025+00:00
[Motor3] CLOUD UTC: 2026-08-11T12:29:38.460861+00:00
-------------
Batch 0Nm_BPFI_03:54 from Motor3 received. Processing...
FFT for batch 0Nm_BPFI_03:54 published to Enterprise/Site/Area/Motor3/Analysis/Vibration/fft
Prediction for batch 0Nm_BPFI_03:54 published to Enterprise/Site/Area/Motor3/Analysis/Diagnosis/prediction
-----------------------------------------
[Motor2] raw_latency_ms=586.244
[Motor2] EDGE UTC : 2026-08-11T12:29:38.288761+00:00
[Motor2] CLOUD UTC: 2026-08-11T12:29:38.875006+00:00
-------------
Batch 0Nm_BPFI_03:104 from Motor2 received. Processing...
FFT for batch 0Nm_BPFI_03:104 published to Enterprise/Site/Area/Motor2/Analysis/Vibration/fft
Prediction for batch 0Nm_BPFI_03:104 published to Enterprise/Site/Area/Motor2/Analysis/Diagnosis/prediction
-----------------------------------------
[Motor1] raw_latency_ms=667.156
[Motor1] EDGE UTC : 2026-08-11T12:29:38.371860+00:00
[Motor1] CLOUD UTC: 2026-08-11T12:29:39.039016+00:00
-------------
Batch 0Nm_BPFI_03:105 from Motor1 received. Processing...
FFT for batch 0Nm_BPFI_03:105 published to Enterprise/Site/Area/Motor1/Analysis/Vibration/fft
Prediction for batch 0Nm_BPFI_03:105 published to Enterprise/Site/Area/Motor1/Analysis/Diagnosis/prediction
-----------------------------------------
[Motor3] raw_latency_ms=222.846
[Motor3] EDGE UTC : 2026-08-11T12:29:39.241616+00:00
[Motor3] CLOUD UTC: 2026-08-11T12:29:39.464462+00:00
-------------
Batch 0Nm_BPFI_03:55 from Motor3 received. Processing...
FFT for batch 0Nm_BPFI_03:55 published to Enterprise/Site/Area/Motor3/Analysis/Vibration/fft
Prediction for batch 0Nm_BPFI_03:55 published to Enterprise/Site/Area/Motor3/Analysis/Diagnosis/prediction
-----------------------------------------
[Motor1] raw_latency_ms=423.255
[Motor1] EDGE UTC : 2026-08-11T12:29:39.409741+00:00
[Motor1] CLOUD UTC: 2026-08-11T12:29:39.832996+00:00
-------------
Batch 0Nm_BPFI_03:106 from Motor1 received. Processing...
FFT for batch 0Nm_BPFI_03:106 published to Enterprise/Site/Area/Motor1/Analysis/Vibration/fft
Prediction for batch 0Nm_BPFI_03:106 published to Enterprise/Site/Area/Motor1/Analysis/Diagnosis/prediction
-----------------------------------------
[Motor2] raw_latency_ms=702.949
[Motor2] EDGE UTC : 2026-08-11T12:29:39.308944+00:00
[Motor2] CLOUD UTC: 2026-08-11T12:29:40.011894+00:00
-------------
Batch 0Nm_BPFI_03:105 from Motor2 received. Processing...
FFT for batch 0Nm_BPFI_03:105 published to Enterprise/Site/Area/Motor2/Analysis/Vibration/fft
Prediction for batch 0Nm_BPFI_03:105 published to Enterprise/Site/Area/Motor2/Analysis/Diagnosis/prediction
-----------------------------------------
[Motor3] raw_latency_ms=223.476
[Motor3] EDGE UTC : 2026-08-11T12:29:40.247416+00:00
[Motor3] CLOUD UTC: 2026-08-11T12:29:40.470892+00:00
-------------
Batch 0Nm_BPFI_03:56 from Motor3 received. Processing...
FFT for batch 0Nm_BPFI_03:56 published to Enterprise/Site/Area/Motor3/Analysis/Vibration/fft
Prediction for batch 0Nm_BPFI_03:56 published to Enterprise/Site/Area/Motor3/Analysis/Diagnosis/prediction
-----------------------------------------
[Motor2] raw_latency_ms=588.254
[Motor2] EDGE UTC : 2026-08-11T12:29:40.328112+00:00
[Motor2] CLOUD UTC: 2026-08-11T12:29:40.916366+00:00
-------------
Batch 0Nm_BPFI_03:106 from Motor2 received. Processing...
FFT for batch 0Nm_BPFI_03:106 published to Enterprise/Site/Area/Motor2/Analysis/Vibration/fft
Prediction for batch 0Nm_BPFI_03:106 published to Enterprise/Site/Area/Motor2/Analysis/Diagnosis/prediction
-----------------------------------------
[Motor1] raw_latency_ms=576.327
[Motor1] EDGE UTC : 2026-08-11T12:29:40.447013+00:00
[Motor1] CLOUD UTC: 2026-08-11T12:29:41.023340+00:00
-------------
Batch 0Nm_BPFI_03:107 from Motor1 received. Processing...
FFT for batch 0Nm_BPFI_03:107 published to Enterprise/Site/Area/Motor1/Analysis/Vibration/fft
Prediction for batch 0Nm_BPFI_03:107 published to Enterprise/Site/Area/Motor1/Analysis/Diagnosis/prediction
-----------------------------------------
[Motor3] raw_latency_ms=221.155
[Motor3] EDGE UTC : 2026-08-11T12:29:41.250491+00:00
[Motor3] CLOUD UTC: 2026-08-11T12:29:41.471646+00:00
-------------
Batch 0Nm_BPFI_03:57 from Motor3 received. Processing...
FFT for batch 0Nm_BPFI_03:57 published to Enterprise/Site/Area/Motor3/Analysis/Vibration/fft
Prediction for batch 0Nm_BPFI_03:57 published to Enterprise/Site/Area/Motor3/Analysis/Diagnosis/prediction
-----------------------------------------
[Motor1] raw_latency_ms=428.476
[Motor1] EDGE UTC : 2026-08-11T12:29:41.484873+00:00
[Motor1] CLOUD UTC: 2026-08-11T12:29:41.913349+00:00
-------------
Batch 0Nm_BPFI_03:108 from Motor1 received. Processing...
FFT for batch 0Nm_BPFI_03:108 published to Enterprise/Site/Area/Motor1/Analysis/Vibration/fft
Prediction for batch 0Nm_BPFI_03:108 published to Enterprise/Site/Area/Motor1/Analysis/Diagnosis/prediction
-----------------------------------------
[Motor2] raw_latency_ms=675.717
[Motor2] EDGE UTC : 2026-08-11T12:29:41.347216+00:00
[Motor2] CLOUD UTC: 2026-08-11T12:29:42.022933+00:00
-------------
Batch 0Nm_BPFI_03:107 from Motor2 received. Processing...
FFT for batch 0Nm_BPFI_03:107 published to Enterprise/Site/Area/Motor2/Analysis/Vibration/fft
Prediction for batch 0Nm_BPFI_03:107 published to Enterprise/Site/Area/Motor2/Analysis/Diagnosis/prediction
-----------------------------------------
[Motor3] raw_latency_ms=242.897
[Motor3] EDGE UTC : 2026-08-11T12:29:42.258307+00:00
[Motor3] CLOUD UTC: 2026-08-11T12:29:42.501204+00:00
-------------
Batch 0Nm_BPFI_03:58 from Motor3 received. Processing...
FFT for batch 0Nm_BPFI_03:58 published to Enterprise/Site/Area/Motor3/Analysis/Vibration/fft
Prediction for batch 0Nm_BPFI_03:58 published to Enterprise/Site/Area/Motor3/Analysis/Diagnosis/prediction
-----------------------------------------
[Motor2] raw_latency_ms=700.496
[Motor2] EDGE UTC : 2026-08-11T12:29:42.366846+00:00
[Motor2] CLOUD UTC: 2026-08-11T12:29:43.067342+00:00
-------------
Batch 0Nm_BPFI_03:108 from Motor2 received. Processing...
FFT for batch 0Nm_BPFI_03:108 published to Enterprise/Site/Area/Motor2/Analysis/Vibration/fft
Prediction for batch 0Nm_BPFI_03:108 published to Enterprise/Site/Area/Motor2/Analysis/Diagnosis/prediction
-----------------------------------------
[Motor1] raw_latency_ms=656.591
[Motor1] EDGE UTC : 2026-08-11T12:29:42.521936+00:00
[Motor1] CLOUD UTC: 2026-08-11T12:29:43.178527+00:00
-------------
Batch 0Nm_BPFI_03:109 from Motor1 received. Processing...
FFT for batch 0Nm_BPFI_03:109 published to Enterprise/Site/Area/Motor1/Analysis/Vibration/fft
Prediction for batch 0Nm_BPFI_03:109 published to Enterprise/Site/Area/Motor1/Analysis/Diagnosis/prediction
-----------------------------------------
[Motor3] raw_latency_ms=223.611
[Motor3] EDGE UTC : 2026-08-11T12:29:43.265291+00:00
[Motor3] CLOUD UTC: 2026-08-11T12:29:43.488903+00:00
-------------
Batch 0Nm_BPFI_03:59 from Motor3 received. Processing...
FFT for batch 0Nm_BPFI_03:59 published to Enterprise/Site/Area/Motor3/Analysis/Vibration/fft
Prediction for batch 0Nm_BPFI_03:59 published to Enterprise/Site/Area/Motor3/Analysis/Diagnosis/prediction
-----------------------------------------
[Motor1] raw_latency_ms=430.580
[Motor1] EDGE UTC : 2026-08-11T12:29:43.559538+00:00
[Motor1] CLOUD UTC: 2026-08-11T12:29:43.990119+00:00
-------------
Batch 0Nm_BPFI_03:110 from Motor1 received. Processing...
FFT for batch 0Nm_BPFI_03:110 published to Enterprise/Site/Area/Motor1/Analysis/Vibration/fft
Prediction for batch 0Nm_BPFI_03:110 published to Enterprise/Site/Area/Motor1/Analysis/Diagnosis/prediction
-----------------------------------------
[Motor2] raw_latency_ms=690.111
[Motor2] EDGE UTC : 2026-08-11T12:29:43.412652+00:00
[Motor2] CLOUD UTC: 2026-08-11T12:29:44.102763+00:00
-------------
Batch 0Nm_BPFI_03:109 from Motor2 received. Processing...
FFT for batch 0Nm_BPFI_03:109 published to Enterprise/Site/Area/Motor2/Analysis/Vibration/fft
Prediction for batch 0Nm_BPFI_03:109 published to Enterprise/Site/Area/Motor2/Analysis/Diagnosis/prediction
-----------------------------------------
[Motor3] raw_latency_ms=224.554
[Motor3] EDGE UTC : 2026-08-11T12:29:44.290964+00:00
[Motor3] CLOUD UTC: 2026-08-11T12:29:44.515518+00:00
-------------
Batch 0Nm_BPFI_03:60 from Motor3 received. Processing...
FFT for batch 0Nm_BPFI_03:60 published to Enterprise/Site/Area/Motor3/Analysis/Vibration/fft
Prediction for batch 0Nm_BPFI_03:60 published to Enterprise/Site/Area/Motor3/Analysis/Diagnosis/prediction
-----------------------------------------
[Motor2] raw_latency_ms=612.837
[Motor2] EDGE UTC : 2026-08-11T12:29:44.462466+00:00
[Motor2] CLOUD UTC: 2026-08-11T12:29:45.075303+00:00
-------------
Batch 0Nm_BPFI_03:110 from Motor2 received. Processing...
FFT for batch 0Nm_BPFI_03:110 published to Enterprise/Site/Area/Motor2/Analysis/Vibration/fft
Prediction for batch 0Nm_BPFI_03:110 published to Enterprise/Site/Area/Motor2/Analysis/Diagnosis/prediction
-----------------------------------------
[Motor1] raw_latency_ms=591.088
[Motor1] EDGE UTC : 2026-08-11T12:29:44.596779+00:00
[Motor1] CLOUD UTC: 2026-08-11T12:29:45.187867+00:00
-------------
Batch 0Nm_BPFI_03:111 from Motor1 received. Processing...
FFT for batch 0Nm_BPFI_03:111 published to Enterprise/Site/Area/Motor1/Analysis/Vibration/fft
Prediction for batch 0Nm_BPFI_03:111 published to Enterprise/Site/Area/Motor1/Analysis/Diagnosis/prediction
-----------------------------------------
[Motor3] raw_latency_ms=227.646
[Motor3] EDGE UTC : 2026-08-11T12:29:45.294878+00:00
[Motor3] CLOUD UTC: 2026-08-11T12:29:45.522524+00:00
-------------
Batch 0Nm_BPFI_03:61 from Motor3 received. Processing...
FFT for batch 0Nm_BPFI_03:61 published to Enterprise/Site/Area/Motor3/Analysis/Vibration/fft
Prediction for batch 0Nm_BPFI_03:61 published to Enterprise/Site/Area/Motor3/Analysis/Diagnosis/prediction
-----------------------------------------
[Motor1] raw_latency_ms=518.608
[Motor1] EDGE UTC : 2026-08-11T12:29:45.634196+00:00
[Motor1] CLOUD UTC: 2026-08-11T12:29:46.152804+00:00
-------------
Batch 0Nm_BPFI_03:112 from Motor1 received. Processing...
FFT for batch 0Nm_BPFI_03:112 published to Enterprise/Site/Area/Motor1/Analysis/Vibration/fft
Prediction for batch 0Nm_BPFI_03:112 published to Enterprise/Site/Area/Motor1/Analysis/Diagnosis/prediction
-----------------------------------------
[Motor2] raw_latency_ms=746.916
[Motor2] EDGE UTC : 2026-08-11T12:29:45.513891+00:00
[Motor2] CLOUD UTC: 2026-08-11T12:29:46.260807+00:00
-------------
Batch 0Nm_BPFI_03:111 from Motor2 received. Processing...
FFT for batch 0Nm_BPFI_03:111 published to Enterprise/Site/Area/Motor2/Analysis/Vibration/fft
Prediction for batch 0Nm_BPFI_03:111 published to Enterprise/Site/Area/Motor2/Analysis/Diagnosis/prediction
-----------------------------------------
[Motor3] raw_latency_ms=249.506
[Motor3] EDGE UTC : 2026-08-11T12:29:46.299853+00:00
[Motor3] CLOUD UTC: 2026-08-11T12:29:46.549359+00:00
-------------
Batch 0Nm_BPFI_03:62 from Motor3 received. Processing...
FFT for batch 0Nm_BPFI_03:62 published to Enterprise/Site/Area/Motor3/Analysis/Vibration/fft
Prediction for batch 0Nm_BPFI_03:62 published to Enterprise/Site/Area/Motor3/Analysis/Diagnosis/prediction
-----------------------------------------
[Motor1] raw_latency_ms=441.568
[Motor1] EDGE UTC : 2026-08-11T12:29:46.671526+00:00
[Motor1] CLOUD UTC: 2026-08-11T12:29:47.113094+00:00
-------------
Batch 0Nm_BPFI_03:113 from Motor1 received. Processing...
FFT for batch 0Nm_BPFI_03:113 published to Enterprise/Site/Area/Motor1/Analysis/Vibration/fft
Prediction for batch 0Nm_BPFI_03:113 published to Enterprise/Site/Area/Motor1/Analysis/Diagnosis/prediction
-----------------------------------------
[Motor2] raw_latency_ms=658.989
[Motor2] EDGE UTC : 2026-08-11T12:29:46.564609+00:00
[Motor2] CLOUD UTC: 2026-08-11T12:29:47.223598+00:00
-------------
Batch 0Nm_BPFI_03:112 from Motor2 received. Processing...
FFT for batch 0Nm_BPFI_03:112 published to Enterprise/Site/Area/Motor2/Analysis/Vibration/fft
Prediction for batch 0Nm_BPFI_03:112 published to Enterprise/Site/Area/Motor2/Analysis/Diagnosis/prediction
-----------------------------------------
[Motor3] raw_latency_ms=225.694
[Motor3] EDGE UTC : 2026-08-11T12:29:47.308369+00:00
[Motor3] CLOUD UTC: 2026-08-11T12:29:47.534063+00:00
-------------
Batch 0Nm_BPFI_03:63 from Motor3 received. Processing...
FFT for batch 0Nm_BPFI_03:63 published to Enterprise/Site/Area/Motor3/Analysis/Vibration/fft
Prediction for batch 0Nm_BPFI_03:63 published to Enterprise/Site/Area/Motor3/Analysis/Diagnosis/prediction
-----------------------------------------
[Motor1] raw_latency_ms=535.480
[Motor1] EDGE UTC : 2026-08-11T12:29:47.709058+00:00
[Motor1] CLOUD UTC: 2026-08-11T12:29:48.244538+00:00
-------------
Batch 0Nm_BPFI_03:114 from Motor1 received. Processing...
FFT for batch 0Nm_BPFI_03:114 published to Enterprise/Site/Area/Motor1/Analysis/Vibration/fft
Prediction for batch 0Nm_BPFI_03:114 published to Enterprise/Site/Area/Motor1/Analysis/Diagnosis/prediction
-----------------------------------------
[Motor2] raw_latency_ms=741.410
[Motor2] EDGE UTC : 2026-08-11T12:29:47.610079+00:00
[Motor2] CLOUD UTC: 2026-08-11T12:29:48.351489+00:00
-------------
Batch 0Nm_BPFI_03:113 from Motor2 received. Processing...
FFT for batch 0Nm_BPFI_03:113 published to Enterprise/Site/Area/Motor2/Analysis/Vibration/fft
Prediction for batch 0Nm_BPFI_03:113 published to Enterprise/Site/Area/Motor2/Analysis/Diagnosis/prediction
-----------------------------------------
[Motor3] raw_latency_ms=223.388
[Motor3] EDGE UTC : 2026-08-11T12:29:48.313017+00:00
[Motor3] CLOUD UTC: 2026-08-11T12:29:48.536404+00:00
-------------
Batch 0Nm_BPFI_03:64 from Motor3 received. Processing...
FFT for batch 0Nm_BPFI_03:64 published to Enterprise/Site/Area/Motor3/Analysis/Vibration/fft
Prediction for batch 0Nm_BPFI_03:64 published to Enterprise/Site/Area/Motor3/Analysis/Diagnosis/prediction
-----------------------------------------
[Motor1] raw_latency_ms=576.755
[Motor1] EDGE UTC : 2026-08-11T12:29:48.746330+00:00
[Motor1] CLOUD UTC: 2026-08-11T12:29:49.323085+00:00
-------------
Batch 0Nm_BPFI_03:115 from Motor1 received. Processing...
FFT for batch 0Nm_BPFI_03:115 published to Enterprise/Site/Area/Motor1/Analysis/Vibration/fft
Prediction for batch 0Nm_BPFI_03:115 published to Enterprise/Site/Area/Motor1/Analysis/Diagnosis/prediction
-----------------------------------------
[Motor2] raw_latency_ms=774.521
[Motor2] EDGE UTC : 2026-08-11T12:29:48.659095+00:00
[Motor2] CLOUD UTC: 2026-08-11T12:29:49.433616+00:00
-------------
Batch 0Nm_BPFI_03:114 from Motor2 received. Processing...
FFT for batch 0Nm_BPFI_03:114 published to Enterprise/Site/Area/Motor2/Analysis/Vibration/fft
Prediction for batch 0Nm_BPFI_03:114 published to Enterprise/Site/Area/Motor2/Analysis/Diagnosis/prediction
-----------------------------------------
[Motor3] raw_latency_ms=245.558
[Motor3] EDGE UTC : 2026-08-11T12:29:49.316561+00:00
[Motor3] CLOUD UTC: 2026-08-11T12:29:49.562119+00:00
-------------
Batch 0Nm_BPFI_03:65 from Motor3 received. Processing...
FFT for batch 0Nm_BPFI_03:65 published to Enterprise/Site/Area/Motor3/Analysis/Vibration/fft
Prediction for batch 0Nm_BPFI_03:65 published to Enterprise/Site/Area/Motor3/Analysis/Diagnosis/prediction
-----------------------------------------
[Motor1] raw_latency_ms=524.160
[Motor1] EDGE UTC : 2026-08-11T12:29:49.783722+00:00
[Motor1] CLOUD UTC: 2026-08-11T12:29:50.307882+00:00
-------------
Batch 0Nm_BPFI_03:116 from Motor1 received. Processing...
FFT for batch 0Nm_BPFI_03:116 published to Enterprise/Site/Area/Motor1/Analysis/Vibration/fft
Prediction for batch 0Nm_BPFI_03:116 published to Enterprise/Site/Area/Motor1/Analysis/Diagnosis/prediction
-----------------------------------------
[Motor2] raw_latency_ms=746.280
[Motor2] EDGE UTC : 2026-08-11T12:29:49.708022+00:00
[Motor2] CLOUD UTC: 2026-08-11T12:29:50.454302+00:00
-------------
Batch 0Nm_BPFI_03:115 from Motor2 received. Processing...
FFT for batch 0Nm_BPFI_03:115 published to Enterprise/Site/Area/Motor2/Analysis/Vibration/fft
Prediction for batch 0Nm_BPFI_03:115 published to Enterprise/Site/Area/Motor2/Analysis/Diagnosis/prediction
-----------------------------------------
[Motor3] raw_latency_ms=321.886
[Motor3] EDGE UTC : 2026-08-11T12:29:50.322500+00:00
[Motor3] CLOUD UTC: 2026-08-11T12:29:50.644386+00:00
-------------
Batch 0Nm_BPFI_03:66 from Motor3 received. Processing...
FFT for batch 0Nm_BPFI_03:66 published to Enterprise/Site/Area/Motor3/Analysis/Vibration/fft
Prediction for batch 0Nm_BPFI_03:66 published to Enterprise/Site/Area/Motor3/Analysis/Diagnosis/prediction
-----------------------------------------
[Motor1] raw_latency_ms=566.318
[Motor1] EDGE UTC : 2026-08-11T12:29:50.821109+00:00
[Motor1] CLOUD UTC: 2026-08-11T12:29:51.387426+00:00
-------------
Batch 0Nm_BPFI_03:117 from Motor1 received. Processing...
FFT for batch 0Nm_BPFI_03:117 published to Enterprise/Site/Area/Motor1/Analysis/Vibration/fft
Prediction for batch 0Nm_BPFI_03:117 published to Enterprise/Site/Area/Motor1/Analysis/Diagnosis/prediction
-----------------------------------------
[Motor2] raw_latency_ms=694.953
[Motor2] EDGE UTC : 2026-08-11T12:29:50.859512+00:00
[Motor2] CLOUD UTC: 2026-08-11T12:29:51.554464+00:00
-------------
Batch 0Nm_BPFI_03:116 from Motor2 received. Processing...
FFT for batch 0Nm_BPFI_03:116 published to Enterprise/Site/Area/Motor2/Analysis/Vibration/fft
Prediction for batch 0Nm_BPFI_03:116 published to Enterprise/Site/Area/Motor2/Analysis/Diagnosis/prediction
-----------------------------------------
[Motor3] raw_latency_ms=429.482
[Motor3] EDGE UTC : 2026-08-11T12:29:51.326080+00:00
[Motor3] CLOUD UTC: 2026-08-11T12:29:51.755562+00:00
-------------
Batch 0Nm_BPFI_03:67 from Motor3 received. Processing...
FFT for batch 0Nm_BPFI_03:67 published to Enterprise/Site/Area/Motor3/Analysis/Vibration/fft
Prediction for batch 0Nm_BPFI_03:67 published to Enterprise/Site/Area/Motor3/Analysis/Diagnosis/prediction
-----------------------------------------
[Motor1] raw_latency_ms=527.416
[Motor1] EDGE UTC : 2026-08-11T12:29:51.864178+00:00
[Motor1] CLOUD UTC: 2026-08-11T12:29:52.391594+00:00
-------------
Batch 0Nm_BPFI_03:118 from Motor1 received. Processing...
FFT for batch 0Nm_BPFI_03:118 published to Enterprise/Site/Area/Motor1/Analysis/Vibration/fft
Prediction for batch 0Nm_BPFI_03:118 published to Enterprise/Site/Area/Motor1/Analysis/Diagnosis/prediction
-----------------------------------------
[Motor2] raw_latency_ms=683.832
[Motor2] EDGE UTC : 2026-08-11T12:29:51.909497+00:00
[Motor2] CLOUD UTC: 2026-08-11T12:29:52.593329+00:00
-------------
Batch 0Nm_BPFI_03:117 from Motor2 received. Processing...
FFT for batch 0Nm_BPFI_03:117 published to Enterprise/Site/Area/Motor2/Analysis/Vibration/fft
Prediction for batch 0Nm_BPFI_03:117 published to Enterprise/Site/Area/Motor2/Analysis/Diagnosis/prediction
-----------------------------------------
[Motor3] raw_latency_ms=473.524
[Motor3] EDGE UTC : 2026-08-11T12:29:52.336955+00:00
[Motor3] CLOUD UTC: 2026-08-11T12:29:52.810479+00:00
-------------
Batch 0Nm_BPFI_03:68 from Motor3 received. Processing...
FFT for batch 0Nm_BPFI_03:68 published to Enterprise/Site/Area/Motor3/Analysis/Vibration/fft
Prediction for batch 0Nm_BPFI_03:68 published to Enterprise/Site/Area/Motor3/Analysis/Diagnosis/prediction
-----------------------------------------
[Motor1] raw_latency_ms=543.188
[Motor1] EDGE UTC : 2026-08-11T12:29:52.907547+00:00
[Motor1] CLOUD UTC: 2026-08-11T12:29:53.450736+00:00
-------------
Batch 0Nm_BPFI_03:119 from Motor1 received. Processing...
FFT for batch 0Nm_BPFI_03:119 published to Enterprise/Site/Area/Motor1/Analysis/Vibration/fft
Prediction for batch 0Nm_BPFI_03:119 published to Enterprise/Site/Area/Motor1/Analysis/Diagnosis/prediction
-----------------------------------------
[Motor2] raw_latency_ms=680.924
[Motor2] EDGE UTC : 2026-08-11T12:29:52.954608+00:00
[Motor2] CLOUD UTC: 2026-08-11T12:29:53.635532+00:00
-------------
Batch 0Nm_BPFI_03:118 from Motor2 received. Processing...
FFT for batch 0Nm_BPFI_03:118 published to Enterprise/Site/Area/Motor2/Analysis/Vibration/fft
Prediction for batch 0Nm_BPFI_03:118 published to Enterprise/Site/Area/Motor2/Analysis/Diagnosis/prediction
-----------------------------------------
[Motor3] raw_latency_ms=487.420
[Motor3] EDGE UTC : 2026-08-11T12:29:53.342250+00:00
[Motor3] CLOUD UTC: 2026-08-11T12:29:53.829670+00:00
-------------
Batch 0Nm_BPFI_03:69 from Motor3 received. Processing...
FFT for batch 0Nm_BPFI_03:69 published to Enterprise/Site/Area/Motor3/Analysis/Vibration/fft
Prediction for batch 0Nm_BPFI_03:69 published to Enterprise/Site/Area/Motor3/Analysis/Diagnosis/prediction
-----------------------------------------
[Motor1] raw_latency_ms=519.796
[Motor1] EDGE UTC : 2026-08-11T12:29:53.951538+00:00
[Motor1] CLOUD UTC: 2026-08-11T12:29:54.471334+00:00
-------------
Batch 0Nm_BPFI_03:120 from Motor1 received. Processing...
FFT for batch 0Nm_BPFI_03:120 published to Enterprise/Site/Area/Motor1/Analysis/Vibration/fft
Prediction for batch 0Nm_BPFI_03:120 published to Enterprise/Site/Area/Motor1/Analysis/Diagnosis/prediction
-----------------------------------------
[Motor3] raw_latency_ms=234.899
[Motor3] EDGE UTC : 2026-08-11T12:29:54.347941+00:00
[Motor3] CLOUD UTC: 2026-08-11T12:29:54.582840+00:00
-------------
Batch 0Nm_BPFI_03:70 from Motor3 received. Processing...
FFT for batch 0Nm_BPFI_03:70 published to Enterprise/Site/Area/Motor3/Analysis/Vibration/fft
Prediction for batch 0Nm_BPFI_03:70 published to Enterprise/Site/Area/Motor3/Analysis/Diagnosis/prediction
-----------------------------------------
[Motor2] raw_latency_ms=694.365
[Motor2] EDGE UTC : 2026-08-11T12:29:54.002611+00:00
[Motor2] CLOUD UTC: 2026-08-11T12:29:54.696976+00:00
-------------
Batch 0Nm_BPFI_03:119 from Motor2 received. Processing...
FFT for batch 0Nm_BPFI_03:119 published to Enterprise/Site/Area/Motor2/Analysis/Vibration/fft
Prediction for batch 0Nm_BPFI_03:119 published to Enterprise/Site/Area/Motor2/Analysis/Diagnosis/prediction
-----------------------------------------
[Motor1] raw_latency_ms=549.268
[Motor1] EDGE UTC : 2026-08-11T12:29:54.994634+00:00
[Motor1] CLOUD UTC: 2026-08-11T12:29:55.543902+00:00
-------------
Batch 0Nm_BPFI_03:121 from Motor1 received. Processing...
FFT for batch 0Nm_BPFI_03:121 published to Enterprise/Site/Area/Motor1/Analysis/Vibration/fft
Prediction for batch 0Nm_BPFI_03:121 published to Enterprise/Site/Area/Motor1/Analysis/Diagnosis/prediction
-----------------------------------------
[Motor3] raw_latency_ms=297.070
[Motor3] EDGE UTC : 2026-08-11T12:29:55.354200+00:00
[Motor3] CLOUD UTC: 2026-08-11T12:29:55.651270+00:00
-------------
Batch 0Nm_BPFI_03:71 from Motor3 received. Processing...
FFT for batch 0Nm_BPFI_03:71 published to Enterprise/Site/Area/Motor3/Analysis/Vibration/fft
Prediction for batch 0Nm_BPFI_03:71 published to Enterprise/Site/Area/Motor3/Analysis/Diagnosis/prediction
-----------------------------------------
[Motor2] raw_latency_ms=708.629
[Motor2] EDGE UTC : 2026-08-11T12:29:55.052444+00:00
[Motor2] CLOUD UTC: 2026-08-11T12:29:55.761074+00:00
-------------
Batch 0Nm_BPFI_03:120 from Motor2 received. Processing...
FFT for batch 0Nm_BPFI_03:120 published to Enterprise/Site/Area/Motor2/Analysis/Vibration/fft
Prediction for batch 0Nm_BPFI_03:120 published to Enterprise/Site/Area/Motor2/Analysis/Diagnosis/prediction
-----------------------------------------
[Motor1] raw_latency_ms=515.076
[Motor1] EDGE UTC : 2026-08-11T12:29:56.037637+00:00
[Motor1] CLOUD UTC: 2026-08-11T12:29:56.552712+00:00
-------------
Batch 0Nm_BPFI_03:122 from Motor1 received. Processing...
FFT for batch 0Nm_BPFI_03:122 published to Enterprise/Site/Area/Motor1/Analysis/Vibration/fft
Prediction for batch 0Nm_BPFI_03:122 published to Enterprise/Site/Area/Motor1/Analysis/Diagnosis/prediction
-----------------------------------------
[Motor3] raw_latency_ms=300.535
[Motor3] EDGE UTC : 2026-08-11T12:29:56.359860+00:00
[Motor3] CLOUD UTC: 2026-08-11T12:29:56.660396+00:00
-------------
Batch 0Nm_BPFI_03:72 from Motor3 received. Processing...
FFT for batch 0Nm_BPFI_03:72 published to Enterprise/Site/Area/Motor3/Analysis/Vibration/fft
Prediction for batch 0Nm_BPFI_03:72 published to Enterprise/Site/Area/Motor3/Analysis/Diagnosis/prediction
-----------------------------------------
[Motor2] raw_latency_ms=676.401
[Motor2] EDGE UTC : 2026-08-11T12:29:56.097149+00:00
[Motor2] CLOUD UTC: 2026-08-11T12:29:56.773549+00:00
-------------
Batch 0Nm_BPFI_03:121 from Motor2 received. Processing...
FFT for batch 0Nm_BPFI_03:121 published to Enterprise/Site/Area/Motor2/Analysis/Vibration/fft
Prediction for batch 0Nm_BPFI_03:121 published to Enterprise/Site/Area/Motor2/Analysis/Diagnosis/prediction
-----------------------------------------
[Motor1] raw_latency_ms=443.845
[Motor1] EDGE UTC : 2026-08-11T12:29:57.081015+00:00
[Motor1] CLOUD UTC: 2026-08-11T12:29:57.524860+00:00
-------------
Batch 0Nm_BPFI_03:123 from Motor1 received. Processing...
FFT for batch 0Nm_BPFI_03:123 published to Enterprise/Site/Area/Motor1/Analysis/Vibration/fft
Prediction for batch 0Nm_BPFI_03:123 published to Enterprise/Site/Area/Motor1/Analysis/Diagnosis/prediction
-----------------------------------------
[Motor3] raw_latency_ms=268.422
[Motor3] EDGE UTC : 2026-08-11T12:29:57.365530+00:00
[Motor3] CLOUD UTC: 2026-08-11T12:29:57.633953+00:00
-------------
Batch 0Nm_BPFI_03:73 from Motor3 received. Processing...
FFT for batch 0Nm_BPFI_03:73 published to Enterprise/Site/Area/Motor3/Analysis/Vibration/fft
Prediction for batch 0Nm_BPFI_03:73 published to Enterprise/Site/Area/Motor3/Analysis/Diagnosis/prediction
-----------------------------------------
[Motor2] raw_latency_ms=599.564
[Motor2] EDGE UTC : 2026-08-11T12:29:57.145608+00:00
[Motor2] CLOUD UTC: 2026-08-11T12:29:57.745172+00:00
-------------
Batch 0Nm_BPFI_03:122 from Motor2 received. Processing...
FFT for batch 0Nm_BPFI_03:122 published to Enterprise/Site/Area/Motor2/Analysis/Vibration/fft
Prediction for batch 0Nm_BPFI_03:122 published to Enterprise/Site/Area/Motor2/Analysis/Diagnosis/prediction
-----------------------------------------
[Motor1] raw_latency_ms=521.365
[Motor1] EDGE UTC : 2026-08-11T12:29:58.124526+00:00
[Motor1] CLOUD UTC: 2026-08-11T12:29:58.645890+00:00
-------------
Batch 0Nm_BPFI_03:124 from Motor1 received. Processing...
FFT for batch 0Nm_BPFI_03:124 published to Enterprise/Site/Area/Motor1/Analysis/Vibration/fft
Prediction for batch 0Nm_BPFI_03:124 published to Enterprise/Site/Area/Motor1/Analysis/Diagnosis/prediction
-----------------------------------------
[Motor3] raw_latency_ms=382.432
[Motor3] EDGE UTC : 2026-08-11T12:29:58.370600+00:00
[Motor3] CLOUD UTC: 2026-08-11T12:29:58.753032+00:00
-------------
Batch 0Nm_BPFI_03:74 from Motor3 received. Processing...
FFT for batch 0Nm_BPFI_03:74 published to Enterprise/Site/Area/Motor3/Analysis/Vibration/fft
Prediction for batch 0Nm_BPFI_03:74 published to Enterprise/Site/Area/Motor3/Analysis/Diagnosis/prediction
-----------------------------------------
[Motor2] raw_latency_ms=679.309
[Motor2] EDGE UTC : 2026-08-11T12:29:58.191049+00:00
[Motor2] CLOUD UTC: 2026-08-11T12:29:58.870358+00:00
-------------
Batch 0Nm_BPFI_03:123 from Motor2 received. Processing...
FFT for batch 0Nm_BPFI_03:123 published to Enterprise/Site/Area/Motor2/Analysis/Vibration/fft
Prediction for batch 0Nm_BPFI_03:123 published to Enterprise/Site/Area/Motor2/Analysis/Diagnosis/prediction
-----------------------------------------
[Motor3] raw_latency_ms=366.414
[Motor3] EDGE UTC : 2026-08-11T12:29:59.376051+00:00
[Motor3] CLOUD UTC: 2026-08-11T12:29:59.742465+00:00
-------------
Batch 0Nm_BPFI_03:75 from Motor3 received. Processing...
FFT for batch 0Nm_BPFI_03:75 published to Enterprise/Site/Area/Motor3/Analysis/Vibration/fft
Prediction for batch 0Nm_BPFI_03:75 published to Enterprise/Site/Area/Motor3/Analysis/Diagnosis/prediction
-----------------------------------------
[Motor2] raw_latency_ms=613.059
[Motor2] EDGE UTC : 2026-08-11T12:29:59.235011+00:00
[Motor2] CLOUD UTC: 2026-08-11T12:29:59.848070+00:00
-------------
Batch 0Nm_BPFI_03:124 from Motor2 received. Processing...
FFT for batch 0Nm_BPFI_03:124 published to Enterprise/Site/Area/Motor2/Analysis/Vibration/fft
Prediction for batch 0Nm_BPFI_03:124 published to Enterprise/Site/Area/Motor2/Analysis/Diagnosis/prediction
-----------------------------------------
[Motor1] raw_latency_ms=806.851
[Motor1] EDGE UTC : 2026-08-11T12:29:59.167570+00:00
[Motor1] CLOUD UTC: 2026-08-11T12:29:59.974421+00:00
-------------
Batch 0Nm_BPFI_03:125 from Motor1 received. Processing...
FFT for batch 0Nm_BPFI_03:125 published to Enterprise/Site/Area/Motor1/Analysis/Vibration/fft
Prediction for batch 0Nm_BPFI_03:125 published to Enterprise/Site/Area/Motor1/Analysis/Diagnosis/prediction
-----------------------------------------
[Motor3] raw_latency_ms=303.037
[Motor3] EDGE UTC : 2026-08-11T12:30:00.381065+00:00
[Motor3] CLOUD UTC: 2026-08-11T12:30:00.684102+00:00
-------------
Batch 0Nm_BPFI_03:76 from Motor3 received. Processing...
FFT for batch 0Nm_BPFI_03:76 published to Enterprise/Site/Area/Motor3/Analysis/Vibration/fft
Prediction for batch 0Nm_BPFI_03:76 published to Enterprise/Site/Area/Motor3/Analysis/Diagnosis/prediction
-----------------------------------------
[Motor1] raw_latency_ms=580.087
[Motor1] EDGE UTC : 2026-08-11T12:30:00.211551+00:00
[Motor1] CLOUD UTC: 2026-08-11T12:30:00.791638+00:00
-------------
Batch 0Nm_BPFI_03:126 from Motor1 received. Processing...
FFT for batch 0Nm_BPFI_03:126 published to Enterprise/Site/Area/Motor1/Analysis/Vibration/fft
Prediction for batch 0Nm_BPFI_03:126 published to Enterprise/Site/Area/Motor1/Analysis/Diagnosis/prediction
-----------------------------------------
[Motor2] raw_latency_ms=616.527
[Motor2] EDGE UTC : 2026-08-11T12:30:00.285346+00:00
[Motor2] CLOUD UTC: 2026-08-11T12:30:00.901873+00:00
-------------
Batch 0Nm_BPFI_03:125 from Motor2 received. Processing...
FFT for batch 0Nm_BPFI_03:125 published to Enterprise/Site/Area/Motor2/Analysis/Vibration/fft
Prediction for batch 0Nm_BPFI_03:125 published to Enterprise/Site/Area/Motor2/Analysis/Diagnosis/prediction
-----------------------------------------
[Motor3] raw_latency_ms=319.393
[Motor3] EDGE UTC : 2026-08-11T12:30:01.385580+00:00
[Motor3] CLOUD UTC: 2026-08-11T12:30:01.704973+00:00
-------------
Batch 0Nm_BPFI_03:77 from Motor3 received. Processing...
FFT for batch 0Nm_BPFI_03:77 published to Enterprise/Site/Area/Motor3/Analysis/Vibration/fft
Prediction for batch 0Nm_BPFI_03:77 published to Enterprise/Site/Area/Motor3/Analysis/Diagnosis/prediction
-----------------------------------------
[Motor2] raw_latency_ms=475.298
[Motor2] EDGE UTC : 2026-08-11T12:30:01.336371+00:00
[Motor2] CLOUD UTC: 2026-08-11T12:30:01.811670+00:00
-------------
Batch 0Nm_BPFI_03:126 from Motor2 received. Processing...
FFT for batch 0Nm_BPFI_03:126 published to Enterprise/Site/Area/Motor2/Analysis/Vibration/fft
Prediction for batch 0Nm_BPFI_03:126 published to Enterprise/Site/Area/Motor2/Analysis/Diagnosis/prediction
-----------------------------------------
[Motor1] raw_latency_ms=741.421
[Motor1] EDGE UTC : 2026-08-11T12:30:01.254770+00:00
[Motor1] CLOUD UTC: 2026-08-11T12:30:01.996191+00:00
-------------
Batch 0Nm_BPFI_03:127 from Motor1 received. Processing...
FFT for batch 0Nm_BPFI_03:127 published to Enterprise/Site/Area/Motor1/Analysis/Vibration/fft
Prediction for batch 0Nm_BPFI_03:127 published to Enterprise/Site/Area/Motor1/Analysis/Diagnosis/prediction
-----------------------------------------
[Motor3] raw_latency_ms=324.257
[Motor3] EDGE UTC : 2026-08-11T12:30:02.392432+00:00
[Motor3] CLOUD UTC: 2026-08-11T12:30:02.716690+00:00
-------------
Batch 0Nm_BPFI_03:78 from Motor3 received. Processing...
FFT for batch 0Nm_BPFI_03:78 published to Enterprise/Site/Area/Motor3/Analysis/Vibration/fft
Prediction for batch 0Nm_BPFI_03:78 published to Enterprise/Site/Area/Motor3/Analysis/Diagnosis/prediction
-----------------------------------------
[Motor1] raw_latency_ms=524.375
[Motor1] EDGE UTC : 2026-08-11T12:30:02.298550+00:00
[Motor1] CLOUD UTC: 2026-08-11T12:30:02.822925+00:00
-------------
Batch 0Nm_BPFI_03:128 from Motor1 received. Processing...
FFT for batch 0Nm_BPFI_03:128 published to Enterprise/Site/Area/Motor1/Analysis/Vibration/fft
Prediction for batch 0Nm_BPFI_03:128 published to Enterprise/Site/Area/Motor1/Analysis/Diagnosis/prediction
-----------------------------------------
[Motor3] raw_latency_ms=1003.244
[Motor3] EDGE UTC : 2026-08-11T12:30:03.398931+00:00
[Motor3] CLOUD UTC: 2026-08-11T12:30:04.402175+00:00
-------------
Batch 0Nm_BPFI_03:79 from Motor3 received. Processing...
FFT for batch 0Nm_BPFI_03:79 published to Enterprise/Site/Area/Motor3/Analysis/Vibration/fft
Prediction for batch 0Nm_BPFI_03:79 published to Enterprise/Site/Area/Motor3/Analysis/Diagnosis/prediction
-----------------------------------------
[Motor1] raw_latency_ms=1272.867
[Motor1] EDGE UTC : 2026-08-11T12:30:03.344142+00:00
[Motor1] CLOUD UTC: 2026-08-11T12:30:04.617009+00:00
-------------
Batch 0Nm_BPFI_03:129 from Motor1 received. Processing...
FFT for batch 0Nm_BPFI_03:129 published to Enterprise/Site/Area/Motor1/Analysis/Vibration/fft
Prediction for batch 0Nm_BPFI_03:129 published to Enterprise/Site/Area/Motor1/Analysis/Diagnosis/prediction
-----------------------------------------
[Motor3] raw_latency_ms=383.483
[Motor3] EDGE UTC : 2026-08-11T12:30:04.403951+00:00
[Motor3] CLOUD UTC: 2026-08-11T12:30:04.787434+00:00
-------------
Batch 0Nm_BPFI_03:80 from Motor3 received. Processing...
FFT for batch 0Nm_BPFI_03:80 published to Enterprise/Site/Area/Motor3/Analysis/Vibration/fft
Prediction for batch 0Nm_BPFI_03:80 published to Enterprise/Site/Area/Motor3/Analysis/Diagnosis/prediction
-----------------------------------------
[Motor1] raw_latency_ms=602.882
[Motor1] EDGE UTC : 2026-08-11T12:30:04.389116+00:00
[Motor1] CLOUD UTC: 2026-08-11T12:30:04.991997+00:00
-------------
Batch 0Nm_BPFI_03:130 from Motor1 received. Processing...
FFT for batch 0Nm_BPFI_03:130 published to Enterprise/Site/Area/Motor1/Analysis/Vibration/fft
Prediction for batch 0Nm_BPFI_03:130 published to Enterprise/Site/Area/Motor1/Analysis/Diagnosis/prediction
-----------------------------------------
[Motor2] raw_latency_ms=3368.529
[Motor2] EDGE UTC : 2026-08-11T12:30:02.384319+00:00
[Motor2] CLOUD UTC: 2026-08-11T12:30:05.752847+00:00
-------------
Batch 0Nm_BPFI_03:127 from Motor2 received. Processing...
FFT for batch 0Nm_BPFI_03:127 published to Enterprise/Site/Area/Motor2/Analysis/Vibration/fft
Prediction for batch 0Nm_BPFI_03:127 published to Enterprise/Site/Area/Motor2/Analysis/Diagnosis/prediction
-----------------------------------------
[Motor2] raw_latency_ms=2520.128
[Motor2] EDGE UTC : 2026-08-11T12:30:03.436569+00:00
[Motor2] CLOUD UTC: 2026-08-11T12:30:05.956697+00:00
-------------
Batch 0Nm_BPFI_03:128 from Motor2 received. Processing...
FFT for batch 0Nm_BPFI_03:128 published to Enterprise/Site/Area/Motor2/Analysis/Vibration/fft
Prediction for batch 0Nm_BPFI_03:128 published to Enterprise/Site/Area/Motor2/Analysis/Diagnosis/prediction
-----------------------------------------
[Motor2] raw_latency_ms=1653.009
[Motor2] EDGE UTC : 2026-08-11T12:30:04.479742+00:00
[Motor2] CLOUD UTC: 2026-08-11T12:30:06.132751+00:00
-------------
Batch 0Nm_BPFI_03:129 from Motor2 received. Processing...
FFT for batch 0Nm_BPFI_03:129 published to Enterprise/Site/Area/Motor2/Analysis/Vibration/fft
Prediction for batch 0Nm_BPFI_03:129 published to Enterprise/Site/Area/Motor2/Analysis/Diagnosis/prediction
-----------------------------------------
[Motor2] raw_latency_ms=813.471
[Motor2] EDGE UTC : 2026-08-11T12:30:05.529214+00:00
[Motor2] CLOUD UTC: 2026-08-11T12:30:06.342686+00:00
-------------
Batch 0Nm_BPFI_03:130 from Motor2 received. Processing...
FFT for batch 0Nm_BPFI_03:130 published to Enterprise/Site/Area/Motor2/Analysis/Vibration/fft
Prediction for batch 0Nm_BPFI_03:130 published to Enterprise/Site/Area/Motor2/Analysis/Diagnosis/prediction
-----------------------------------------
[Motor1] raw_latency_ms=1119.842
[Motor1] EDGE UTC : 2026-08-11T12:30:05.428878+00:00
[Motor1] CLOUD UTC: 2026-08-11T12:30:06.548720+00:00
-------------
Batch 0Nm_BPFI_03:131 from Motor1 received. Processing...
FFT for batch 0Nm_BPFI_03:131 published to Enterprise/Site/Area/Motor1/Analysis/Vibration/fft
Prediction for batch 0Nm_BPFI_03:131 published to Enterprise/Site/Area/Motor1/Analysis/Diagnosis/prediction
-----------------------------------------
[Motor3] raw_latency_ms=1311.789
[Motor3] EDGE UTC : 2026-08-11T12:30:05.407393+00:00
[Motor3] CLOUD UTC: 2026-08-11T12:30:06.719182+00:00
-------------
Batch 0Nm_BPFI_03:81 from Motor3 received. Processing...
FFT for batch 0Nm_BPFI_03:81 published to Enterprise/Site/Area/Motor3/Analysis/Vibration/fft
Prediction for batch 0Nm_BPFI_03:81 published to Enterprise/Site/Area/Motor3/Analysis/Diagnosis/prediction
-----------------------------------------
[Motor3] raw_latency_ms=499.161
[Motor3] EDGE UTC : 2026-08-11T12:30:06.413021+00:00
[Motor3] CLOUD UTC: 2026-08-11T12:30:06.912183+00:00
-------------
Batch 0Nm_BPFI_03:82 from Motor3 received. Processing...
FFT for batch 0Nm_BPFI_03:82 published to Enterprise/Site/Area/Motor3/Analysis/Vibration/fft
Prediction for batch 0Nm_BPFI_03:82 published to Enterprise/Site/Area/Motor3/Analysis/Diagnosis/prediction
-----------------------------------------
[Motor1] raw_latency_ms=618.476
[Motor1] EDGE UTC : 2026-08-11T12:30:06.467661+00:00
[Motor1] CLOUD UTC: 2026-08-11T12:30:07.086137+00:00
-------------
Batch 0Nm_BPFI_03:132 from Motor1 received. Processing...
FFT for batch 0Nm_BPFI_03:132 published to Enterprise/Site/Area/Motor1/Analysis/Vibration/fft
Prediction for batch 0Nm_BPFI_03:132 published to Enterprise/Site/Area/Motor1/Analysis/Diagnosis/prediction
-----------------------------------------
[Motor2] raw_latency_ms=676.960
[Motor2] EDGE UTC : 2026-08-11T12:30:06.579054+00:00
[Motor2] CLOUD UTC: 2026-08-11T12:30:07.256014+00:00
-------------
Batch 0Nm_BPFI_03:131 from Motor2 received. Processing...
FFT for batch 0Nm_BPFI_03:131 published to Enterprise/Site/Area/Motor2/Analysis/Vibration/fft
Prediction for batch 0Nm_BPFI_03:131 published to Enterprise/Site/Area/Motor2/Analysis/Diagnosis/prediction
-----------------------------------------
[Motor3] raw_latency_ms=292.549
[Motor3] EDGE UTC : 2026-08-11T12:30:07.419370+00:00
[Motor3] CLOUD UTC: 2026-08-11T12:30:07.711919+00:00
-------------
Batch 0Nm_BPFI_03:83 from Motor3 received. Processing...
FFT for batch 0Nm_BPFI_03:83 published to Enterprise/Site/Area/Motor3/Analysis/Vibration/fft
Prediction for batch 0Nm_BPFI_03:83 published to Enterprise/Site/Area/Motor3/Analysis/Diagnosis/prediction
-----------------------------------------
[Motor2] raw_latency_ms=400.389
[Motor2] EDGE UTC : 2026-08-11T12:30:07.629257+00:00
[Motor2] CLOUD UTC: 2026-08-11T12:30:08.029645+00:00
-------------
Batch 0Nm_BPFI_03:132 from Motor2 received. Processing...
FFT for batch 0Nm_BPFI_03:132 published to Enterprise/Site/Area/Motor2/Analysis/Vibration/fft
Prediction for batch 0Nm_BPFI_03:132 published to Enterprise/Site/Area/Motor2/Analysis/Diagnosis/prediction
-----------------------------------------
[Motor1] raw_latency_ms=688.151
[Motor1] EDGE UTC : 2026-08-11T12:30:07.507702+00:00
[Motor1] CLOUD UTC: 2026-08-11T12:30:08.195853+00:00
-------------
Batch 0Nm_BPFI_03:133 from Motor1 received. Processing...
FFT for batch 0Nm_BPFI_03:133 published to Enterprise/Site/Area/Motor1/Analysis/Vibration/fft
Prediction for batch 0Nm_BPFI_03:133 published to Enterprise/Site/Area/Motor1/Analysis/Diagnosis/prediction
-----------------------------------------
[Motor3] raw_latency_ms=227.101
[Motor3] EDGE UTC : 2026-08-11T12:30:08.424548+00:00
[Motor3] CLOUD UTC: 2026-08-11T12:30:08.651649+00:00
-------------
Batch 0Nm_BPFI_03:84 from Motor3 received. Processing...
FFT for batch 0Nm_BPFI_03:84 published to Enterprise/Site/Area/Motor3/Analysis/Vibration/fft
Prediction for batch 0Nm_BPFI_03:84 published to Enterprise/Site/Area/Motor3/Analysis/Diagnosis/prediction
-----------------------------------------
[Motor1] raw_latency_ms=431.878
[Motor1] EDGE UTC : 2026-08-11T12:30:08.546470+00:00
[Motor1] CLOUD UTC: 2026-08-11T12:30:08.978348+00:00
-------------
Batch 0Nm_BPFI_03:134 from Motor1 received. Processing...
FFT for batch 0Nm_BPFI_03:134 published to Enterprise/Site/Area/Motor1/Analysis/Vibration/fft
Prediction for batch 0Nm_BPFI_03:134 published to Enterprise/Site/Area/Motor1/Analysis/Diagnosis/prediction
-----------------------------------------
[Motor2] raw_latency_ms=411.271
[Motor2] EDGE UTC : 2026-08-11T12:30:08.677905+00:00
[Motor2] CLOUD UTC: 2026-08-11T12:30:09.089176+00:00
-------------
Batch 0Nm_BPFI_03:133 from Motor2 received. Processing...
FFT for batch 0Nm_BPFI_03:133 published to Enterprise/Site/Area/Motor2/Analysis/Vibration/fft
Prediction for batch 0Nm_BPFI_03:133 published to Enterprise/Site/Area/Motor2/Analysis/Diagnosis/prediction
-----------------------------------------
[Motor3] raw_latency_ms=223.311
[Motor3] EDGE UTC : 2026-08-11T12:30:09.430031+00:00
[Motor3] CLOUD UTC: 2026-08-11T12:30:09.653342+00:00
-------------
Batch 0Nm_BPFI_03:85 from Motor3 received. Processing...
FFT for batch 0Nm_BPFI_03:85 published to Enterprise/Site/Area/Motor3/Analysis/Vibration/fft
Prediction for batch 0Nm_BPFI_03:85 published to Enterprise/Site/Area/Motor3/Analysis/Diagnosis/prediction
-----------------------------------------
[Motor2] raw_latency_ms=394.052
[Motor2] EDGE UTC : 2026-08-11T12:30:09.729664+00:00
[Motor2] CLOUD UTC: 2026-08-11T12:30:10.123716+00:00
-------------
Batch 0Nm_BPFI_03:134 from Motor2 received. Processing...
FFT for batch 0Nm_BPFI_03:134 published to Enterprise/Site/Area/Motor2/Analysis/Vibration/fft
Prediction for batch 0Nm_BPFI_03:134 published to Enterprise/Site/Area/Motor2/Analysis/Diagnosis/prediction
-----------------------------------------
[Motor1] raw_latency_ms=643.237
[Motor1] EDGE UTC : 2026-08-11T12:30:09.586130+00:00
[Motor1] CLOUD UTC: 2026-08-11T12:30:10.229367+00:00
-------------
Batch 0Nm_BPFI_03:135 from Motor1 received. Processing...
FFT for batch 0Nm_BPFI_03:135 published to Enterprise/Site/Area/Motor1/Analysis/Vibration/fft
Prediction for batch 0Nm_BPFI_03:135 published to Enterprise/Site/Area/Motor1/Analysis/Diagnosis/prediction
-----------------------------------------
[Motor3] raw_latency_ms=226.536
[Motor3] EDGE UTC : 2026-08-11T12:30:10.436731+00:00
[Motor3] CLOUD UTC: 2026-08-11T12:30:10.663266+00:00
-------------
Batch 0Nm_BPFI_03:86 from Motor3 received. Processing...
FFT for batch 0Nm_BPFI_03:86 published to Enterprise/Site/Area/Motor3/Analysis/Vibration/fft
Prediction for batch 0Nm_BPFI_03:86 published to Enterprise/Site/Area/Motor3/Analysis/Diagnosis/prediction
-----------------------------------------
[Motor1] raw_latency_ms=427.139
[Motor1] EDGE UTC : 2026-08-11T12:30:10.625482+00:00
[Motor1] CLOUD UTC: 2026-08-11T12:30:11.052621+00:00
-------------
Batch 0Nm_BPFI_03:136 from Motor1 received. Processing...
FFT for batch 0Nm_BPFI_03:136 published to Enterprise/Site/Area/Motor1/Analysis/Vibration/fft
Prediction for batch 0Nm_BPFI_03:136 published to Enterprise/Site/Area/Motor1/Analysis/Diagnosis/prediction
-----------------------------------------
[Motor2] raw_latency_ms=545.999
[Motor2] EDGE UTC : 2026-08-11T12:30:10.781604+00:00
[Motor2] CLOUD UTC: 2026-08-11T12:30:11.327602+00:00
-------------
Batch 0Nm_BPFI_03:135 from Motor2 received. Processing...
FFT for batch 0Nm_BPFI_03:135 published to Enterprise/Site/Area/Motor2/Analysis/Vibration/fft
Prediction for batch 0Nm_BPFI_03:135 published to Enterprise/Site/Area/Motor2/Analysis/Diagnosis/prediction
-----------------------------------------
[Motor3] raw_latency_ms=221.565
[Motor3] EDGE UTC : 2026-08-11T12:30:11.442872+00:00
[Motor3] CLOUD UTC: 2026-08-11T12:30:11.664437+00:00
-------------
Batch 0Nm_BPFI_03:87 from Motor3 received. Processing...
FFT for batch 0Nm_BPFI_03:87 published to Enterprise/Site/Area/Motor3/Analysis/Vibration/fft
Prediction for batch 0Nm_BPFI_03:87 published to Enterprise/Site/Area/Motor3/Analysis/Diagnosis/prediction
-----------------------------------------
[Motor2] raw_latency_ms=523.119
[Motor2] EDGE UTC : 2026-08-11T12:30:11.835254+00:00
[Motor2] CLOUD UTC: 2026-08-11T12:30:12.358373+00:00
-------------
Batch 0Nm_BPFI_03:136 from Motor2 received. Processing...
FFT for batch 0Nm_BPFI_03:136 published to Enterprise/Site/Area/Motor2/Analysis/Vibration/fft
Prediction for batch 0Nm_BPFI_03:136 published to Enterprise/Site/Area/Motor2/Analysis/Diagnosis/prediction
-----------------------------------------
[Motor1] raw_latency_ms=800.833
[Motor1] EDGE UTC : 2026-08-11T12:30:11.666067+00:00
[Motor1] CLOUD UTC: 2026-08-11T12:30:12.466900+00:00
-------------
Batch 0Nm_BPFI_03:137 from Motor1 received. Processing...
FFT for batch 0Nm_BPFI_03:137 published to Enterprise/Site/Area/Motor1/Analysis/Vibration/fft
Prediction for batch 0Nm_BPFI_03:137 published to Enterprise/Site/Area/Motor1/Analysis/Diagnosis/prediction
-----------------------------------------
[Motor3] raw_latency_ms=222.643
[Motor3] EDGE UTC : 2026-08-11T12:30:12.448179+00:00
[Motor3] CLOUD UTC: 2026-08-11T12:30:12.670822+00:00
-------------
Batch 0Nm_BPFI_03:88 from Motor3 received. Processing...
FFT for batch 0Nm_BPFI_03:88 published to Enterprise/Site/Area/Motor3/Analysis/Vibration/fft
Prediction for batch 0Nm_BPFI_03:88 published to Enterprise/Site/Area/Motor3/Analysis/Diagnosis/prediction
-----------------------------------------
[Motor1] raw_latency_ms=430.745
[Motor1] EDGE UTC : 2026-08-11T12:30:12.703904+00:00
[Motor1] CLOUD UTC: 2026-08-11T12:30:13.134649+00:00
-------------
Batch 0Nm_BPFI_03:138 from Motor1 received. Processing...
FFT for batch 0Nm_BPFI_03:138 published to Enterprise/Site/Area/Motor1/Analysis/Vibration/fft
Prediction for batch 0Nm_BPFI_03:138 published to Enterprise/Site/Area/Motor1/Analysis/Diagnosis/prediction
-----------------------------------------
[Motor2] raw_latency_ms=545.664
[Motor2] EDGE UTC : 2026-08-11T12:30:12.856634+00:00
[Motor2] CLOUD UTC: 2026-08-11T12:30:13.402298+00:00
-------------
Batch 0Nm_BPFI_03:137 from Motor2 received. Processing...
FFT for batch 0Nm_BPFI_03:137 published to Enterprise/Site/Area/Motor2/Analysis/Vibration/fft
Prediction for batch 0Nm_BPFI_03:137 published to Enterprise/Site/Area/Motor2/Analysis/Diagnosis/prediction
-----------------------------------------
[Motor3] raw_latency_ms=221.612
[Motor3] EDGE UTC : 2026-08-11T12:30:13.453850+00:00
[Motor3] CLOUD UTC: 2026-08-11T12:30:13.675461+00:00
-------------
Batch 0Nm_BPFI_03:89 from Motor3 received. Processing...
FFT for batch 0Nm_BPFI_03:89 published to Enterprise/Site/Area/Motor3/Analysis/Vibration/fft
Prediction for batch 0Nm_BPFI_03:89 published to Enterprise/Site/Area/Motor3/Analysis/Diagnosis/prediction
-----------------------------------------
[Motor2] raw_latency_ms=498.321
[Motor2] EDGE UTC : 2026-08-11T12:30:13.876104+00:00
[Motor2] CLOUD UTC: 2026-08-11T12:30:14.374425+00:00
-------------
Batch 0Nm_BPFI_03:138 from Motor2 received. Processing...
FFT for batch 0Nm_BPFI_03:138 published to Enterprise/Site/Area/Motor2/Analysis/Vibration/fft
Prediction for batch 0Nm_BPFI_03:138 published to Enterprise/Site/Area/Motor2/Analysis/Diagnosis/prediction
-----------------------------------------
[Motor1] raw_latency_ms=742.125
[Motor1] EDGE UTC : 2026-08-11T12:30:13.741798+00:00
[Motor1] CLOUD UTC: 2026-08-11T12:30:14.483923+00:00
-------------
Batch 0Nm_BPFI_03:139 from Motor1 received. Processing...
FFT for batch 0Nm_BPFI_03:139 published to Enterprise/Site/Area/Motor1/Analysis/Vibration/fft
Prediction for batch 0Nm_BPFI_03:139 published to Enterprise/Site/Area/Motor1/Analysis/Diagnosis/prediction
-----------------------------------------
[Motor3] raw_latency_ms=224.877
[Motor3] EDGE UTC : 2026-08-11T12:30:14.460977+00:00
[Motor3] CLOUD UTC: 2026-08-11T12:30:14.685854+00:00
-------------
Batch 0Nm_BPFI_03:90 from Motor3 received. Processing...
FFT for batch 0Nm_BPFI_03:90 published to Enterprise/Site/Area/Motor3/Analysis/Vibration/fft
Prediction for batch 0Nm_BPFI_03:90 published to Enterprise/Site/Area/Motor3/Analysis/Diagnosis/prediction
-----------------------------------------
[Motor1] raw_latency_ms=429.309
[Motor1] EDGE UTC : 2026-08-11T12:30:14.780741+00:00
[Motor1] CLOUD UTC: 2026-08-11T12:30:15.210050+00:00
-------------
Batch 0Nm_BPFI_03:140 from Motor1 received. Processing...
FFT for batch 0Nm_BPFI_03:140 published to Enterprise/Site/Area/Motor1/Analysis/Vibration/fft
Prediction for batch 0Nm_BPFI_03:140 published to Enterprise/Site/Area/Motor1/Analysis/Diagnosis/prediction
-----------------------------------------
[Motor2] raw_latency_ms=530.372
[Motor2] EDGE UTC : 2026-08-11T12:30:14.896090+00:00
[Motor2] CLOUD UTC: 2026-08-11T12:30:15.426462+00:00
-------------
Batch 0Nm_BPFI_03:139 from Motor2 received. Processing...
FFT for batch 0Nm_BPFI_03:139 published to Enterprise/Site/Area/Motor2/Analysis/Vibration/fft
Prediction for batch 0Nm_BPFI_03:139 published to Enterprise/Site/Area/Motor2/Analysis/Diagnosis/prediction
-----------------------------------------
[Motor3] raw_latency_ms=220.814
[Motor3] EDGE UTC : 2026-08-11T12:30:15.466608+00:00
[Motor3] CLOUD UTC: 2026-08-11T12:30:15.687422+00:00
-------------
Batch 0Nm_BPFI_03:91 from Motor3 received. Processing...
FFT for batch 0Nm_BPFI_03:91 published to Enterprise/Site/Area/Motor3/Analysis/Vibration/fft
Prediction for batch 0Nm_BPFI_03:91 published to Enterprise/Site/Area/Motor3/Analysis/Diagnosis/prediction
-----------------------------------------
[Motor2] raw_latency_ms=480.295
[Motor2] EDGE UTC : 2026-08-11T12:30:15.916489+00:00
[Motor2] CLOUD UTC: 2026-08-11T12:30:16.396784+00:00
-------------
Batch 0Nm_BPFI_03:140 from Motor2 received. Processing...
FFT for batch 0Nm_BPFI_03:140 published to Enterprise/Site/Area/Motor2/Analysis/Vibration/fft
Prediction for batch 0Nm_BPFI_03:140 published to Enterprise/Site/Area/Motor2/Analysis/Diagnosis/prediction
-----------------------------------------
[Motor1] raw_latency_ms=684.176
[Motor1] EDGE UTC : 2026-08-11T12:30:15.820743+00:00
[Motor1] CLOUD UTC: 2026-08-11T12:30:16.504919+00:00
-------------
Batch 0Nm_BPFI_03:141 from Motor1 received. Processing...
FFT for batch 0Nm_BPFI_03:141 published to Enterprise/Site/Area/Motor1/Analysis/Vibration/fft
Prediction for batch 0Nm_BPFI_03:141 published to Enterprise/Site/Area/Motor1/Analysis/Diagnosis/prediction
-----------------------------------------
[Motor3] raw_latency_ms=220.359
[Motor3] EDGE UTC : 2026-08-11T12:30:16.474710+00:00
[Motor3] CLOUD UTC: 2026-08-11T12:30:16.695068+00:00
-------------
Batch 0Nm_BPFI_03:92 from Motor3 received. Processing...
FFT for batch 0Nm_BPFI_03:92 published to Enterprise/Site/Area/Motor3/Analysis/Vibration/fft
Prediction for batch 0Nm_BPFI_03:92 published to Enterprise/Site/Area/Motor3/Analysis/Diagnosis/prediction
-----------------------------------------
[Motor1] raw_latency_ms=429.637
[Motor1] EDGE UTC : 2026-08-11T12:30:16.859518+00:00
[Motor1] CLOUD UTC: 2026-08-11T12:30:17.289155+00:00
-------------
Batch 0Nm_BPFI_03:142 from Motor1 received. Processing...
FFT for batch 0Nm_BPFI_03:142 published to Enterprise/Site/Area/Motor1/Analysis/Vibration/fft
Prediction for batch 0Nm_BPFI_03:142 published to Enterprise/Site/Area/Motor1/Analysis/Diagnosis/prediction
-----------------------------------------
[Motor2] raw_latency_ms=428.335
[Motor2] EDGE UTC : 2026-08-11T12:30:16.965669+00:00
[Motor2] CLOUD UTC: 2026-08-11T12:30:17.394003+00:00
-------------
Batch 0Nm_BPFI_03:141 from Motor2 received. Processing...
FFT for batch 0Nm_BPFI_03:141 published to Enterprise/Site/Area/Motor2/Analysis/Vibration/fft
Prediction for batch 0Nm_BPFI_03:141 published to Enterprise/Site/Area/Motor2/Analysis/Diagnosis/prediction
-----------------------------------------
[Motor3] raw_latency_ms=220.862
[Motor3] EDGE UTC : 2026-08-11T12:30:17.479096+00:00
[Motor3] CLOUD UTC: 2026-08-11T12:30:17.699958+00:00
-------------
Batch 0Nm_BPFI_03:93 from Motor3 received. Processing...
FFT for batch 0Nm_BPFI_03:93 published to Enterprise/Site/Area/Motor3/Analysis/Vibration/fft
Prediction for batch 0Nm_BPFI_03:93 published to Enterprise/Site/Area/Motor3/Analysis/Diagnosis/prediction
-----------------------------------------
[Motor2] raw_latency_ms=489.092
[Motor2] EDGE UTC : 2026-08-11T12:30:18.014486+00:00
[Motor2] CLOUD UTC: 2026-08-11T12:30:18.503578+00:00
-------------
Batch 0Nm_BPFI_03:142 from Motor2 received. Processing...
FFT for batch 0Nm_BPFI_03:142 published to Enterprise/Site/Area/Motor2/Analysis/Vibration/fft
Prediction for batch 0Nm_BPFI_03:142 published to Enterprise/Site/Area/Motor2/Analysis/Diagnosis/prediction
-----------------------------------------
[Motor1] raw_latency_ms=711.690
[Motor1] EDGE UTC : 2026-08-11T12:30:17.899184+00:00
[Motor1] CLOUD UTC: 2026-08-11T12:30:18.610874+00:00
-------------
Batch 0Nm_BPFI_03:143 from Motor1 received. Processing...
FFT for batch 0Nm_BPFI_03:143 published to Enterprise/Site/Area/Motor1/Analysis/Vibration/fft
Prediction for batch 0Nm_BPFI_03:143 published to Enterprise/Site/Area/Motor1/Analysis/Diagnosis/prediction
-----------------------------------------
[Motor3] raw_latency_ms=285.614
[Motor3] EDGE UTC : 2026-08-11T12:30:18.482560+00:00
[Motor3] CLOUD UTC: 2026-08-11T12:30:18.768175+00:00
-------------
Batch 0Nm_BPFI_03:94 from Motor3 received. Processing...
FFT for batch 0Nm_BPFI_03:94 published to Enterprise/Site/Area/Motor3/Analysis/Vibration/fft
Prediction for batch 0Nm_BPFI_03:94 published to Enterprise/Site/Area/Motor3/Analysis/Diagnosis/prediction
-----------------------------------------
[Motor1] raw_latency_ms=532.187
[Motor1] EDGE UTC : 2026-08-11T12:30:18.937685+00:00
[Motor1] CLOUD UTC: 2026-08-11T12:30:19.469872+00:00
-------------
Batch 0Nm_BPFI_03:144 from Motor1 received. Processing...
FFT for batch 0Nm_BPFI_03:144 published to Enterprise/Site/Area/Motor1/Analysis/Vibration/fft
Prediction for batch 0Nm_BPFI_03:144 published to Enterprise/Site/Area/Motor1/Analysis/Diagnosis/prediction
-----------------------------------------
[Motor2] raw_latency_ms=562.826
[Motor2] EDGE UTC : 2026-08-11T12:30:19.067231+00:00
[Motor2] CLOUD UTC: 2026-08-11T12:30:19.630056+00:00
-------------
Batch 0Nm_BPFI_03:143 from Motor2 received. Processing...
FFT for batch 0Nm_BPFI_03:143 published to Enterprise/Site/Area/Motor2/Analysis/Vibration/fft
Prediction for batch 0Nm_BPFI_03:143 published to Enterprise/Site/Area/Motor2/Analysis/Diagnosis/prediction
-----------------------------------------
[Motor3] raw_latency_ms=331.364
[Motor3] EDGE UTC : 2026-08-11T12:30:19.487418+00:00
[Motor3] CLOUD UTC: 2026-08-11T12:30:19.818782+00:00
-------------
Batch 0Nm_BPFI_03:95 from Motor3 received. Processing...
FFT for batch 0Nm_BPFI_03:95 published to Enterprise/Site/Area/Motor3/Analysis/Vibration/fft
Prediction for batch 0Nm_BPFI_03:95 published to Enterprise/Site/Area/Motor3/Analysis/Diagnosis/prediction
-----------------------------------------
[Motor2] raw_latency_ms=477.645
[Motor2] EDGE UTC : 2026-08-11T12:30:20.116288+00:00
[Motor2] CLOUD UTC: 2026-08-11T12:30:20.593933+00:00
-------------
Batch 0Nm_BPFI_03:144 from Motor2 received. Processing...
FFT for batch 0Nm_BPFI_03:144 published to Enterprise/Site/Area/Motor2/Analysis/Vibration/fft
Prediction for batch 0Nm_BPFI_03:144 published to Enterprise/Site/Area/Motor2/Analysis/Diagnosis/prediction
-----------------------------------------
[Motor1] raw_latency_ms=781.283
[Motor1] EDGE UTC : 2026-08-11T12:30:19.975161+00:00
[Motor1] CLOUD UTC: 2026-08-11T12:30:20.756444+00:00
-------------
Batch 0Nm_BPFI_03:145 from Motor1 received. Processing...
FFT for batch 0Nm_BPFI_03:145 published to Enterprise/Site/Area/Motor1/Analysis/Vibration/fft
Prediction for batch 0Nm_BPFI_03:145 published to Enterprise/Site/Area/Motor1/Analysis/Diagnosis/prediction
-----------------------------------------
[Motor3] raw_latency_ms=446.238
[Motor3] EDGE UTC : 2026-08-11T12:30:20.490736+00:00
[Motor3] CLOUD UTC: 2026-08-11T12:30:20.936974+00:00
-------------
Batch 0Nm_BPFI_03:96 from Motor3 received. Processing...
FFT for batch 0Nm_BPFI_03:96 published to Enterprise/Site/Area/Motor3/Analysis/Vibration/fft
Prediction for batch 0Nm_BPFI_03:96 published to Enterprise/Site/Area/Motor3/Analysis/Diagnosis/prediction
-----------------------------------------
[Motor1] raw_latency_ms=526.887
[Motor1] EDGE UTC : 2026-08-11T12:30:21.013061+00:00
[Motor1] CLOUD UTC: 2026-08-11T12:30:21.539948+00:00
-------------
Batch 0Nm_BPFI_03:146 from Motor1 received. Processing...
FFT for batch 0Nm_BPFI_03:146 published to Enterprise/Site/Area/Motor1/Analysis/Vibration/fft
Prediction for batch 0Nm_BPFI_03:146 published to Enterprise/Site/Area/Motor1/Analysis/Diagnosis/prediction
-----------------------------------------
[Motor2] raw_latency_ms=564.527
[Motor2] EDGE UTC : 2026-08-11T12:30:21.169236+00:00
[Motor2] CLOUD UTC: 2026-08-11T12:30:21.733763+00:00
-------------
Batch 0Nm_BPFI_03:145 from Motor2 received. Processing...
FFT for batch 0Nm_BPFI_03:145 published to Enterprise/Site/Area/Motor2/Analysis/Vibration/fft
Prediction for batch 0Nm_BPFI_03:145 published to Enterprise/Site/Area/Motor2/Analysis/Diagnosis/prediction
-----------------------------------------
[Motor3] raw_latency_ms=455.219
[Motor3] EDGE UTC : 2026-08-11T12:30:21.494236+00:00
[Motor3] CLOUD UTC: 2026-08-11T12:30:21.949455+00:00
-------------
Batch 0Nm_BPFI_03:97 from Motor3 received. Processing...
FFT for batch 0Nm_BPFI_03:97 published to Enterprise/Site/Area/Motor3/Analysis/Vibration/fft
Prediction for batch 0Nm_BPFI_03:97 published to Enterprise/Site/Area/Motor3/Analysis/Diagnosis/prediction
-----------------------------------------
[Motor2] raw_latency_ms=480.944
[Motor2] EDGE UTC : 2026-08-11T12:30:22.223950+00:00
[Motor2] CLOUD UTC: 2026-08-11T12:30:22.704894+00:00
-------------
Batch 0Nm_BPFI_03:146 from Motor2 received. Processing...
FFT for batch 0Nm_BPFI_03:146 published to Enterprise/Site/Area/Motor2/Analysis/Vibration/fft
Prediction for batch 0Nm_BPFI_03:146 published to Enterprise/Site/Area/Motor2/Analysis/Diagnosis/prediction
-----------------------------------------
[Motor1] raw_latency_ms=762.031
[Motor1] EDGE UTC : 2026-08-11T12:30:22.050736+00:00
[Motor1] CLOUD UTC: 2026-08-11T12:30:22.812767+00:00
-------------
Batch 0Nm_BPFI_03:147 from Motor1 received. Processing...
FFT for batch 0Nm_BPFI_03:147 published to Enterprise/Site/Area/Motor1/Analysis/Vibration/fft
Prediction for batch 0Nm_BPFI_03:147 published to Enterprise/Site/Area/Motor1/Analysis/Diagnosis/prediction
-----------------------------------------
[Motor3] raw_latency_ms=423.211
[Motor3] EDGE UTC : 2026-08-11T12:30:22.500763+00:00
[Motor3] CLOUD UTC: 2026-08-11T12:30:22.923974+00:00
-------------
Batch 0Nm_BPFI_03:98 from Motor3 received. Processing...
FFT for batch 0Nm_BPFI_03:98 published to Enterprise/Site/Area/Motor3/Analysis/Vibration/fft
Prediction for batch 0Nm_BPFI_03:98 published to Enterprise/Site/Area/Motor3/Analysis/Diagnosis/prediction
-----------------------------------------
[Motor1] raw_latency_ms=526.091
[Motor1] EDGE UTC : 2026-08-11T12:30:23.088230+00:00
[Motor1] CLOUD UTC: 2026-08-11T12:30:23.614321+00:00
-------------
Batch 0Nm_BPFI_03:148 from Motor1 received. Processing...
FFT for batch 0Nm_BPFI_03:148 published to Enterprise/Site/Area/Motor1/Analysis/Vibration/fft
Prediction for batch 0Nm_BPFI_03:148 published to Enterprise/Site/Area/Motor1/Analysis/Diagnosis/prediction
-----------------------------------------
[Motor2] raw_latency_ms=448.788
[Motor2] EDGE UTC : 2026-08-11T12:30:23.273139+00:00
[Motor2] CLOUD UTC: 2026-08-11T12:30:23.721927+00:00
-------------
Batch 0Nm_BPFI_03:147 from Motor2 received. Processing...
FFT for batch 0Nm_BPFI_03:147 published to Enterprise/Site/Area/Motor2/Analysis/Vibration/fft
Prediction for batch 0Nm_BPFI_03:147 published to Enterprise/Site/Area/Motor2/Analysis/Diagnosis/prediction
-----------------------------------------
[Motor3] raw_latency_ms=365.832
[Motor3] EDGE UTC : 2026-08-11T12:30:23.506049+00:00
[Motor3] CLOUD UTC: 2026-08-11T12:30:23.871881+00:00
-------------
Batch 0Nm_BPFI_03:99 from Motor3 received. Processing...
FFT for batch 0Nm_BPFI_03:99 published to Enterprise/Site/Area/Motor3/Analysis/Vibration/fft
Prediction for batch 0Nm_BPFI_03:99 published to Enterprise/Site/Area/Motor3/Analysis/Diagnosis/prediction
-----------------------------------------
[Motor2] raw_latency_ms=504.016
[Motor2] EDGE UTC : 2026-08-11T12:30:24.321934+00:00
[Motor2] CLOUD UTC: 2026-08-11T12:30:24.825950+00:00
-------------
Batch 0Nm_BPFI_03:148 from Motor2 received. Processing...
FFT for batch 0Nm_BPFI_03:148 published to Enterprise/Site/Area/Motor2/Analysis/Vibration/fft
Prediction for batch 0Nm_BPFI_03:148 published to Enterprise/Site/Area/Motor2/Analysis/Diagnosis/prediction
-----------------------------------------
[Motor3] raw_latency_ms=418.531
[Motor3] EDGE UTC : 2026-08-11T12:30:24.511915+00:00
[Motor3] CLOUD UTC: 2026-08-11T12:30:24.930446+00:00
-------------
Batch 0Nm_BPFI_03:100 from Motor3 received. Processing...
FFT for batch 0Nm_BPFI_03:100 published to Enterprise/Site/Area/Motor3/Analysis/Vibration/fft
Prediction for batch 0Nm_BPFI_03:100 published to Enterprise/Site/Area/Motor3/Analysis/Diagnosis/prediction
-----------------------------------------
[Motor1] raw_latency_ms=944.563
[Motor1] EDGE UTC : 2026-08-11T12:30:24.131543+00:00
[Motor1] CLOUD UTC: 2026-08-11T12:30:25.076106+00:00
-------------
Batch 0Nm_BPFI_03:149 from Motor1 received. Processing...
FFT for batch 0Nm_BPFI_03:149 published to Enterprise/Site/Area/Motor1/Analysis/Vibration/fft
Prediction for batch 0Nm_BPFI_03:149 published to Enterprise/Site/Area/Motor1/Analysis/Diagnosis/prediction
-----------------------------------------
[Motor1] raw_latency_ms=546.137
[Motor1] EDGE UTC : 2026-08-11T12:30:25.175071+00:00
[Motor1] CLOUD UTC: 2026-08-11T12:30:25.721208+00:00
-------------
Batch 0Nm_BPFI_03:150 from Motor1 received. Processing...
FFT for batch 0Nm_BPFI_03:150 published to Enterprise/Site/Area/Motor1/Analysis/Vibration/fft
Prediction for batch 0Nm_BPFI_03:150 published to Enterprise/Site/Area/Motor1/Analysis/Diagnosis/prediction
-----------------------------------------
[Motor2] raw_latency_ms=455.035
[Motor2] EDGE UTC : 2026-08-11T12:30:25.371340+00:00
[Motor2] CLOUD UTC: 2026-08-11T12:30:25.826375+00:00
-------------
Batch 0Nm_BPFI_03:149 from Motor2 received. Processing...
FFT for batch 0Nm_BPFI_03:149 published to Enterprise/Site/Area/Motor2/Analysis/Vibration/fft
Prediction for batch 0Nm_BPFI_03:149 published to Enterprise/Site/Area/Motor2/Analysis/Diagnosis/prediction
-----------------------------------------
[Motor3] raw_latency_ms=457.014
[Motor3] EDGE UTC : 2026-08-11T12:30:25.517090+00:00
[Motor3] CLOUD UTC: 2026-08-11T12:30:25.974103+00:00
-------------
Batch 0Nm_BPFI_03:101 from Motor3 received. Processing...
FFT for batch 0Nm_BPFI_03:101 published to Enterprise/Site/Area/Motor3/Analysis/Vibration/fft
Prediction for batch 0Nm_BPFI_03:101 published to Enterprise/Site/Area/Motor3/Analysis/Diagnosis/prediction
-----------------------------------------
[Motor3] raw_latency_ms=299.688
[Motor3] EDGE UTC : 2026-08-11T12:30:26.523183+00:00
[Motor3] CLOUD UTC: 2026-08-11T12:30:26.822871+00:00
-------------
Batch 0Nm_BPFI_03:102 from Motor3 received. Processing...
FFT for batch 0Nm_BPFI_03:102 published to Enterprise/Site/Area/Motor3/Analysis/Vibration/fft
Prediction for batch 0Nm_BPFI_03:102 published to Enterprise/Site/Area/Motor3/Analysis/Diagnosis/prediction
-----------------------------------------
[Motor1] raw_latency_ms=708.658
[Motor1] EDGE UTC : 2026-08-11T12:30:26.218754+00:00
[Motor1] CLOUD UTC: 2026-08-11T12:30:26.927412+00:00
-------------
Batch 0Nm_BPFI_03:151 from Motor1 received. Processing...
FFT for batch 0Nm_BPFI_03:151 published to Enterprise/Site/Area/Motor1/Analysis/Vibration/fft
Prediction for batch 0Nm_BPFI_03:151 published to Enterprise/Site/Area/Motor1/Analysis/Diagnosis/prediction
-----------------------------------------
[Motor2] raw_latency_ms=653.546
[Motor2] EDGE UTC : 2026-08-11T12:30:26.420710+00:00
[Motor2] CLOUD UTC: 2026-08-11T12:30:27.074257+00:00
-------------
Batch 0Nm_BPFI_03:150 from Motor2 received. Processing...
FFT for batch 0Nm_BPFI_03:150 published to Enterprise/Site/Area/Motor2/Analysis/Vibration/fft
Prediction for batch 0Nm_BPFI_03:150 published to Enterprise/Site/Area/Motor2/Analysis/Diagnosis/prediction
-----------------------------------------
[Motor1] raw_latency_ms=552.768
[Motor1] EDGE UTC : 2026-08-11T12:30:27.262522+00:00
[Motor1] CLOUD UTC: 2026-08-11T12:30:27.815290+00:00
-------------
Batch 0Nm_BPFI_03:152 from Motor1 received. Processing...
FFT for batch 0Nm_BPFI_03:152 published to Enterprise/Site/Area/Motor1/Analysis/Vibration/fft
Prediction for batch 0Nm_BPFI_03:152 published to Enterprise/Site/Area/Motor1/Analysis/Diagnosis/prediction
-----------------------------------------
[Motor2] raw_latency_ms=452.252
[Motor2] EDGE UTC : 2026-08-11T12:30:27.470196+00:00
[Motor2] CLOUD UTC: 2026-08-11T12:30:27.922449+00:00
-------------
Batch 0Nm_BPFI_03:151 from Motor2 received. Processing...
FFT for batch 0Nm_BPFI_03:151 published to Enterprise/Site/Area/Motor2/Analysis/Vibration/fft
Prediction for batch 0Nm_BPFI_03:151 published to Enterprise/Site/Area/Motor2/Analysis/Diagnosis/prediction
-----------------------------------------
[Motor3] raw_latency_ms=512.199
[Motor3] EDGE UTC : 2026-08-11T12:30:27.527890+00:00
[Motor3] CLOUD UTC: 2026-08-11T12:30:28.040089+00:00
-------------
Batch 0Nm_BPFI_03:103 from Motor3 received. Processing...
FFT for batch 0Nm_BPFI_03:103 published to Enterprise/Site/Area/Motor3/Analysis/Vibration/fft
Prediction for batch 0Nm_BPFI_03:103 published to Enterprise/Site/Area/Motor3/Analysis/Diagnosis/prediction
-----------------------------------------
[Motor3] raw_latency_ms=581.462
[Motor3] EDGE UTC : 2026-08-11T12:30:28.533497+00:00
[Motor3] CLOUD UTC: 2026-08-11T12:30:29.114958+00:00
-------------
Batch 0Nm_BPFI_03:104 from Motor3 received. Processing...
FFT for batch 0Nm_BPFI_03:104 published to Enterprise/Site/Area/Motor3/Analysis/Vibration/fft
Prediction for batch 0Nm_BPFI_03:104 published to Enterprise/Site/Area/Motor3/Analysis/Diagnosis/prediction
-----------------------------------------
[Motor2] raw_latency_ms=704.946
[Motor2] EDGE UTC : 2026-08-11T12:30:28.520437+00:00
[Motor2] CLOUD UTC: 2026-08-11T12:30:29.225383+00:00
-------------
Batch 0Nm_BPFI_03:152 from Motor2 received. Processing...
FFT for batch 0Nm_BPFI_03:152 published to Enterprise/Site/Area/Motor2/Analysis/Vibration/fft
Prediction for batch 0Nm_BPFI_03:152 published to Enterprise/Site/Area/Motor2/Analysis/Diagnosis/prediction
-----------------------------------------
[Motor1] raw_latency_ms=1042.889
[Motor1] EDGE UTC : 2026-08-11T12:30:28.305861+00:00
[Motor1] CLOUD UTC: 2026-08-11T12:30:29.348750+00:00
-------------
Batch 0Nm_BPFI_03:153 from Motor1 received. Processing...
FFT for batch 0Nm_BPFI_03:153 published to Enterprise/Site/Area/Motor1/Analysis/Vibration/fft
Prediction for batch 0Nm_BPFI_03:153 published to Enterprise/Site/Area/Motor1/Analysis/Diagnosis/prediction
-----------------------------------------
[Motor3] raw_latency_ms=218.967
[Motor3] EDGE UTC : 2026-08-11T12:30:29.539986+00:00
[Motor3] CLOUD UTC: 2026-08-11T12:30:29.758953+00:00
-------------
Batch 0Nm_BPFI_03:105 from Motor3 received. Processing...
FFT for batch 0Nm_BPFI_03:105 published to Enterprise/Site/Area/Motor3/Analysis/Vibration/fft
Prediction for batch 0Nm_BPFI_03:105 published to Enterprise/Site/Area/Motor3/Analysis/Diagnosis/prediction
-----------------------------------------
[Motor1] raw_latency_ms=515.028
[Motor1] EDGE UTC : 2026-08-11T12:30:29.348864+00:00
[Motor1] CLOUD UTC: 2026-08-11T12:30:29.863892+00:00
-------------
Batch 0Nm_BPFI_03:154 from Motor1 received. Processing...
FFT for batch 0Nm_BPFI_03:154 published to Enterprise/Site/Area/Motor1/Analysis/Vibration/fft
Prediction for batch 0Nm_BPFI_03:154 published to Enterprise/Site/Area/Motor1/Analysis/Diagnosis/prediction
-----------------------------------------
[Motor2] raw_latency_ms=597.687
[Motor2] EDGE UTC : 2026-08-11T12:30:29.569936+00:00
[Motor2] CLOUD UTC: 2026-08-11T12:30:30.167622+00:00
-------------
Batch 0Nm_BPFI_03:153 from Motor2 received. Processing...
FFT for batch 0Nm_BPFI_03:153 published to Enterprise/Site/Area/Motor2/Analysis/Vibration/fft
Prediction for batch 0Nm_BPFI_03:153 published to Enterprise/Site/Area/Motor2/Analysis/Diagnosis/prediction
-----------------------------------------
[Motor3] raw_latency_ms=222.039
[Motor3] EDGE UTC : 2026-08-11T12:30:30.546545+00:00
[Motor3] CLOUD UTC: 2026-08-11T12:30:30.768585+00:00
-------------
Batch 0Nm_BPFI_03:106 from Motor3 received. Processing...
FFT for batch 0Nm_BPFI_03:106 published to Enterprise/Site/Area/Motor3/Analysis/Vibration/fft
Prediction for batch 0Nm_BPFI_03:106 published to Enterprise/Site/Area/Motor3/Analysis/Diagnosis/prediction
-----------------------------------------
[Motor1] raw_latency_ms=486.275
[Motor1] EDGE UTC : 2026-08-11T12:30:30.392148+00:00
[Motor1] CLOUD UTC: 2026-08-11T12:30:30.878423+00:00
-------------
Batch 0Nm_BPFI_03:155 from Motor1 received. Processing...
FFT for batch 0Nm_BPFI_03:155 published to Enterprise/Site/Area/Motor1/Analysis/Vibration/fft
Prediction for batch 0Nm_BPFI_03:155 published to Enterprise/Site/Area/Motor1/Analysis/Diagnosis/prediction
-----------------------------------------
[Motor2] raw_latency_ms=571.025
[Motor2] EDGE UTC : 2026-08-11T12:30:30.618769+00:00
[Motor2] CLOUD UTC: 2026-08-11T12:30:31.189794+00:00
-------------
Batch 0Nm_BPFI_03:154 from Motor2 received. Processing...
FFT for batch 0Nm_BPFI_03:154 published to Enterprise/Site/Area/Motor2/Analysis/Vibration/fft
Prediction for batch 0Nm_BPFI_03:154 published to Enterprise/Site/Area/Motor2/Analysis/Diagnosis/prediction
-----------------------------------------
[Motor3] raw_latency_ms=307.452
[Motor3] EDGE UTC : 2026-08-11T12:30:31.551489+00:00
[Motor3] CLOUD UTC: 2026-08-11T12:30:31.858941+00:00
-------------
Batch 0Nm_BPFI_03:107 from Motor3 received. Processing...
FFT for batch 0Nm_BPFI_03:107 published to Enterprise/Site/Area/Motor3/Analysis/Vibration/fft
Prediction for batch 0Nm_BPFI_03:107 published to Enterprise/Site/Area/Motor3/Analysis/Diagnosis/prediction
-----------------------------------------
[Motor1] raw_latency_ms=535.796
[Motor1] EDGE UTC : 2026-08-11T12:30:31.430144+00:00
[Motor1] CLOUD UTC: 2026-08-11T12:30:31.965941+00:00
-------------
Batch 0Nm_BPFI_03:156 from Motor1 received. Processing...
FFT for batch 0Nm_BPFI_03:156 published to Enterprise/Site/Area/Motor1/Analysis/Vibration/fft
Prediction for batch 0Nm_BPFI_03:156 published to Enterprise/Site/Area/Motor1/Analysis/Diagnosis/prediction
-----------------------------------------
[Motor2] raw_latency_ms=576.451
[Motor2] EDGE UTC : 2026-08-11T12:30:31.667610+00:00
[Motor2] CLOUD UTC: 2026-08-11T12:30:32.244060+00:00
-------------
Batch 0Nm_BPFI_03:155 from Motor2 received. Processing...
FFT for batch 0Nm_BPFI_03:155 published to Enterprise/Site/Area/Motor2/Analysis/Vibration/fft
Prediction for batch 0Nm_BPFI_03:155 published to Enterprise/Site/Area/Motor2/Analysis/Diagnosis/prediction
-----------------------------------------
[Motor3] raw_latency_ms=215.362
[Motor3] EDGE UTC : 2026-08-11T12:30:32.557226+00:00
[Motor3] CLOUD UTC: 2026-08-11T12:30:32.772588+00:00
-------------
Batch 0Nm_BPFI_03:108 from Motor3 received. Processing...
FFT for batch 0Nm_BPFI_03:108 published to Enterprise/Site/Area/Motor3/Analysis/Vibration/fft
Prediction for batch 0Nm_BPFI_03:108 published to Enterprise/Site/Area/Motor3/Analysis/Diagnosis/prediction
-----------------------------------------
[Motor1] raw_latency_ms=468.544
[Motor1] EDGE UTC : 2026-08-11T12:30:32.469044+00:00
[Motor1] CLOUD UTC: 2026-08-11T12:30:32.937588+00:00
-------------
Batch 0Nm_BPFI_03:157 from Motor1 received. Processing...
FFT for batch 0Nm_BPFI_03:157 published to Enterprise/Site/Area/Motor1/Analysis/Vibration/fft
Prediction for batch 0Nm_BPFI_03:157 published to Enterprise/Site/Area/Motor1/Analysis/Diagnosis/prediction
-----------------------------------------
[Motor2] raw_latency_ms=563.542
[Motor2] EDGE UTC : 2026-08-11T12:30:32.715077+00:00
[Motor2] CLOUD UTC: 2026-08-11T12:30:33.278619+00:00
-------------
Batch 0Nm_BPFI_03:156 from Motor2 received. Processing...
FFT for batch 0Nm_BPFI_03:156 published to Enterprise/Site/Area/Motor2/Analysis/Vibration/fft
Prediction for batch 0Nm_BPFI_03:156 published to Enterprise/Site/Area/Motor2/Analysis/Diagnosis/prediction
-----------------------------------------
[Motor3] raw_latency_ms=242.715
[Motor3] EDGE UTC : 2026-08-11T12:30:33.564988+00:00
[Motor3] CLOUD UTC: 2026-08-11T12:30:33.807703+00:00
-------------
Batch 0Nm_BPFI_03:109 from Motor3 received. Processing...
FFT for batch 0Nm_BPFI_03:109 published to Enterprise/Site/Area/Motor3/Analysis/Vibration/fft
Prediction for batch 0Nm_BPFI_03:109 published to Enterprise/Site/Area/Motor3/Analysis/Diagnosis/prediction
-----------------------------------------
[Motor1] raw_latency_ms=494.679
[Motor1] EDGE UTC : 2026-08-11T12:30:33.507902+00:00
[Motor1] CLOUD UTC: 2026-08-11T12:30:34.002582+00:00
-------------
Batch 0Nm_BPFI_03:158 from Motor1 received. Processing...
FFT for batch 0Nm_BPFI_03:158 published to Enterprise/Site/Area/Motor1/Analysis/Vibration/fft
Prediction for batch 0Nm_BPFI_03:158 published to Enterprise/Site/Area/Motor1/Analysis/Diagnosis/prediction
-----------------------------------------
[Motor2] raw_latency_ms=575.820
[Motor2] EDGE UTC : 2026-08-11T12:30:33.764132+00:00
[Motor2] CLOUD UTC: 2026-08-11T12:30:34.339952+00:00
-------------
Batch 0Nm_BPFI_03:157 from Motor2 received. Processing...
FFT for batch 0Nm_BPFI_03:157 published to Enterprise/Site/Area/Motor2/Analysis/Vibration/fft
Prediction for batch 0Nm_BPFI_03:157 published to Enterprise/Site/Area/Motor2/Analysis/Diagnosis/prediction
-----------------------------------------
[Motor3] raw_latency_ms=320.841
[Motor3] EDGE UTC : 2026-08-11T12:30:34.575233+00:00
[Motor3] CLOUD UTC: 2026-08-11T12:30:34.896074+00:00
-------------
Batch 0Nm_BPFI_03:110 from Motor3 received. Processing...
FFT for batch 0Nm_BPFI_03:110 published to Enterprise/Site/Area/Motor3/Analysis/Vibration/fft
Prediction for batch 0Nm_BPFI_03:110 published to Enterprise/Site/Area/Motor3/Analysis/Diagnosis/prediction
-----------------------------------------
[Motor1] raw_latency_ms=536.962
[Motor1] EDGE UTC : 2026-08-11T12:30:34.547100+00:00
[Motor1] CLOUD UTC: 2026-08-11T12:30:35.084061+00:00
-------------
Batch 0Nm_BPFI_03:159 from Motor1 received. Processing...
FFT for batch 0Nm_BPFI_03:159 published to Enterprise/Site/Area/Motor1/Analysis/Vibration/fft
Prediction for batch 0Nm_BPFI_03:159 published to Enterprise/Site/Area/Motor1/Analysis/Diagnosis/prediction
-----------------------------------------
[Motor2] raw_latency_ms=603.021
[Motor2] EDGE UTC : 2026-08-11T12:30:34.783223+00:00
[Motor2] CLOUD UTC: 2026-08-11T12:30:35.386245+00:00
-------------
Batch 0Nm_BPFI_03:158 from Motor2 received. Processing...
FFT for batch 0Nm_BPFI_03:158 published to Enterprise/Site/Area/Motor2/Analysis/Vibration/fft
Prediction for batch 0Nm_BPFI_03:158 published to Enterprise/Site/Area/Motor2/Analysis/Diagnosis/prediction
-----------------------------------------
[Motor3] raw_latency_ms=229.801
[Motor3] EDGE UTC : 2026-08-11T12:30:35.581531+00:00
[Motor3] CLOUD UTC: 2026-08-11T12:30:35.811332+00:00
-------------
Batch 0Nm_BPFI_03:111 from Motor3 received. Processing...
FFT for batch 0Nm_BPFI_03:111 published to Enterprise/Site/Area/Motor3/Analysis/Vibration/fft
Prediction for batch 0Nm_BPFI_03:111 published to Enterprise/Site/Area/Motor3/Analysis/Diagnosis/prediction
-----------------------------------------
[Motor1] raw_latency_ms=443.822
[Motor1] EDGE UTC : 2026-08-11T12:30:35.584617+00:00
[Motor1] CLOUD UTC: 2026-08-11T12:30:36.028440+00:00
-------------
Batch 0Nm_BPFI_03:160 from Motor1 received. Processing...
FFT for batch 0Nm_BPFI_03:160 published to Enterprise/Site/Area/Motor1/Analysis/Vibration/fft
Prediction for batch 0Nm_BPFI_03:160 published to Enterprise/Site/Area/Motor1/Analysis/Diagnosis/prediction
-----------------------------------------
[Motor2] raw_latency_ms=615.131
[Motor2] EDGE UTC : 2026-08-11T12:30:35.802470+00:00
[Motor2] CLOUD UTC: 2026-08-11T12:30:36.417600+00:00
-------------
Batch 0Nm_BPFI_03:159 from Motor2 received. Processing...
FFT for batch 0Nm_BPFI_03:159 published to Enterprise/Site/Area/Motor2/Analysis/Vibration/fft
Prediction for batch 0Nm_BPFI_03:159 published to Enterprise/Site/Area/Motor2/Analysis/Diagnosis/prediction
-----------------------------------------
[Motor3] raw_latency_ms=223.150
[Motor3] EDGE UTC : 2026-08-11T12:30:36.587724+00:00
[Motor3] CLOUD UTC: 2026-08-11T12:30:36.810874+00:00
-------------
Batch 0Nm_BPFI_03:112 from Motor3 received. Processing...
FFT for batch 0Nm_BPFI_03:112 published to Enterprise/Site/Area/Motor3/Analysis/Vibration/fft
Prediction for batch 0Nm_BPFI_03:112 published to Enterprise/Site/Area/Motor3/Analysis/Diagnosis/prediction
-----------------------------------------
[Motor1] raw_latency_ms=456.974
[Motor1] EDGE UTC : 2026-08-11T12:30:36.622096+00:00
[Motor1] CLOUD UTC: 2026-08-11T12:30:37.079070+00:00
-------------
Batch 0Nm_BPFI_03:161 from Motor1 received. Processing...
FFT for batch 0Nm_BPFI_03:161 published to Enterprise/Site/Area/Motor1/Analysis/Vibration/fft
Prediction for batch 0Nm_BPFI_03:161 published to Enterprise/Site/Area/Motor1/Analysis/Diagnosis/prediction
-----------------------------------------
[Motor2] raw_latency_ms=616.324
[Motor2] EDGE UTC : 2026-08-11T12:30:36.824476+00:00
[Motor2] CLOUD UTC: 2026-08-11T12:30:37.440800+00:00
-------------
Batch 0Nm_BPFI_03:160 from Motor2 received. Processing...
FFT for batch 0Nm_BPFI_03:160 published to Enterprise/Site/Area/Motor2/Analysis/Vibration/fft
Prediction for batch 0Nm_BPFI_03:160 published to Enterprise/Site/Area/Motor2/Analysis/Diagnosis/prediction
-----------------------------------------
[Motor3] raw_latency_ms=223.239
[Motor3] EDGE UTC : 2026-08-11T12:30:37.597423+00:00
[Motor3] CLOUD UTC: 2026-08-11T12:30:37.820662+00:00
-------------
Batch 0Nm_BPFI_03:113 from Motor3 received. Processing...
FFT for batch 0Nm_BPFI_03:113 published to Enterprise/Site/Area/Motor3/Analysis/Vibration/fft
Prediction for batch 0Nm_BPFI_03:113 published to Enterprise/Site/Area/Motor3/Analysis/Diagnosis/prediction
-----------------------------------------
[Motor1] raw_latency_ms=435.031
[Motor1] EDGE UTC : 2026-08-11T12:30:37.665936+00:00
[Motor1] CLOUD UTC: 2026-08-11T12:30:38.100968+00:00
-------------
Batch 0Nm_BPFI_03:162 from Motor1 received. Processing...
FFT for batch 0Nm_BPFI_03:162 published to Enterprise/Site/Area/Motor1/Analysis/Vibration/fft
Prediction for batch 0Nm_BPFI_03:162 published to Enterprise/Site/Area/Motor1/Analysis/Diagnosis/prediction
-----------------------------------------
[Motor2] raw_latency_ms=565.629
[Motor2] EDGE UTC : 2026-08-11T12:30:37.844012+00:00
[Motor2] CLOUD UTC: 2026-08-11T12:30:38.409642+00:00
-------------
Batch 0Nm_BPFI_03:161 from Motor2 received. Processing...
FFT for batch 0Nm_BPFI_03:161 published to Enterprise/Site/Area/Motor2/Analysis/Vibration/fft
Prediction for batch 0Nm_BPFI_03:161 published to Enterprise/Site/Area/Motor2/Analysis/Diagnosis/prediction
-----------------------------------------
[Motor3] raw_latency_ms=223.306
[Motor3] EDGE UTC : 2026-08-11T12:30:38.601232+00:00
[Motor3] CLOUD UTC: 2026-08-11T12:30:38.824538+00:00
-------------
Batch 0Nm_BPFI_03:114 from Motor3 received. Processing...
FFT for batch 0Nm_BPFI_03:114 published to Enterprise/Site/Area/Motor3/Analysis/Vibration/fft
Prediction for batch 0Nm_BPFI_03:114 published to Enterprise/Site/Area/Motor3/Analysis/Diagnosis/prediction
-----------------------------------------
[Motor1] raw_latency_ms=665.100
[Motor1] EDGE UTC : 2026-08-11T12:30:38.816361+00:00
[Motor1] CLOUD UTC: 2026-08-11T12:30:39.481460+00:00
-------------
Batch 0Nm_BPFI_03:163 from Motor1 received. Processing...
FFT for batch 0Nm_BPFI_03:163 published to Enterprise/Site/Area/Motor1/Analysis/Vibration/fft
Prediction for batch 0Nm_BPFI_03:163 published to Enterprise/Site/Area/Motor1/Analysis/Diagnosis/prediction
-----------------------------------------
[Motor2] raw_latency_ms=700.121
[Motor2] EDGE UTC : 2026-08-11T12:30:38.889035+00:00
[Motor2] CLOUD UTC: 2026-08-11T12:30:39.589157+00:00
-------------
Batch 0Nm_BPFI_03:162 from Motor2 received. Processing...
FFT for batch 0Nm_BPFI_03:162 published to Enterprise/Site/Area/Motor2/Analysis/Vibration/fft
Prediction for batch 0Nm_BPFI_03:162 published to Enterprise/Site/Area/Motor2/Analysis/Diagnosis/prediction
-----------------------------------------
[Motor3] raw_latency_ms=223.512
[Motor3] EDGE UTC : 2026-08-11T12:30:39.604560+00:00
[Motor3] CLOUD UTC: 2026-08-11T12:30:39.828073+00:00
-------------
Batch 0Nm_BPFI_03:115 from Motor3 received. Processing...
FFT for batch 0Nm_BPFI_03:115 published to Enterprise/Site/Area/Motor3/Analysis/Vibration/fft
Prediction for batch 0Nm_BPFI_03:115 published to Enterprise/Site/Area/Motor3/Analysis/Diagnosis/prediction
-----------------------------------------
[Motor1] raw_latency_ms=412.076
[Motor1] EDGE UTC : 2026-08-11T12:30:39.861584+00:00
[Motor1] CLOUD UTC: 2026-08-11T12:30:40.273660+00:00
-------------
Batch 0Nm_BPFI_03:164 from Motor1 received. Processing...
FFT for batch 0Nm_BPFI_03:164 published to Enterprise/Site/Area/Motor1/Analysis/Vibration/fft
Prediction for batch 0Nm_BPFI_03:164 published to Enterprise/Site/Area/Motor1/Analysis/Diagnosis/prediction
-----------------------------------------
[Motor2] raw_latency_ms=559.032
[Motor2] EDGE UTC : 2026-08-11T12:30:39.937533+00:00
[Motor2] CLOUD UTC: 2026-08-11T12:30:40.496565+00:00
-------------
Batch 0Nm_BPFI_03:163 from Motor2 received. Processing...
FFT for batch 0Nm_BPFI_03:163 published to Enterprise/Site/Area/Motor2/Analysis/Vibration/fft
Prediction for batch 0Nm_BPFI_03:163 published to Enterprise/Site/Area/Motor2/Analysis/Diagnosis/prediction
-----------------------------------------
[Motor3] raw_latency_ms=224.642
[Motor3] EDGE UTC : 2026-08-11T12:30:40.608064+00:00
[Motor3] CLOUD UTC: 2026-08-11T12:30:40.832706+00:00
-------------
Batch 0Nm_BPFI_03:116 from Motor3 received. Processing...
FFT for batch 0Nm_BPFI_03:116 published to Enterprise/Site/Area/Motor3/Analysis/Vibration/fft
Prediction for batch 0Nm_BPFI_03:116 published to Enterprise/Site/Area/Motor3/Analysis/Diagnosis/prediction
-----------------------------------------
[Motor1] raw_latency_ms=414.369
[Motor1] EDGE UTC : 2026-08-11T12:30:40.906940+00:00
[Motor1] CLOUD UTC: 2026-08-11T12:30:41.321309+00:00
-------------
Batch 0Nm_BPFI_03:165 from Motor1 received. Processing...
FFT for batch 0Nm_BPFI_03:165 published to Enterprise/Site/Area/Motor1/Analysis/Vibration/fft
Prediction for batch 0Nm_BPFI_03:165 published to Enterprise/Site/Area/Motor1/Analysis/Diagnosis/prediction
-----------------------------------------
[Motor2] raw_latency_ms=574.361
[Motor2] EDGE UTC : 2026-08-11T12:30:40.987421+00:00
[Motor2] CLOUD UTC: 2026-08-11T12:30:41.561781+00:00
-------------
Batch 0Nm_BPFI_03:164 from Motor2 received. Processing...
FFT for batch 0Nm_BPFI_03:164 published to Enterprise/Site/Area/Motor2/Analysis/Vibration/fft
Prediction for batch 0Nm_BPFI_03:164 published to Enterprise/Site/Area/Motor2/Analysis/Diagnosis/prediction
-----------------------------------------
[Motor3] raw_latency_ms=224.055
[Motor3] EDGE UTC : 2026-08-11T12:30:41.613833+00:00
[Motor3] CLOUD UTC: 2026-08-11T12:30:41.837888+00:00
-------------
Batch 0Nm_BPFI_03:117 from Motor3 received. Processing...
FFT for batch 0Nm_BPFI_03:117 published to Enterprise/Site/Area/Motor3/Analysis/Vibration/fft
Prediction for batch 0Nm_BPFI_03:117 published to Enterprise/Site/Area/Motor3/Analysis/Diagnosis/prediction
-----------------------------------------
[Motor1] raw_latency_ms=436.426
[Motor1] EDGE UTC : 2026-08-11T12:30:41.952097+00:00
[Motor1] CLOUD UTC: 2026-08-11T12:30:42.388523+00:00
-------------
Batch 0Nm_BPFI_03:166 from Motor1 received. Processing...
FFT for batch 0Nm_BPFI_03:166 published to Enterprise/Site/Area/Motor1/Analysis/Vibration/fft
Prediction for batch 0Nm_BPFI_03:166 published to Enterprise/Site/Area/Motor1/Analysis/Diagnosis/prediction
-----------------------------------------
[Motor2] raw_latency_ms=558.750
[Motor2] EDGE UTC : 2026-08-11T12:30:42.036690+00:00
[Motor2] CLOUD UTC: 2026-08-11T12:30:42.595440+00:00
-------------
Batch 0Nm_BPFI_03:165 from Motor2 received. Processing...
FFT for batch 0Nm_BPFI_03:165 published to Enterprise/Site/Area/Motor2/Analysis/Vibration/fft
Prediction for batch 0Nm_BPFI_03:165 published to Enterprise/Site/Area/Motor2/Analysis/Diagnosis/prediction
-----------------------------------------
[Motor3] raw_latency_ms=218.228
[Motor3] EDGE UTC : 2026-08-11T12:30:42.619041+00:00
[Motor3] CLOUD UTC: 2026-08-11T12:30:42.837269+00:00
-------------
Batch 0Nm_BPFI_03:118 from Motor3 received. Processing...
FFT for batch 0Nm_BPFI_03:118 published to Enterprise/Site/Area/Motor3/Analysis/Vibration/fft
Prediction for batch 0Nm_BPFI_03:118 published to Enterprise/Site/Area/Motor3/Analysis/Diagnosis/prediction
-----------------------------------------
[Motor1] raw_latency_ms=412.393
[Motor1] EDGE UTC : 2026-08-11T12:30:42.997435+00:00
[Motor1] CLOUD UTC: 2026-08-11T12:30:43.409828+00:00
-------------
Batch 0Nm_BPFI_03:167 from Motor1 received. Processing...
FFT for batch 0Nm_BPFI_03:167 published to Enterprise/Site/Area/Motor1/Analysis/Vibration/fft
Prediction for batch 0Nm_BPFI_03:167 published to Enterprise/Site/Area/Motor1/Analysis/Diagnosis/prediction
-----------------------------------------
[Motor2] raw_latency_ms=551.049
[Motor2] EDGE UTC : 2026-08-11T12:30:43.086224+00:00
[Motor2] CLOUD UTC: 2026-08-11T12:30:43.637273+00:00
-------------
Batch 0Nm_BPFI_03:166 from Motor2 received. Processing...
FFT for batch 0Nm_BPFI_03:166 published to Enterprise/Site/Area/Motor2/Analysis/Vibration/fft
Prediction for batch 0Nm_BPFI_03:166 published to Enterprise/Site/Area/Motor2/Analysis/Diagnosis/prediction
-----------------------------------------
[Motor3] raw_latency_ms=230.153
[Motor3] EDGE UTC : 2026-08-11T12:30:43.622551+00:00
[Motor3] CLOUD UTC: 2026-08-11T12:30:43.852704+00:00
-------------
Batch 0Nm_BPFI_03:119 from Motor3 received. Processing...
FFT for batch 0Nm_BPFI_03:119 published to Enterprise/Site/Area/Motor3/Analysis/Vibration/fft
Prediction for batch 0Nm_BPFI_03:119 published to Enterprise/Site/Area/Motor3/Analysis/Diagnosis/prediction
-----------------------------------------
[Motor1] raw_latency_ms=413.347
[Motor1] EDGE UTC : 2026-08-11T12:30:44.036620+00:00
[Motor1] CLOUD UTC: 2026-08-11T12:30:44.449967+00:00
-------------
Batch 0Nm_BPFI_03:168 from Motor1 received. Processing...
FFT for batch 0Nm_BPFI_03:168 published to Enterprise/Site/Area/Motor1/Analysis/Vibration/fft
Prediction for batch 0Nm_BPFI_03:168 published to Enterprise/Site/Area/Motor1/Analysis/Diagnosis/prediction
-----------------------------------------
[Motor2] raw_latency_ms=551.269
[Motor2] EDGE UTC : 2026-08-11T12:30:44.135619+00:00
[Motor2] CLOUD UTC: 2026-08-11T12:30:44.686888+00:00
-------------
Batch 0Nm_BPFI_03:167 from Motor2 received. Processing...
FFT for batch 0Nm_BPFI_03:167 published to Enterprise/Site/Area/Motor2/Analysis/Vibration/fft
Prediction for batch 0Nm_BPFI_03:167 published to Enterprise/Site/Area/Motor2/Analysis/Diagnosis/prediction
-----------------------------------------
[Motor3] raw_latency_ms=225.252
[Motor3] EDGE UTC : 2026-08-11T12:30:44.670469+00:00
[Motor3] CLOUD UTC: 2026-08-11T12:30:44.895721+00:00
-------------
Batch 0Nm_BPFI_03:120 from Motor3 received. Processing...
FFT for batch 0Nm_BPFI_03:120 published to Enterprise/Site/Area/Motor3/Analysis/Vibration/fft
Prediction for batch 0Nm_BPFI_03:120 published to Enterprise/Site/Area/Motor3/Analysis/Diagnosis/prediction
-----------------------------------------
[Motor1] raw_latency_ms=500.912
[Motor1] EDGE UTC : 2026-08-11T12:30:45.076693+00:00
[Motor1] CLOUD UTC: 2026-08-11T12:30:45.577605+00:00
-------------
Batch 0Nm_BPFI_03:169 from Motor1 received. Processing...
FFT for batch 0Nm_BPFI_03:169 published to Enterprise/Site/Area/Motor1/Analysis/Vibration/fft
Prediction for batch 0Nm_BPFI_03:169 published to Enterprise/Site/Area/Motor1/Analysis/Diagnosis/prediction
-----------------------------------------
[Motor2] raw_latency_ms=552.193
[Motor2] EDGE UTC : 2026-08-11T12:30:45.185276+00:00
[Motor2] CLOUD UTC: 2026-08-11T12:30:45.737469+00:00
-------------
Batch 0Nm_BPFI_03:168 from Motor2 received. Processing...
FFT for batch 0Nm_BPFI_03:168 published to Enterprise/Site/Area/Motor2/Analysis/Vibration/fft
Prediction for batch 0Nm_BPFI_03:168 published to Enterprise/Site/Area/Motor2/Analysis/Diagnosis/prediction
-----------------------------------------
[Motor3] raw_latency_ms=250.056
[Motor3] EDGE UTC : 2026-08-11T12:30:45.674962+00:00
[Motor3] CLOUD UTC: 2026-08-11T12:30:45.925018+00:00
-------------
Batch 0Nm_BPFI_03:121 from Motor3 received. Processing...
FFT for batch 0Nm_BPFI_03:121 published to Enterprise/Site/Area/Motor3/Analysis/Vibration/fft
Prediction for batch 0Nm_BPFI_03:121 published to Enterprise/Site/Area/Motor3/Analysis/Diagnosis/prediction
-----------------------------------------
[Motor1] raw_latency_ms=501.702
[Motor1] EDGE UTC : 2026-08-11T12:30:46.115689+00:00
[Motor1] CLOUD UTC: 2026-08-11T12:30:46.617391+00:00
-------------
Batch 0Nm_BPFI_03:170 from Motor1 received. Processing...
FFT for batch 0Nm_BPFI_03:170 published to Enterprise/Site/Area/Motor1/Analysis/Vibration/fft
Prediction for batch 0Nm_BPFI_03:170 published to Enterprise/Site/Area/Motor1/Analysis/Diagnosis/prediction
-----------------------------------------
[Motor2] raw_latency_ms=546.376
[Motor2] EDGE UTC : 2026-08-11T12:30:46.233938+00:00
[Motor2] CLOUD UTC: 2026-08-11T12:30:46.780313+00:00
-------------
Batch 0Nm_BPFI_03:169 from Motor2 received. Processing...
FFT for batch 0Nm_BPFI_03:169 published to Enterprise/Site/Area/Motor2/Analysis/Vibration/fft
Prediction for batch 0Nm_BPFI_03:169 published to Enterprise/Site/Area/Motor2/Analysis/Diagnosis/prediction
-----------------------------------------
[Motor3] raw_latency_ms=308.792
[Motor3] EDGE UTC : 2026-08-11T12:30:46.678299+00:00
[Motor3] CLOUD UTC: 2026-08-11T12:30:46.987091+00:00
-------------
Batch 0Nm_BPFI_03:122 from Motor3 received. Processing...
FFT for batch 0Nm_BPFI_03:122 published to Enterprise/Site/Area/Motor3/Analysis/Vibration/fft
Prediction for batch 0Nm_BPFI_03:122 published to Enterprise/Site/Area/Motor3/Analysis/Diagnosis/prediction
-----------------------------------------
[Motor1] raw_latency_ms=504.946
[Motor1] EDGE UTC : 2026-08-11T12:30:47.155159+00:00
[Motor1] CLOUD UTC: 2026-08-11T12:30:47.660105+00:00
-------------
Batch 0Nm_BPFI_03:171 from Motor1 received. Processing...
FFT for batch 0Nm_BPFI_03:171 published to Enterprise/Site/Area/Motor1/Analysis/Vibration/fft
Prediction for batch 0Nm_BPFI_03:171 published to Enterprise/Site/Area/Motor1/Analysis/Diagnosis/prediction
-----------------------------------------
[Motor2] raw_latency_ms=570.496
[Motor2] EDGE UTC : 2026-08-11T12:30:47.282704+00:00
[Motor2] CLOUD UTC: 2026-08-11T12:30:47.853200+00:00
-------------
Batch 0Nm_BPFI_03:170 from Motor2 received. Processing...
FFT for batch 0Nm_BPFI_03:170 published to Enterprise/Site/Area/Motor2/Analysis/Vibration/fft
Prediction for batch 0Nm_BPFI_03:170 published to Enterprise/Site/Area/Motor2/Analysis/Diagnosis/prediction
-----------------------------------------
[Motor3] raw_latency_ms=375.708
[Motor3] EDGE UTC : 2026-08-11T12:30:47.682574+00:00
[Motor3] CLOUD UTC: 2026-08-11T12:30:48.058281+00:00
-------------
Batch 0Nm_BPFI_03:123 from Motor3 received. Processing...
FFT for batch 0Nm_BPFI_03:123 published to Enterprise/Site/Area/Motor3/Analysis/Vibration/fft
Prediction for batch 0Nm_BPFI_03:123 published to Enterprise/Site/Area/Motor3/Analysis/Diagnosis/prediction
-----------------------------------------
[Motor1] raw_latency_ms=494.711
[Motor1] EDGE UTC : 2026-08-11T12:30:48.194536+00:00
[Motor1] CLOUD UTC: 2026-08-11T12:30:48.689247+00:00
-------------
Batch 0Nm_BPFI_03:172 from Motor1 received. Processing...
FFT for batch 0Nm_BPFI_03:172 published to Enterprise/Site/Area/Motor1/Analysis/Vibration/fft
Prediction for batch 0Nm_BPFI_03:172 published to Enterprise/Site/Area/Motor1/Analysis/Diagnosis/prediction
-----------------------------------------
[Motor2] raw_latency_ms=554.583
[Motor2] EDGE UTC : 2026-08-11T12:30:48.332421+00:00
[Motor2] CLOUD UTC: 2026-08-11T12:30:48.887004+00:00
-------------
Batch 0Nm_BPFI_03:171 from Motor2 received. Processing...
FFT for batch 0Nm_BPFI_03:171 published to Enterprise/Site/Area/Motor2/Analysis/Vibration/fft
Prediction for batch 0Nm_BPFI_03:171 published to Enterprise/Site/Area/Motor2/Analysis/Diagnosis/prediction
-----------------------------------------
[Motor3] raw_latency_ms=376.116
[Motor3] EDGE UTC : 2026-08-11T12:30:48.689723+00:00
[Motor3] CLOUD UTC: 2026-08-11T12:30:49.065839+00:00
-------------
Batch 0Nm_BPFI_03:124 from Motor3 received. Processing...
FFT for batch 0Nm_BPFI_03:124 published to Enterprise/Site/Area/Motor3/Analysis/Vibration/fft
Prediction for batch 0Nm_BPFI_03:124 published to Enterprise/Site/Area/Motor3/Analysis/Diagnosis/prediction
-----------------------------------------
[Motor1] raw_latency_ms=493.132
[Motor1] EDGE UTC : 2026-08-11T12:30:49.235069+00:00
[Motor1] CLOUD UTC: 2026-08-11T12:30:49.728201+00:00
-------------
Batch 0Nm_BPFI_03:173 from Motor1 received. Processing...
FFT for batch 0Nm_BPFI_03:173 published to Enterprise/Site/Area/Motor1/Analysis/Vibration/fft
Prediction for batch 0Nm_BPFI_03:173 published to Enterprise/Site/Area/Motor1/Analysis/Diagnosis/prediction
-----------------------------------------
[Motor2] raw_latency_ms=523.188
[Motor2] EDGE UTC : 2026-08-11T12:30:49.381197+00:00
[Motor2] CLOUD UTC: 2026-08-11T12:30:49.904385+00:00
-------------
Batch 0Nm_BPFI_03:172 from Motor2 received. Processing...
FFT for batch 0Nm_BPFI_03:172 published to Enterprise/Site/Area/Motor2/Analysis/Vibration/fft
Prediction for batch 0Nm_BPFI_03:172 published to Enterprise/Site/Area/Motor2/Analysis/Diagnosis/prediction
-----------------------------------------
[Motor3] raw_latency_ms=414.074
[Motor3] EDGE UTC : 2026-08-11T12:30:49.693640+00:00
[Motor3] CLOUD UTC: 2026-08-11T12:30:50.107714+00:00
-------------
Batch 0Nm_BPFI_03:125 from Motor3 received. Processing...
FFT for batch 0Nm_BPFI_03:125 published to Enterprise/Site/Area/Motor3/Analysis/Vibration/fft
Prediction for batch 0Nm_BPFI_03:125 published to Enterprise/Site/Area/Motor3/Analysis/Diagnosis/prediction
-----------------------------------------
[Motor1] raw_latency_ms=503.722
[Motor1] EDGE UTC : 2026-08-11T12:30:50.274531+00:00
[Motor1] CLOUD UTC: 2026-08-11T12:30:50.778254+00:00
-------------
Batch 0Nm_BPFI_03:174 from Motor1 received. Processing...
FFT for batch 0Nm_BPFI_03:174 published to Enterprise/Site/Area/Motor1/Analysis/Vibration/fft
Prediction for batch 0Nm_BPFI_03:174 published to Enterprise/Site/Area/Motor1/Analysis/Diagnosis/prediction
-----------------------------------------
[Motor2] raw_latency_ms=457.485
[Motor2] EDGE UTC : 2026-08-11T12:30:50.431190+00:00
[Motor2] CLOUD UTC: 2026-08-11T12:30:50.888674+00:00
-------------
Batch 0Nm_BPFI_03:173 from Motor2 received. Processing...
FFT for batch 0Nm_BPFI_03:173 published to Enterprise/Site/Area/Motor2/Analysis/Vibration/fft
Prediction for batch 0Nm_BPFI_03:173 published to Enterprise/Site/Area/Motor2/Analysis/Diagnosis/prediction
-----------------------------------------
[Motor3] raw_latency_ms=300.540
[Motor3] EDGE UTC : 2026-08-11T12:30:50.699543+00:00
[Motor3] CLOUD UTC: 2026-08-11T12:30:51.000084+00:00
-------------
Batch 0Nm_BPFI_03:126 from Motor3 received. Processing...
FFT for batch 0Nm_BPFI_03:126 published to Enterprise/Site/Area/Motor3/Analysis/Vibration/fft
Prediction for batch 0Nm_BPFI_03:126 published to Enterprise/Site/Area/Motor3/Analysis/Diagnosis/prediction
-----------------------------------------
[Motor1] raw_latency_ms=513.601
[Motor1] EDGE UTC : 2026-08-11T12:30:51.313715+00:00
[Motor1] CLOUD UTC: 2026-08-11T12:30:51.827316+00:00
-------------
Batch 0Nm_BPFI_03:175 from Motor1 received. Processing...
FFT for batch 0Nm_BPFI_03:175 published to Enterprise/Site/Area/Motor1/Analysis/Vibration/fft
Prediction for batch 0Nm_BPFI_03:175 published to Enterprise/Site/Area/Motor1/Analysis/Diagnosis/prediction
-----------------------------------------
[Motor3] raw_latency_ms=227.377
[Motor3] EDGE UTC : 2026-08-11T12:30:51.704942+00:00
[Motor3] CLOUD UTC: 2026-08-11T12:30:51.932319+00:00
-------------
Batch 0Nm_BPFI_03:127 from Motor3 received. Processing...
FFT for batch 0Nm_BPFI_03:127 published to Enterprise/Site/Area/Motor3/Analysis/Vibration/fft
Prediction for batch 0Nm_BPFI_03:127 published to Enterprise/Site/Area/Motor3/Analysis/Diagnosis/prediction
-----------------------------------------
[Motor2] raw_latency_ms=496.739
[Motor2] EDGE UTC : 2026-08-11T12:30:51.546283+00:00
[Motor2] CLOUD UTC: 2026-08-11T12:30:52.043022+00:00
-------------
Batch 0Nm_BPFI_03:174 from Motor2 received. Processing...
FFT for batch 0Nm_BPFI_03:174 published to Enterprise/Site/Area/Motor2/Analysis/Vibration/fft
Prediction for batch 0Nm_BPFI_03:174 published to Enterprise/Site/Area/Motor2/Analysis/Diagnosis/prediction
-----------------------------------------
[Motor1] raw_latency_ms=507.987
[Motor1] EDGE UTC : 2026-08-11T12:30:52.352979+00:00
[Motor1] CLOUD UTC: 2026-08-11T12:30:52.860966+00:00
-------------
Batch 0Nm_BPFI_03:176 from Motor1 received. Processing...
FFT for batch 0Nm_BPFI_03:176 published to Enterprise/Site/Area/Motor1/Analysis/Vibration/fft
Prediction for batch 0Nm_BPFI_03:176 published to Enterprise/Site/Area/Motor1/Analysis/Diagnosis/prediction
-----------------------------------------
[Motor3] raw_latency_ms=256.210
[Motor3] EDGE UTC : 2026-08-11T12:30:52.708571+00:00
[Motor3] CLOUD UTC: 2026-08-11T12:30:52.964781+00:00
-------------
Batch 0Nm_BPFI_03:128 from Motor3 received. Processing...
FFT for batch 0Nm_BPFI_03:128 published to Enterprise/Site/Area/Motor3/Analysis/Vibration/fft
Prediction for batch 0Nm_BPFI_03:128 published to Enterprise/Site/Area/Motor3/Analysis/Diagnosis/prediction
-----------------------------------------
[Motor2] raw_latency_ms=477.271
[Motor2] EDGE UTC : 2026-08-11T12:30:52.597744+00:00
[Motor2] CLOUD UTC: 2026-08-11T12:30:53.075015+00:00
-------------
Batch 0Nm_BPFI_03:175 from Motor2 received. Processing...
FFT for batch 0Nm_BPFI_03:175 published to Enterprise/Site/Area/Motor2/Analysis/Vibration/fft
Prediction for batch 0Nm_BPFI_03:175 published to Enterprise/Site/Area/Motor2/Analysis/Diagnosis/prediction
-----------------------------------------
[Motor1] raw_latency_ms=507.822
[Motor1] EDGE UTC : 2026-08-11T12:30:53.392158+00:00
[Motor1] CLOUD UTC: 2026-08-11T12:30:53.899980+00:00
-------------
Batch 0Nm_BPFI_03:177 from Motor1 received. Processing...
FFT for batch 0Nm_BPFI_03:177 published to Enterprise/Site/Area/Motor1/Analysis/Vibration/fft
Prediction for batch 0Nm_BPFI_03:177 published to Enterprise/Site/Area/Motor1/Analysis/Diagnosis/prediction
-----------------------------------------
[Motor3] raw_latency_ms=291.057
[Motor3] EDGE UTC : 2026-08-11T12:30:53.713731+00:00
[Motor3] CLOUD UTC: 2026-08-11T12:30:54.004787+00:00
-------------
Batch 0Nm_BPFI_03:129 from Motor3 received. Processing...
FFT for batch 0Nm_BPFI_03:129 published to Enterprise/Site/Area/Motor3/Analysis/Vibration/fft
Prediction for batch 0Nm_BPFI_03:129 published to Enterprise/Site/Area/Motor3/Analysis/Diagnosis/prediction
-----------------------------------------
[Motor2] raw_latency_ms=468.079
[Motor2] EDGE UTC : 2026-08-11T12:30:53.649508+00:00
[Motor2] CLOUD UTC: 2026-08-11T12:30:54.117587+00:00
-------------
Batch 0Nm_BPFI_03:176 from Motor2 received. Processing...
FFT for batch 0Nm_BPFI_03:176 published to Enterprise/Site/Area/Motor2/Analysis/Vibration/fft
Prediction for batch 0Nm_BPFI_03:176 published to Enterprise/Site/Area/Motor2/Analysis/Diagnosis/prediction
-----------------------------------------
[Motor1] raw_latency_ms=502.382
[Motor1] EDGE UTC : 2026-08-11T12:30:54.431212+00:00
[Motor1] CLOUD UTC: 2026-08-11T12:30:54.933594+00:00
-------------
Batch 0Nm_BPFI_03:178 from Motor1 received. Processing...
FFT for batch 0Nm_BPFI_03:178 published to Enterprise/Site/Area/Motor1/Analysis/Vibration/fft
Prediction for batch 0Nm_BPFI_03:178 published to Enterprise/Site/Area/Motor1/Analysis/Diagnosis/prediction
-----------------------------------------
[Motor3] raw_latency_ms=321.969
[Motor3] EDGE UTC : 2026-08-11T12:30:54.718535+00:00
[Motor3] CLOUD UTC: 2026-08-11T12:30:55.040505+00:00
-------------
Batch 0Nm_BPFI_03:130 from Motor3 received. Processing...
FFT for batch 0Nm_BPFI_03:130 published to Enterprise/Site/Area/Motor3/Analysis/Vibration/fft
Prediction for batch 0Nm_BPFI_03:130 published to Enterprise/Site/Area/Motor3/Analysis/Diagnosis/prediction
-----------------------------------------
[Motor2] raw_latency_ms=453.969
[Motor2] EDGE UTC : 2026-08-11T12:30:54.700813+00:00
[Motor2] CLOUD UTC: 2026-08-11T12:30:55.154782+00:00
-------------
Batch 0Nm_BPFI_03:177 from Motor2 received. Processing...
FFT for batch 0Nm_BPFI_03:177 published to Enterprise/Site/Area/Motor2/Analysis/Vibration/fft
Prediction for batch 0Nm_BPFI_03:177 published to Enterprise/Site/Area/Motor2/Analysis/Diagnosis/prediction
-----------------------------------------
[Motor1] raw_latency_ms=518.310
[Motor1] EDGE UTC : 2026-08-11T12:30:55.471530+00:00
[Motor1] CLOUD UTC: 2026-08-11T12:30:55.989840+00:00
-------------
Batch 0Nm_BPFI_03:179 from Motor1 received. Processing...
FFT for batch 0Nm_BPFI_03:179 published to Enterprise/Site/Area/Motor1/Analysis/Vibration/fft
Prediction for batch 0Nm_BPFI_03:179 published to Enterprise/Site/Area/Motor1/Analysis/Diagnosis/prediction
-----------------------------------------
[Motor3] raw_latency_ms=373.314
[Motor3] EDGE UTC : 2026-08-11T12:30:55.723209+00:00
[Motor3] CLOUD UTC: 2026-08-11T12:30:56.096523+00:00
-------------
Batch 0Nm_BPFI_03:131 from Motor3 received. Processing...
FFT for batch 0Nm_BPFI_03:131 published to Enterprise/Site/Area/Motor3/Analysis/Vibration/fft
Prediction for batch 0Nm_BPFI_03:131 published to Enterprise/Site/Area/Motor3/Analysis/Diagnosis/prediction
-----------------------------------------
[Motor2] raw_latency_ms=556.437
[Motor2] EDGE UTC : 2026-08-11T12:30:55.753895+00:00
[Motor2] CLOUD UTC: 2026-08-11T12:30:56.310332+00:00
-------------
Batch 0Nm_BPFI_03:178 from Motor2 received. Processing...
FFT for batch 0Nm_BPFI_03:178 published to Enterprise/Site/Area/Motor2/Analysis/Vibration/fft
Prediction for batch 0Nm_BPFI_03:178 published to Enterprise/Site/Area/Motor2/Analysis/Diagnosis/prediction
-----------------------------------------
[Motor3] raw_latency_ms=326.723
[Motor3] EDGE UTC : 2026-08-11T12:30:56.727162+00:00
[Motor3] CLOUD UTC: 2026-08-11T12:30:57.053885+00:00
-------------
Batch 0Nm_BPFI_03:132 from Motor3 received. Processing...
FFT for batch 0Nm_BPFI_03:132 published to Enterprise/Site/Area/Motor3/Analysis/Vibration/fft
Prediction for batch 0Nm_BPFI_03:132 published to Enterprise/Site/Area/Motor3/Analysis/Diagnosis/prediction
-----------------------------------------
[Motor2] raw_latency_ms=391.505
[Motor2] EDGE UTC : 2026-08-11T12:30:56.804744+00:00
[Motor2] CLOUD UTC: 2026-08-11T12:30:57.196248+00:00
-------------
Batch 0Nm_BPFI_03:179 from Motor2 received. Processing...
FFT for batch 0Nm_BPFI_03:179 published to Enterprise/Site/Area/Motor2/Analysis/Vibration/fft
Prediction for batch 0Nm_BPFI_03:179 published to Enterprise/Site/Area/Motor2/Analysis/Diagnosis/prediction
-----------------------------------------
[Motor3] raw_latency_ms=323.771
[Motor3] EDGE UTC : 2026-08-11T12:30:57.733494+00:00
[Motor3] CLOUD UTC: 2026-08-11T12:30:58.057265+00:00
-------------
Batch 0Nm_BPFI_03:133 from Motor3 received. Processing...
FFT for batch 0Nm_BPFI_03:133 published to Enterprise/Site/Area/Motor3/Analysis/Vibration/fft
Prediction for batch 0Nm_BPFI_03:133 published to Enterprise/Site/Area/Motor3/Analysis/Diagnosis/prediction
-----------------------------------------
[Motor3] raw_latency_ms=419.130
[Motor3] EDGE UTC : 2026-08-11T12:30:58.737049+00:00
[Motor3] CLOUD UTC: 2026-08-11T12:30:59.156179+00:00
-------------
Batch 0Nm_BPFI_03:134 from Motor3 received. Processing...
FFT for batch 0Nm_BPFI_03:134 published to Enterprise/Site/Area/Motor3/Analysis/Vibration/fft
Prediction for batch 0Nm_BPFI_03:134 published to Enterprise/Site/Area/Motor3/Analysis/Diagnosis/prediction
-----------------------------------------
[Motor3] raw_latency_ms=485.997
[Motor3] EDGE UTC : 2026-08-11T12:30:59.740593+00:00
[Motor3] CLOUD UTC: 2026-08-11T12:31:00.226589+00:00
-------------
Batch 0Nm_BPFI_03:135 from Motor3 received. Processing...
FFT for batch 0Nm_BPFI_03:135 published to Enterprise/Site/Area/Motor3/Analysis/Vibration/fft
Prediction for batch 0Nm_BPFI_03:135 published to Enterprise/Site/Area/Motor3/Analysis/Diagnosis/prediction
-----------------------------------------
[Motor3] raw_latency_ms=426.581
[Motor3] EDGE UTC : 2026-08-11T12:31:00.743968+00:00
[Motor3] CLOUD UTC: 2026-08-11T12:31:01.170549+00:00
-------------
Batch 0Nm_BPFI_03:136 from Motor3 received. Processing...
FFT for batch 0Nm_BPFI_03:136 published to Enterprise/Site/Area/Motor3/Analysis/Vibration/fft
Prediction for batch 0Nm_BPFI_03:136 published to Enterprise/Site/Area/Motor3/Analysis/Diagnosis/prediction
-----------------------------------------
[Motor2] raw_latency_ms=1165.363
[Motor2] EDGE UTC : 2026-08-11T12:31:01.005515+00:00
[Motor2] CLOUD UTC: 2026-08-11T12:31:02.170877+00:00
-------------
Batch 0Nm_BPFI_03:0 from Motor2 received. Processing...
FFT for batch 0Nm_BPFI_03:0 published to Enterprise/Site/Area/Motor2/Analysis/Vibration/fft
Prediction for batch 0Nm_BPFI_03:0 published to Enterprise/Site/Area/Motor2/Analysis/Diagnosis/prediction
-----------------------------------------
[Motor3] raw_latency_ms=583.221
[Motor3] EDGE UTC : 2026-08-11T12:31:01.748753+00:00
[Motor3] CLOUD UTC: 2026-08-11T12:31:02.331973+00:00
-------------
Batch 0Nm_BPFI_03:137 from Motor3 received. Processing...
FFT for batch 0Nm_BPFI_03:137 published to Enterprise/Site/Area/Motor3/Analysis/Vibration/fft
Prediction for batch 0Nm_BPFI_03:137 published to Enterprise/Site/Area/Motor3/Analysis/Diagnosis/prediction
-----------------------------------------
[Motor2] raw_latency_ms=496.124
[Motor2] EDGE UTC : 2026-08-11T12:31:02.040082+00:00
[Motor2] CLOUD UTC: 2026-08-11T12:31:02.536206+00:00
-------------
Batch 0Nm_BPFI_03:1 from Motor2 received. Processing...
FFT for batch 0Nm_BPFI_03:1 published to Enterprise/Site/Area/Motor2/Analysis/Vibration/fft
Prediction for batch 0Nm_BPFI_03:1 published to Enterprise/Site/Area/Motor2/Analysis/Diagnosis/prediction
-----------------------------------------
[Motor1] raw_latency_ms=1006.250
[Motor1] EDGE UTC : 2026-08-11T12:31:01.772882+00:00
[Motor1] CLOUD UTC: 2026-08-11T12:31:02.779132+00:00
-------------
Batch 0Nm_BPFI_03:0 from Motor1 received. Processing...
FFT for batch 0Nm_BPFI_03:0 published to Enterprise/Site/Area/Motor1/Analysis/Vibration/fft
Prediction for batch 0Nm_BPFI_03:0 published to Enterprise/Site/Area/Motor1/Analysis/Diagnosis/prediction
-----------------------------------------
[Motor3] raw_latency_ms=223.640
[Motor3] EDGE UTC : 2026-08-11T12:31:02.754472+00:00
[Motor3] CLOUD UTC: 2026-08-11T12:31:02.978112+00:00
-------------
Batch 0Nm_BPFI_03:138 from Motor3 received. Processing...
FFT for batch 0Nm_BPFI_03:138 published to Enterprise/Site/Area/Motor3/Analysis/Vibration/fft
Prediction for batch 0Nm_BPFI_03:138 published to Enterprise/Site/Area/Motor3/Analysis/Diagnosis/prediction
-----------------------------------------
[Motor1] raw_latency_ms=384.852
[Motor1] EDGE UTC : 2026-08-11T12:31:02.795305+00:00
[Motor1] CLOUD UTC: 2026-08-11T12:31:03.180158+00:00
-------------
Batch 0Nm_BPFI_03:1 from Motor1 received. Processing...
FFT for batch 0Nm_BPFI_03:1 published to Enterprise/Site/Area/Motor1/Analysis/Vibration/fft
Prediction for batch 0Nm_BPFI_03:1 published to Enterprise/Site/Area/Motor1/Analysis/Diagnosis/prediction
-----------------------------------------
[Motor2] raw_latency_ms=404.103
[Motor2] EDGE UTC : 2026-08-11T12:31:03.060596+00:00
[Motor2] CLOUD UTC: 2026-08-11T12:31:03.464698+00:00
-------------
Batch 0Nm_BPFI_03:2 from Motor2 received. Processing...
FFT for batch 0Nm_BPFI_03:2 published to Enterprise/Site/Area/Motor2/Analysis/Vibration/fft
Prediction for batch 0Nm_BPFI_03:2 published to Enterprise/Site/Area/Motor2/Analysis/Diagnosis/prediction
-----------------------------------------
[Motor3] raw_latency_ms=319.684
[Motor3] EDGE UTC : 2026-08-11T12:31:03.768735+00:00
[Motor3] CLOUD UTC: 2026-08-11T12:31:04.088419+00:00
-------------
Batch 0Nm_BPFI_03:139 from Motor3 received. Processing...
FFT for batch 0Nm_BPFI_03:139 published to Enterprise/Site/Area/Motor3/Analysis/Vibration/fft
Prediction for batch 0Nm_BPFI_03:139 published to Enterprise/Site/Area/Motor3/Analysis/Diagnosis/prediction
-----------------------------------------
[Motor1] raw_latency_ms=546.989
[Motor1] EDGE UTC : 2026-08-11T12:31:03.814262+00:00
[Motor1] CLOUD UTC: 2026-08-11T12:31:04.361251+00:00
-------------
Batch 0Nm_BPFI_03:2 from Motor1 received. Processing...
FFT for batch 0Nm_BPFI_03:2 published to Enterprise/Site/Area/Motor1/Analysis/Vibration/fft
Prediction for batch 0Nm_BPFI_03:2 published to Enterprise/Site/Area/Motor1/Analysis/Diagnosis/prediction
-----------------------------------------
[Motor2] raw_latency_ms=451.843
[Motor2] EDGE UTC : 2026-08-11T12:31:04.091151+00:00
[Motor2] CLOUD UTC: 2026-08-11T12:31:04.542994+00:00
-------------
Batch 0Nm_BPFI_03:3 from Motor2 received. Processing...
FFT for batch 0Nm_BPFI_03:3 published to Enterprise/Site/Area/Motor2/Analysis/Vibration/fft
Prediction for batch 0Nm_BPFI_03:3 published to Enterprise/Site/Area/Motor2/Analysis/Diagnosis/prediction
-----------------------------------------
[Motor3] raw_latency_ms=223.673
[Motor3] EDGE UTC : 2026-08-11T12:31:04.774324+00:00
[Motor3] CLOUD UTC: 2026-08-11T12:31:04.997997+00:00
-------------
Batch 0Nm_BPFI_03:140 from Motor3 received. Processing...
FFT for batch 0Nm_BPFI_03:140 published to Enterprise/Site/Area/Motor3/Analysis/Vibration/fft
Prediction for batch 0Nm_BPFI_03:140 published to Enterprise/Site/Area/Motor3/Analysis/Diagnosis/prediction
-----------------------------------------
[Motor1] raw_latency_ms=403.715
[Motor1] EDGE UTC : 2026-08-11T12:31:04.833237+00:00
[Motor1] CLOUD UTC: 2026-08-11T12:31:05.236952+00:00
-------------
Batch 0Nm_BPFI_03:3 from Motor1 received. Processing...
FFT for batch 0Nm_BPFI_03:3 published to Enterprise/Site/Area/Motor1/Analysis/Vibration/fft
Prediction for batch 0Nm_BPFI_03:3 published to Enterprise/Site/Area/Motor1/Analysis/Diagnosis/prediction
-----------------------------------------
[Motor2] raw_latency_ms=405.439
[Motor2] EDGE UTC : 2026-08-11T12:31:05.139843+00:00
[Motor2] CLOUD UTC: 2026-08-11T12:31:05.545282+00:00
-------------
Batch 0Nm_BPFI_03:4 from Motor2 received. Processing...
FFT for batch 0Nm_BPFI_03:4 published to Enterprise/Site/Area/Motor2/Analysis/Vibration/fft
Prediction for batch 0Nm_BPFI_03:4 published to Enterprise/Site/Area/Motor2/Analysis/Diagnosis/prediction
-----------------------------------------
[Motor3] raw_latency_ms=360.679
[Motor3] EDGE UTC : 2026-08-11T12:31:05.779907+00:00
[Motor3] CLOUD UTC: 2026-08-11T12:31:06.140586+00:00
-------------
Batch 0Nm_BPFI_03:141 from Motor3 received. Processing...
FFT for batch 0Nm_BPFI_03:141 published to Enterprise/Site/Area/Motor3/Analysis/Vibration/fft
Prediction for batch 0Nm_BPFI_03:141 published to Enterprise/Site/Area/Motor3/Analysis/Diagnosis/prediction
-----------------------------------------
[Motor1] raw_latency_ms=560.807
[Motor1] EDGE UTC : 2026-08-11T12:31:05.852238+00:00
[Motor1] CLOUD UTC: 2026-08-11T12:31:06.413045+00:00
-------------
Batch 0Nm_BPFI_03:4 from Motor1 received. Processing...
FFT for batch 0Nm_BPFI_03:4 published to Enterprise/Site/Area/Motor1/Analysis/Vibration/fft
Prediction for batch 0Nm_BPFI_03:4 published to Enterprise/Site/Area/Motor1/Analysis/Diagnosis/prediction
-----------------------------------------
[Motor2] raw_latency_ms=381.810
[Motor2] EDGE UTC : 2026-08-11T12:31:06.184400+00:00
[Motor2] CLOUD UTC: 2026-08-11T12:31:06.566210+00:00
-------------
Batch 0Nm_BPFI_03:5 from Motor2 received. Processing...
FFT for batch 0Nm_BPFI_03:5 published to Enterprise/Site/Area/Motor2/Analysis/Vibration/fft
Prediction for batch 0Nm_BPFI_03:5 published to Enterprise/Site/Area/Motor2/Analysis/Diagnosis/prediction
-----------------------------------------
[Motor3] raw_latency_ms=226.020
[Motor3] EDGE UTC : 2026-08-11T12:31:06.784664+00:00
[Motor3] CLOUD UTC: 2026-08-11T12:31:07.010683+00:00
-------------
Batch 0Nm_BPFI_03:142 from Motor3 received. Processing...
FFT for batch 0Nm_BPFI_03:142 published to Enterprise/Site/Area/Motor3/Analysis/Vibration/fft
Prediction for batch 0Nm_BPFI_03:142 published to Enterprise/Site/Area/Motor3/Analysis/Diagnosis/prediction
-----------------------------------------
[Motor1] raw_latency_ms=409.404
[Motor1] EDGE UTC : 2026-08-11T12:31:06.871427+00:00
[Motor1] CLOUD UTC: 2026-08-11T12:31:07.280831+00:00
-------------
Batch 0Nm_BPFI_03:5 from Motor1 received. Processing...
FFT for batch 0Nm_BPFI_03:5 published to Enterprise/Site/Area/Motor1/Analysis/Vibration/fft
Prediction for batch 0Nm_BPFI_03:5 published to Enterprise/Site/Area/Motor1/Analysis/Diagnosis/prediction
-----------------------------------------
[Motor2] raw_latency_ms=398.617
[Motor2] EDGE UTC : 2026-08-11T12:31:07.236692+00:00
[Motor2] CLOUD UTC: 2026-08-11T12:31:07.635309+00:00
-------------
Batch 0Nm_BPFI_03:6 from Motor2 received. Processing...
FFT for batch 0Nm_BPFI_03:6 published to Enterprise/Site/Area/Motor2/Analysis/Vibration/fft
Prediction for batch 0Nm_BPFI_03:6 published to Enterprise/Site/Area/Motor2/Analysis/Diagnosis/prediction
-----------------------------------------
[Motor3] raw_latency_ms=227.022
[Motor3] EDGE UTC : 2026-08-11T12:31:07.788009+00:00
[Motor3] CLOUD UTC: 2026-08-11T12:31:08.015031+00:00
-------------
Batch 0Nm_BPFI_03:143 from Motor3 received. Processing...
FFT for batch 0Nm_BPFI_03:143 published to Enterprise/Site/Area/Motor3/Analysis/Vibration/fft
Prediction for batch 0Nm_BPFI_03:143 published to Enterprise/Site/Area/Motor3/Analysis/Diagnosis/prediction
-----------------------------------------
[Motor1] raw_latency_ms=542.294
[Motor1] EDGE UTC : 2026-08-11T12:31:07.890398+00:00
[Motor1] CLOUD UTC: 2026-08-11T12:31:08.432692+00:00
-------------
Batch 0Nm_BPFI_03:6 from Motor1 received. Processing...
FFT for batch 0Nm_BPFI_03:6 published to Enterprise/Site/Area/Motor1/Analysis/Vibration/fft
Prediction for batch 0Nm_BPFI_03:6 published to Enterprise/Site/Area/Motor1/Analysis/Diagnosis/prediction
-----------------------------------------
[Motor2] raw_latency_ms=385.854
[Motor2] EDGE UTC : 2026-08-11T12:31:08.288605+00:00
[Motor2] CLOUD UTC: 2026-08-11T12:31:08.674458+00:00
-------------
Batch 0Nm_BPFI_03:7 from Motor2 received. Processing...
FFT for batch 0Nm_BPFI_03:7 published to Enterprise/Site/Area/Motor2/Analysis/Vibration/fft
Prediction for batch 0Nm_BPFI_03:7 published to Enterprise/Site/Area/Motor2/Analysis/Diagnosis/prediction
-----------------------------------------
[Motor3] raw_latency_ms=223.137
[Motor3] EDGE UTC : 2026-08-11T12:31:08.791574+00:00
[Motor3] CLOUD UTC: 2026-08-11T12:31:09.014712+00:00
-------------
Batch 0Nm_BPFI_03:144 from Motor3 received. Processing...
FFT for batch 0Nm_BPFI_03:144 published to Enterprise/Site/Area/Motor3/Analysis/Vibration/fft
Prediction for batch 0Nm_BPFI_03:144 published to Enterprise/Site/Area/Motor3/Analysis/Diagnosis/prediction
-----------------------------------------
[Motor1] raw_latency_ms=396.501
[Motor1] EDGE UTC : 2026-08-11T12:31:08.909411+00:00
[Motor1] CLOUD UTC: 2026-08-11T12:31:09.305912+00:00
-------------
Batch 0Nm_BPFI_03:7 from Motor1 received. Processing...
FFT for batch 0Nm_BPFI_03:7 published to Enterprise/Site/Area/Motor1/Analysis/Vibration/fft
Prediction for batch 0Nm_BPFI_03:7 published to Enterprise/Site/Area/Motor1/Analysis/Diagnosis/prediction
-----------------------------------------
[Motor2] raw_latency_ms=412.803
[Motor2] EDGE UTC : 2026-08-11T12:31:09.337519+00:00
[Motor2] CLOUD UTC: 2026-08-11T12:31:09.750322+00:00
-------------
Batch 0Nm_BPFI_03:8 from Motor2 received. Processing...
FFT for batch 0Nm_BPFI_03:8 published to Enterprise/Site/Area/Motor2/Analysis/Vibration/fft
Prediction for batch 0Nm_BPFI_03:8 published to Enterprise/Site/Area/Motor2/Analysis/Diagnosis/prediction
-----------------------------------------
[Motor3] raw_latency_ms=225.625
[Motor3] EDGE UTC : 2026-08-11T12:31:09.794727+00:00
[Motor3] CLOUD UTC: 2026-08-11T12:31:10.020351+00:00
-------------
Batch 0Nm_BPFI_03:145 from Motor3 received. Processing...
FFT for batch 0Nm_BPFI_03:145 published to Enterprise/Site/Area/Motor3/Analysis/Vibration/fft
Prediction for batch 0Nm_BPFI_03:145 published to Enterprise/Site/Area/Motor3/Analysis/Diagnosis/prediction
-----------------------------------------
[Motor1] raw_latency_ms=532.764
[Motor1] EDGE UTC : 2026-08-11T12:31:09.952697+00:00
[Motor1] CLOUD UTC: 2026-08-11T12:31:10.485461+00:00
-------------
Batch 0Nm_BPFI_03:8 from Motor1 received. Processing...
FFT for batch 0Nm_BPFI_03:8 published to Enterprise/Site/Area/Motor1/Analysis/Vibration/fft
Prediction for batch 0Nm_BPFI_03:8 published to Enterprise/Site/Area/Motor1/Analysis/Diagnosis/prediction
-----------------------------------------
[Motor2] raw_latency_ms=385.866
[Motor2] EDGE UTC : 2026-08-11T12:31:10.384028+00:00
[Motor2] CLOUD UTC: 2026-08-11T12:31:10.769894+00:00
-------------
Batch 0Nm_BPFI_03:9 from Motor2 received. Processing...
FFT for batch 0Nm_BPFI_03:9 published to Enterprise/Site/Area/Motor2/Analysis/Vibration/fft
Prediction for batch 0Nm_BPFI_03:9 published to Enterprise/Site/Area/Motor2/Analysis/Diagnosis/prediction
-----------------------------------------
[Motor3] raw_latency_ms=228.441
[Motor3] EDGE UTC : 2026-08-11T12:31:10.798578+00:00
[Motor3] CLOUD UTC: 2026-08-11T12:31:11.027019+00:00
-------------
Batch 0Nm_BPFI_03:146 from Motor3 received. Processing...
FFT for batch 0Nm_BPFI_03:146 published to Enterprise/Site/Area/Motor3/Analysis/Vibration/fft
Prediction for batch 0Nm_BPFI_03:146 published to Enterprise/Site/Area/Motor3/Analysis/Diagnosis/prediction
-----------------------------------------
[Motor1] raw_latency_ms=401.396
[Motor1] EDGE UTC : 2026-08-11T12:31:10.996569+00:00
[Motor1] CLOUD UTC: 2026-08-11T12:31:11.397965+00:00
-------------
Batch 0Nm_BPFI_03:9 from Motor1 received. Processing...
FFT for batch 0Nm_BPFI_03:9 published to Enterprise/Site/Area/Motor1/Analysis/Vibration/fft
Prediction for batch 0Nm_BPFI_03:9 published to Enterprise/Site/Area/Motor1/Analysis/Diagnosis/prediction
-----------------------------------------
[Motor2] raw_latency_ms=477.005
[Motor2] EDGE UTC : 2026-08-11T12:31:11.436551+00:00
[Motor2] CLOUD UTC: 2026-08-11T12:31:11.913556+00:00
-------------
Batch 0Nm_BPFI_03:10 from Motor2 received. Processing...
FFT for batch 0Nm_BPFI_03:10 published to Enterprise/Site/Area/Motor2/Analysis/Vibration/fft
Prediction for batch 0Nm_BPFI_03:10 published to Enterprise/Site/Area/Motor2/Analysis/Diagnosis/prediction
-----------------------------------------
[Motor3] raw_latency_ms=235.542
[Motor3] EDGE UTC : 2026-08-11T12:31:11.802578+00:00
[Motor3] CLOUD UTC: 2026-08-11T12:31:12.038120+00:00
-------------
Batch 0Nm_BPFI_03:147 from Motor3 received. Processing...
FFT for batch 0Nm_BPFI_03:147 published to Enterprise/Site/Area/Motor3/Analysis/Vibration/fft
Prediction for batch 0Nm_BPFI_03:147 published to Enterprise/Site/Area/Motor3/Analysis/Diagnosis/prediction
-----------------------------------------
[Motor1] raw_latency_ms=410.805
[Motor1] EDGE UTC : 2026-08-11T12:31:12.040387+00:00
[Motor1] CLOUD UTC: 2026-08-11T12:31:12.451192+00:00
-------------
Batch 0Nm_BPFI_03:10 from Motor1 received. Processing...
FFT for batch 0Nm_BPFI_03:10 published to Enterprise/Site/Area/Motor1/Analysis/Vibration/fft
Prediction for batch 0Nm_BPFI_03:10 published to Enterprise/Site/Area/Motor1/Analysis/Diagnosis/prediction
-----------------------------------------
[Motor2] raw_latency_ms=393.094
[Motor2] EDGE UTC : 2026-08-11T12:31:12.488575+00:00
[Motor2] CLOUD UTC: 2026-08-11T12:31:12.881670+00:00
-------------
Batch 0Nm_BPFI_03:11 from Motor2 received. Processing...
FFT for batch 0Nm_BPFI_03:11 published to Enterprise/Site/Area/Motor2/Analysis/Vibration/fft
Prediction for batch 0Nm_BPFI_03:11 published to Enterprise/Site/Area/Motor2/Analysis/Diagnosis/prediction
-----------------------------------------
[Motor3] raw_latency_ms=222.441
[Motor3] EDGE UTC : 2026-08-11T12:31:12.805978+00:00
[Motor3] CLOUD UTC: 2026-08-11T12:31:13.028419+00:00
-------------
Batch 0Nm_BPFI_03:148 from Motor3 received. Processing...
FFT for batch 0Nm_BPFI_03:148 published to Enterprise/Site/Area/Motor3/Analysis/Vibration/fft
Prediction for batch 0Nm_BPFI_03:148 published to Enterprise/Site/Area/Motor3/Analysis/Diagnosis/prediction
-----------------------------------------
[Motor1] raw_latency_ms=498.603
[Motor1] EDGE UTC : 2026-08-11T12:31:13.083965+00:00
[Motor1] CLOUD UTC: 2026-08-11T12:31:13.582568+00:00
-------------
Batch 0Nm_BPFI_03:11 from Motor1 received. Processing...
FFT for batch 0Nm_BPFI_03:11 published to Enterprise/Site/Area/Motor1/Analysis/Vibration/fft
Prediction for batch 0Nm_BPFI_03:11 published to Enterprise/Site/Area/Motor1/Analysis/Diagnosis/prediction
-----------------------------------------
[Motor2] raw_latency_ms=405.071
[Motor2] EDGE UTC : 2026-08-11T12:31:13.537450+00:00
[Motor2] CLOUD UTC: 2026-08-11T12:31:13.942522+00:00
-------------
Batch 0Nm_BPFI_03:12 from Motor2 received. Processing...
FFT for batch 0Nm_BPFI_03:12 published to Enterprise/Site/Area/Motor2/Analysis/Vibration/fft
Prediction for batch 0Nm_BPFI_03:12 published to Enterprise/Site/Area/Motor2/Analysis/Diagnosis/prediction
-----------------------------------------
[Motor3] raw_latency_ms=253.140
[Motor3] EDGE UTC : 2026-08-11T12:31:13.811526+00:00
[Motor3] CLOUD UTC: 2026-08-11T12:31:14.064666+00:00
-------------
Batch 0Nm_BPFI_03:149 from Motor3 received. Processing...
FFT for batch 0Nm_BPFI_03:149 published to Enterprise/Site/Area/Motor3/Analysis/Vibration/fft
Prediction for batch 0Nm_BPFI_03:149 published to Enterprise/Site/Area/Motor3/Analysis/Diagnosis/prediction
-----------------------------------------
[Motor1] raw_latency_ms=409.531
[Motor1] EDGE UTC : 2026-08-11T12:31:14.128357+00:00
[Motor1] CLOUD UTC: 2026-08-11T12:31:14.537888+00:00
-------------
Batch 0Nm_BPFI_03:12 from Motor1 received. Processing...
FFT for batch 0Nm_BPFI_03:12 published to Enterprise/Site/Area/Motor1/Analysis/Vibration/fft
Prediction for batch 0Nm_BPFI_03:12 published to Enterprise/Site/Area/Motor1/Analysis/Diagnosis/prediction
-----------------------------------------
[Motor2] raw_latency_ms=386.259
[Motor2] EDGE UTC : 2026-08-11T12:31:14.586725+00:00
[Motor2] CLOUD UTC: 2026-08-11T12:31:14.972984+00:00
-------------
Batch 0Nm_BPFI_03:13 from Motor2 received. Processing...
FFT for batch 0Nm_BPFI_03:13 published to Enterprise/Site/Area/Motor2/Analysis/Vibration/fft
Prediction for batch 0Nm_BPFI_03:13 published to Enterprise/Site/Area/Motor2/Analysis/Diagnosis/prediction
-----------------------------------------
[Motor3] raw_latency_ms=364.403
[Motor3] EDGE UTC : 2026-08-11T12:31:14.814927+00:00
[Motor3] CLOUD UTC: 2026-08-11T12:31:15.179330+00:00
-------------
Batch 0Nm_BPFI_03:150 from Motor3 received. Processing...
FFT for batch 0Nm_BPFI_03:150 published to Enterprise/Site/Area/Motor3/Analysis/Vibration/fft
Prediction for batch 0Nm_BPFI_03:150 published to Enterprise/Site/Area/Motor3/Analysis/Diagnosis/prediction
-----------------------------------------
[Motor1] raw_latency_ms=390.927
[Motor1] EDGE UTC : 2026-08-11T12:31:15.171670+00:00
[Motor1] CLOUD UTC: 2026-08-11T12:31:15.562597+00:00
-------------
Batch 0Nm_BPFI_03:13 from Motor1 received. Processing...
FFT for batch 0Nm_BPFI_03:13 published to Enterprise/Site/Area/Motor1/Analysis/Vibration/fft
Prediction for batch 0Nm_BPFI_03:13 published to Enterprise/Site/Area/Motor1/Analysis/Diagnosis/prediction
-----------------------------------------
[Motor3] raw_latency_ms=235.213
[Motor3] EDGE UTC : 2026-08-11T12:31:15.818174+00:00
[Motor3] CLOUD UTC: 2026-08-11T12:31:16.053387+00:00
-------------
Batch 0Nm_BPFI_03:151 from Motor3 received. Processing...
FFT for batch 0Nm_BPFI_03:151 published to Enterprise/Site/Area/Motor3/Analysis/Vibration/fft
Prediction for batch 0Nm_BPFI_03:151 published to Enterprise/Site/Area/Motor3/Analysis/Diagnosis/prediction
-----------------------------------------
[Motor2] raw_latency_ms=608.336
[Motor2] EDGE UTC : 2026-08-11T12:31:15.636470+00:00
[Motor2] CLOUD UTC: 2026-08-11T12:31:16.244805+00:00
-------------
Batch 0Nm_BPFI_03:14 from Motor2 received. Processing...
FFT for batch 0Nm_BPFI_03:14 published to Enterprise/Site/Area/Motor2/Analysis/Vibration/fft
Prediction for batch 0Nm_BPFI_03:14 published to Enterprise/Site/Area/Motor2/Analysis/Diagnosis/prediction
-----------------------------------------
[Motor1] raw_latency_ms=417.550
[Motor1] EDGE UTC : 2026-08-11T12:31:16.208953+00:00
[Motor1] CLOUD UTC: 2026-08-11T12:31:16.626503+00:00
-------------
Batch 0Nm_BPFI_03:14 from Motor1 received. Processing...
FFT for batch 0Nm_BPFI_03:14 published to Enterprise/Site/Area/Motor1/Analysis/Vibration/fft
Prediction for batch 0Nm_BPFI_03:14 published to Enterprise/Site/Area/Motor1/Analysis/Diagnosis/prediction
-----------------------------------------
[Motor3] raw_latency_ms=223.984
[Motor3] EDGE UTC : 2026-08-11T12:31:16.821490+00:00
[Motor3] CLOUD UTC: 2026-08-11T12:31:17.045474+00:00
-------------
Batch 0Nm_BPFI_03:152 from Motor3 received. Processing...
FFT for batch 0Nm_BPFI_03:152 published to Enterprise/Site/Area/Motor3/Analysis/Vibration/fft
Prediction for batch 0Nm_BPFI_03:152 published to Enterprise/Site/Area/Motor3/Analysis/Diagnosis/prediction
-----------------------------------------
[Motor2] raw_latency_ms=554.573
[Motor2] EDGE UTC : 2026-08-11T12:31:16.686888+00:00
[Motor2] CLOUD UTC: 2026-08-11T12:31:17.241461+00:00
-------------
Batch 0Nm_BPFI_03:15 from Motor2 received. Processing...
FFT for batch 0Nm_BPFI_03:15 published to Enterprise/Site/Area/Motor2/Analysis/Vibration/fft
Prediction for batch 0Nm_BPFI_03:15 published to Enterprise/Site/Area/Motor2/Analysis/Diagnosis/prediction
-----------------------------------------
[Motor1] raw_latency_ms=427.145
[Motor1] EDGE UTC : 2026-08-11T12:31:17.246512+00:00
[Motor1] CLOUD UTC: 2026-08-11T12:31:17.673657+00:00
-------------
Batch 0Nm_BPFI_03:15 from Motor1 received. Processing...
FFT for batch 0Nm_BPFI_03:15 published to Enterprise/Site/Area/Motor1/Analysis/Vibration/fft
Prediction for batch 0Nm_BPFI_03:15 published to Enterprise/Site/Area/Motor1/Analysis/Diagnosis/prediction
-----------------------------------------
[Motor3] raw_latency_ms=221.495
[Motor3] EDGE UTC : 2026-08-11T12:31:17.824900+00:00
[Motor3] CLOUD UTC: 2026-08-11T12:31:18.046396+00:00
-------------
Batch 0Nm_BPFI_03:153 from Motor3 received. Processing...
FFT for batch 0Nm_BPFI_03:153 published to Enterprise/Site/Area/Motor3/Analysis/Vibration/fft
Prediction for batch 0Nm_BPFI_03:153 published to Enterprise/Site/Area/Motor3/Analysis/Diagnosis/prediction
-----------------------------------------
[Motor2] raw_latency_ms=559.854
[Motor2] EDGE UTC : 2026-08-11T12:31:17.736538+00:00
[Motor2] CLOUD UTC: 2026-08-11T12:31:18.296392+00:00
-------------
Batch 0Nm_BPFI_03:16 from Motor2 received. Processing...
FFT for batch 0Nm_BPFI_03:16 published to Enterprise/Site/Area/Motor2/Analysis/Vibration/fft
Prediction for batch 0Nm_BPFI_03:16 published to Enterprise/Site/Area/Motor2/Analysis/Diagnosis/prediction
-----------------------------------------
[Motor1] raw_latency_ms=414.034
[Motor1] EDGE UTC : 2026-08-11T12:31:18.283717+00:00
[Motor1] CLOUD UTC: 2026-08-11T12:31:18.697751+00:00
-------------
Batch 0Nm_BPFI_03:16 from Motor1 received. Processing...
FFT for batch 0Nm_BPFI_03:16 published to Enterprise/Site/Area/Motor1/Analysis/Vibration/fft
Prediction for batch 0Nm_BPFI_03:16 published to Enterprise/Site/Area/Motor1/Analysis/Diagnosis/prediction
-----------------------------------------
[Motor3] raw_latency_ms=256.747
[Motor3] EDGE UTC : 2026-08-11T12:31:18.828736+00:00
[Motor3] CLOUD UTC: 2026-08-11T12:31:19.085483+00:00
-------------
Batch 0Nm_BPFI_03:154 from Motor3 received. Processing...
FFT for batch 0Nm_BPFI_03:154 published to Enterprise/Site/Area/Motor3/Analysis/Vibration/fft
Prediction for batch 0Nm_BPFI_03:154 published to Enterprise/Site/Area/Motor3/Analysis/Diagnosis/prediction
-----------------------------------------
[Motor2] raw_latency_ms=412.199
[Motor2] EDGE UTC : 2026-08-11T12:31:18.780448+00:00
[Motor2] CLOUD UTC: 2026-08-11T12:31:19.192647+00:00
-------------
Batch 0Nm_BPFI_03:17 from Motor2 received. Processing...
FFT for batch 0Nm_BPFI_03:17 published to Enterprise/Site/Area/Motor2/Analysis/Vibration/fft
Prediction for batch 0Nm_BPFI_03:17 published to Enterprise/Site/Area/Motor2/Analysis/Diagnosis/prediction
-----------------------------------------
[Motor1] raw_latency_ms=393.735
[Motor1] EDGE UTC : 2026-08-11T12:31:19.320985+00:00
[Motor1] CLOUD UTC: 2026-08-11T12:31:19.714720+00:00
-------------
Batch 0Nm_BPFI_03:17 from Motor1 received. Processing...
FFT for batch 0Nm_BPFI_03:17 published to Enterprise/Site/Area/Motor1/Analysis/Vibration/fft
Prediction for batch 0Nm_BPFI_03:17 published to Enterprise/Site/Area/Motor1/Analysis/Diagnosis/prediction
-----------------------------------------
[Motor2] raw_latency_ms=650.397
[Motor2] EDGE UTC : 2026-08-11T12:31:19.825870+00:00
[Motor2] CLOUD UTC: 2026-08-11T12:31:20.476266+00:00
-------------
Batch 0Nm_BPFI_03:18 from Motor2 received. Processing...
FFT for batch 0Nm_BPFI_03:18 published to Enterprise/Site/Area/Motor2/Analysis/Vibration/fft
Prediction for batch 0Nm_BPFI_03:18 published to Enterprise/Site/Area/Motor2/Analysis/Diagnosis/prediction
-----------------------------------------
[Motor1] raw_latency_ms=409.633
[Motor1] EDGE UTC : 2026-08-11T12:31:20.358254+00:00
[Motor1] CLOUD UTC: 2026-08-11T12:31:20.767887+00:00
-------------
Batch 0Nm_BPFI_03:18 from Motor1 received. Processing...
FFT for batch 0Nm_BPFI_03:18 published to Enterprise/Site/Area/Motor1/Analysis/Vibration/fft
Prediction for batch 0Nm_BPFI_03:18 published to Enterprise/Site/Area/Motor1/Analysis/Diagnosis/prediction
-----------------------------------------
[Motor2] raw_latency_ms=393.349
[Motor2] EDGE UTC : 2026-08-11T12:31:20.874917+00:00
[Motor2] CLOUD UTC: 2026-08-11T12:31:21.268266+00:00
-------------
Batch 0Nm_BPFI_03:19 from Motor2 received. Processing...
FFT for batch 0Nm_BPFI_03:19 published to Enterprise/Site/Area/Motor2/Analysis/Vibration/fft
Prediction for batch 0Nm_BPFI_03:19 published to Enterprise/Site/Area/Motor2/Analysis/Diagnosis/prediction
-----------------------------------------
[Motor1] raw_latency_ms=395.950
[Motor1] EDGE UTC : 2026-08-11T12:31:21.395563+00:00
[Motor1] CLOUD UTC: 2026-08-11T12:31:21.791513+00:00
-------------
Batch 0Nm_BPFI_03:19 from Motor1 received. Processing...
FFT for batch 0Nm_BPFI_03:19 published to Enterprise/Site/Area/Motor1/Analysis/Vibration/fft
Prediction for batch 0Nm_BPFI_03:19 published to Enterprise/Site/Area/Motor1/Analysis/Diagnosis/prediction
-----------------------------------------
[Motor2] raw_latency_ms=645.476
[Motor2] EDGE UTC : 2026-08-11T12:31:21.917504+00:00
[Motor2] CLOUD UTC: 2026-08-11T12:31:22.562980+00:00
-------------
Batch 0Nm_BPFI_03:20 from Motor2 received. Processing...
FFT for batch 0Nm_BPFI_03:20 published to Enterprise/Site/Area/Motor2/Analysis/Vibration/fft
Prediction for batch 0Nm_BPFI_03:20 published to Enterprise/Site/Area/Motor2/Analysis/Diagnosis/prediction
-----------------------------------------
[Motor1] raw_latency_ms=523.807
[Motor1] EDGE UTC : 2026-08-11T12:31:22.439209+00:00
[Motor1] CLOUD UTC: 2026-08-11T12:31:22.963016+00:00
-------------
Batch 0Nm_BPFI_03:20 from Motor1 received. Processing...
FFT for batch 0Nm_BPFI_03:20 published to Enterprise/Site/Area/Motor1/Analysis/Vibration/fft
Prediction for batch 0Nm_BPFI_03:20 published to Enterprise/Site/Area/Motor1/Analysis/Diagnosis/prediction
-----------------------------------------
[Motor2] raw_latency_ms=492.045
[Motor2] EDGE UTC : 2026-08-11T12:31:22.966212+00:00
[Motor2] CLOUD UTC: 2026-08-11T12:31:23.458256+00:00
-------------
Batch 0Nm_BPFI_03:21 from Motor2 received. Processing...
FFT for batch 0Nm_BPFI_03:21 published to Enterprise/Site/Area/Motor2/Analysis/Vibration/fft
Prediction for batch 0Nm_BPFI_03:21 published to Enterprise/Site/Area/Motor2/Analysis/Diagnosis/prediction
-----------------------------------------
[Motor1] raw_latency_ms=481.163
[Motor1] EDGE UTC : 2026-08-11T12:31:23.483311+00:00
[Motor1] CLOUD UTC: 2026-08-11T12:31:23.964474+00:00
-------------
Batch 0Nm_BPFI_03:21 from Motor1 received. Processing...
FFT for batch 0Nm_BPFI_03:21 published to Enterprise/Site/Area/Motor1/Analysis/Vibration/fft
Prediction for batch 0Nm_BPFI_03:21 published to Enterprise/Site/Area/Motor1/Analysis/Diagnosis/prediction
-----------------------------------------
[Motor2] raw_latency_ms=641.912
[Motor2] EDGE UTC : 2026-08-11T12:31:24.015520+00:00
[Motor2] CLOUD UTC: 2026-08-11T12:31:24.657432+00:00
-------------
Batch 0Nm_BPFI_03:22 from Motor2 received. Processing...
FFT for batch 0Nm_BPFI_03:22 published to Enterprise/Site/Area/Motor2/Analysis/Vibration/fft
Prediction for batch 0Nm_BPFI_03:22 published to Enterprise/Site/Area/Motor2/Analysis/Diagnosis/prediction
-----------------------------------------
[Motor1] raw_latency_ms=410.185
[Motor1] EDGE UTC : 2026-08-11T12:31:24.526942+00:00
[Motor1] CLOUD UTC: 2026-08-11T12:31:24.937127+00:00
-------------
Batch 0Nm_BPFI_03:22 from Motor1 received. Processing...
FFT for batch 0Nm_BPFI_03:22 published to Enterprise/Site/Area/Motor1/Analysis/Vibration/fft
Prediction for batch 0Nm_BPFI_03:22 published to Enterprise/Site/Area/Motor1/Analysis/Diagnosis/prediction
-----------------------------------------
[Motor2] raw_latency_ms=407.805
[Motor2] EDGE UTC : 2026-08-11T12:31:25.064498+00:00
[Motor2] CLOUD UTC: 2026-08-11T12:31:25.472303+00:00
-------------
Batch 0Nm_BPFI_03:23 from Motor2 received. Processing...
FFT for batch 0Nm_BPFI_03:23 published to Enterprise/Site/Area/Motor2/Analysis/Vibration/fft
Prediction for batch 0Nm_BPFI_03:23 published to Enterprise/Site/Area/Motor2/Analysis/Diagnosis/prediction
-----------------------------------------
[Motor1] raw_latency_ms=388.710
[Motor1] EDGE UTC : 2026-08-11T12:31:25.570559+00:00
[Motor1] CLOUD UTC: 2026-08-11T12:31:25.959269+00:00
-------------
Batch 0Nm_BPFI_03:23 from Motor1 received. Processing...
FFT for batch 0Nm_BPFI_03:23 published to Enterprise/Site/Area/Motor1/Analysis/Vibration/fft
Prediction for batch 0Nm_BPFI_03:23 published to Enterprise/Site/Area/Motor1/Analysis/Diagnosis/prediction
-----------------------------------------
[Motor2] raw_latency_ms=661.072
[Motor2] EDGE UTC : 2026-08-11T12:31:26.115964+00:00
[Motor2] CLOUD UTC: 2026-08-11T12:31:26.777037+00:00
-------------
Batch 0Nm_BPFI_03:24 from Motor2 received. Processing...
FFT for batch 0Nm_BPFI_03:24 published to Enterprise/Site/Area/Motor2/Analysis/Vibration/fft
Prediction for batch 0Nm_BPFI_03:24 published to Enterprise/Site/Area/Motor2/Analysis/Diagnosis/prediction
-----------------------------------------
[Motor1] raw_latency_ms=408.209
[Motor1] EDGE UTC : 2026-08-11T12:31:26.615089+00:00
[Motor1] CLOUD UTC: 2026-08-11T12:31:27.023298+00:00
-------------
Batch 0Nm_BPFI_03:24 from Motor1 received. Processing...
FFT for batch 0Nm_BPFI_03:24 published to Enterprise/Site/Area/Motor1/Analysis/Vibration/fft
Prediction for batch 0Nm_BPFI_03:24 published to Enterprise/Site/Area/Motor1/Analysis/Diagnosis/prediction
-----------------------------------------
[Motor2] raw_latency_ms=405.099
[Motor2] EDGE UTC : 2026-08-11T12:31:27.164623+00:00
[Motor2] CLOUD UTC: 2026-08-11T12:31:27.569721+00:00
-------------
Batch 0Nm_BPFI_03:25 from Motor2 received. Processing...
FFT for batch 0Nm_BPFI_03:25 published to Enterprise/Site/Area/Motor2/Analysis/Vibration/fft
Prediction for batch 0Nm_BPFI_03:25 published to Enterprise/Site/Area/Motor2/Analysis/Diagnosis/prediction
-----------------------------------------
[Motor1] raw_latency_ms=389.667
[Motor1] EDGE UTC : 2026-08-11T12:31:27.658959+00:00
[Motor1] CLOUD UTC: 2026-08-11T12:31:28.048625+00:00
-------------
Batch 0Nm_BPFI_03:25 from Motor1 received. Processing...
FFT for batch 0Nm_BPFI_03:25 published to Enterprise/Site/Area/Motor1/Analysis/Vibration/fft
Prediction for batch 0Nm_BPFI_03:25 published to Enterprise/Site/Area/Motor1/Analysis/Diagnosis/prediction
-----------------------------------------
[Motor2] raw_latency_ms=642.438
[Motor2] EDGE UTC : 2026-08-11T12:31:28.209175+00:00
[Motor2] CLOUD UTC: 2026-08-11T12:31:28.851612+00:00
-------------
Batch 0Nm_BPFI_03:26 from Motor2 received. Processing...
FFT for batch 0Nm_BPFI_03:26 published to Enterprise/Site/Area/Motor2/Analysis/Vibration/fft
Prediction for batch 0Nm_BPFI_03:26 published to Enterprise/Site/Area/Motor2/Analysis/Diagnosis/prediction
-----------------------------------------
[Motor1] raw_latency_ms=405.271
[Motor1] EDGE UTC : 2026-08-11T12:31:28.702667+00:00
[Motor1] CLOUD UTC: 2026-08-11T12:31:29.107938+00:00
-------------
Batch 0Nm_BPFI_03:26 from Motor1 received. Processing...
FFT for batch 0Nm_BPFI_03:26 published to Enterprise/Site/Area/Motor1/Analysis/Vibration/fft
Prediction for batch 0Nm_BPFI_03:26 published to Enterprise/Site/Area/Motor1/Analysis/Diagnosis/prediction
-----------------------------------------
[Motor2] raw_latency_ms=396.018
[Motor2] EDGE UTC : 2026-08-11T12:31:29.258485+00:00
[Motor2] CLOUD UTC: 2026-08-11T12:31:29.654503+00:00
-------------
Batch 0Nm_BPFI_03:27 from Motor2 received. Processing...
FFT for batch 0Nm_BPFI_03:27 published to Enterprise/Site/Area/Motor2/Analysis/Vibration/fft
Prediction for batch 0Nm_BPFI_03:27 published to Enterprise/Site/Area/Motor2/Analysis/Diagnosis/prediction
-----------------------------------------
[Motor1] raw_latency_ms=394.408
[Motor1] EDGE UTC : 2026-08-11T12:31:29.745959+00:00
[Motor1] CLOUD UTC: 2026-08-11T12:31:30.140367+00:00
-------------
Batch 0Nm_BPFI_03:27 from Motor1 received. Processing...
FFT for batch 0Nm_BPFI_03:27 published to Enterprise/Site/Area/Motor1/Analysis/Vibration/fft
Prediction for batch 0Nm_BPFI_03:27 published to Enterprise/Site/Area/Motor1/Analysis/Diagnosis/prediction
-----------------------------------------
[Motor2] raw_latency_ms=646.020
[Motor2] EDGE UTC : 2026-08-11T12:31:30.307244+00:00
[Motor2] CLOUD UTC: 2026-08-11T12:31:30.953263+00:00
-------------
Batch 0Nm_BPFI_03:28 from Motor2 received. Processing...
FFT for batch 0Nm_BPFI_03:28 published to Enterprise/Site/Area/Motor2/Analysis/Vibration/fft
Prediction for batch 0Nm_BPFI_03:28 published to Enterprise/Site/Area/Motor2/Analysis/Diagnosis/prediction
-----------------------------------------
[Motor1] raw_latency_ms=409.734
[Motor1] EDGE UTC : 2026-08-11T12:31:30.789573+00:00
[Motor1] CLOUD UTC: 2026-08-11T12:31:31.199307+00:00
-------------
Batch 0Nm_BPFI_03:28 from Motor1 received. Processing...
FFT for batch 0Nm_BPFI_03:28 published to Enterprise/Site/Area/Motor1/Analysis/Vibration/fft
Prediction for batch 0Nm_BPFI_03:28 published to Enterprise/Site/Area/Motor1/Analysis/Diagnosis/prediction
-----------------------------------------
[Motor2] raw_latency_ms=405.111
[Motor2] EDGE UTC : 2026-08-11T12:31:31.356312+00:00
[Motor2] CLOUD UTC: 2026-08-11T12:31:31.761424+00:00
-------------
Batch 0Nm_BPFI_03:29 from Motor2 received. Processing...
FFT for batch 0Nm_BPFI_03:29 published to Enterprise/Site/Area/Motor2/Analysis/Vibration/fft
Prediction for batch 0Nm_BPFI_03:29 published to Enterprise/Site/Area/Motor2/Analysis/Diagnosis/prediction
-----------------------------------------
[Motor1] raw_latency_ms=387.630
[Motor1] EDGE UTC : 2026-08-11T12:31:31.835270+00:00
[Motor1] CLOUD UTC: 2026-08-11T12:31:32.222900+00:00
-------------
Batch 0Nm_BPFI_03:29 from Motor1 received. Processing...
FFT for batch 0Nm_BPFI_03:29 published to Enterprise/Site/Area/Motor1/Analysis/Vibration/fft
Prediction for batch 0Nm_BPFI_03:29 published to Enterprise/Site/Area/Motor1/Analysis/Diagnosis/prediction
-----------------------------------------
[Motor2] raw_latency_ms=666.298
[Motor2] EDGE UTC : 2026-08-11T12:31:32.375267+00:00
[Motor2] CLOUD UTC: 2026-08-11T12:31:33.041565+00:00
-------------
Batch 0Nm_BPFI_03:30 from Motor2 received. Processing...
FFT for batch 0Nm_BPFI_03:30 published to Enterprise/Site/Area/Motor2/Analysis/Vibration/fft
Prediction for batch 0Nm_BPFI_03:30 published to Enterprise/Site/Area/Motor2/Analysis/Diagnosis/prediction
-----------------------------------------
[Motor1] raw_latency_ms=410.337
[Motor1] EDGE UTC : 2026-08-11T12:31:32.879548+00:00
[Motor1] CLOUD UTC: 2026-08-11T12:31:33.289885+00:00
-------------
Batch 0Nm_BPFI_03:30 from Motor1 received. Processing...
FFT for batch 0Nm_BPFI_03:30 published to Enterprise/Site/Area/Motor1/Analysis/Vibration/fft
Prediction for batch 0Nm_BPFI_03:30 published to Enterprise/Site/Area/Motor1/Analysis/Diagnosis/prediction
-----------------------------------------
[Motor2] raw_latency_ms=389.805
[Motor2] EDGE UTC : 2026-08-11T12:31:33.394712+00:00
[Motor2] CLOUD UTC: 2026-08-11T12:31:33.784518+00:00
-------------
Batch 0Nm_BPFI_03:31 from Motor2 received. Processing...
FFT for batch 0Nm_BPFI_03:31 published to Enterprise/Site/Area/Motor2/Analysis/Vibration/fft
Prediction for batch 0Nm_BPFI_03:31 published to Enterprise/Site/Area/Motor2/Analysis/Diagnosis/prediction
-----------------------------------------
[Motor1] raw_latency_ms=392.277
[Motor1] EDGE UTC : 2026-08-11T12:31:33.922917+00:00
[Motor1] CLOUD UTC: 2026-08-11T12:31:34.315194+00:00
-------------
Batch 0Nm_BPFI_03:31 from Motor1 received. Processing...
FFT for batch 0Nm_BPFI_03:31 published to Enterprise/Site/Area/Motor1/Analysis/Vibration/fft
Prediction for batch 0Nm_BPFI_03:31 published to Enterprise/Site/Area/Motor1/Analysis/Diagnosis/prediction
-----------------------------------------
[Motor2] raw_latency_ms=633.198
[Motor2] EDGE UTC : 2026-08-11T12:31:34.415447+00:00
[Motor2] CLOUD UTC: 2026-08-11T12:31:35.048646+00:00
-------------
Batch 0Nm_BPFI_03:32 from Motor2 received. Processing...
FFT for batch 0Nm_BPFI_03:32 published to Enterprise/Site/Area/Motor2/Analysis/Vibration/fft
Prediction for batch 0Nm_BPFI_03:32 published to Enterprise/Site/Area/Motor2/Analysis/Diagnosis/prediction
-----------------------------------------
[Motor1] raw_latency_ms=515.694
[Motor1] EDGE UTC : 2026-08-11T12:31:34.966163+00:00
[Motor1] CLOUD UTC: 2026-08-11T12:31:35.481857+00:00
-------------
Batch 0Nm_BPFI_03:32 from Motor1 received. Processing...
FFT for batch 0Nm_BPFI_03:32 published to Enterprise/Site/Area/Motor1/Analysis/Vibration/fft
Prediction for batch 0Nm_BPFI_03:32 published to Enterprise/Site/Area/Motor1/Analysis/Diagnosis/prediction
-----------------------------------------
[Motor2] raw_latency_ms=487.652
[Motor2] EDGE UTC : 2026-08-11T12:31:35.434712+00:00
[Motor2] CLOUD UTC: 2026-08-11T12:31:35.922364+00:00
-------------
Batch 0Nm_BPFI_03:33 from Motor2 received. Processing...
FFT for batch 0Nm_BPFI_03:33 published to Enterprise/Site/Area/Motor2/Analysis/Vibration/fft
Prediction for batch 0Nm_BPFI_03:33 published to Enterprise/Site/Area/Motor2/Analysis/Diagnosis/prediction
-----------------------------------------
[Motor1] raw_latency_ms=478.725
[Motor1] EDGE UTC : 2026-08-11T12:31:36.003554+00:00
[Motor1] CLOUD UTC: 2026-08-11T12:31:36.482278+00:00
-------------
Batch 0Nm_BPFI_03:33 from Motor1 received. Processing...
FFT for batch 0Nm_BPFI_03:33 published to Enterprise/Site/Area/Motor1/Analysis/Vibration/fft
Prediction for batch 0Nm_BPFI_03:33 published to Enterprise/Site/Area/Motor1/Analysis/Diagnosis/prediction
-----------------------------------------
[Motor2] raw_latency_ms=644.765
[Motor2] EDGE UTC : 2026-08-11T12:31:36.454124+00:00
[Motor2] CLOUD UTC: 2026-08-11T12:31:37.098889+00:00
-------------
Batch 0Nm_BPFI_03:34 from Motor2 received. Processing...
FFT for batch 0Nm_BPFI_03:34 published to Enterprise/Site/Area/Motor2/Analysis/Vibration/fft
Prediction for batch 0Nm_BPFI_03:34 published to Enterprise/Site/Area/Motor2/Analysis/Diagnosis/prediction
-----------------------------------------
[Motor1] raw_latency_ms=499.802
[Motor1] EDGE UTC : 2026-08-11T12:31:37.040682+00:00
[Motor1] CLOUD UTC: 2026-08-11T12:31:37.540484+00:00
-------------
Batch 0Nm_BPFI_03:34 from Motor1 received. Processing...
FFT for batch 0Nm_BPFI_03:34 published to Enterprise/Site/Area/Motor1/Analysis/Vibration/fft
Prediction for batch 0Nm_BPFI_03:34 published to Enterprise/Site/Area/Motor1/Analysis/Diagnosis/prediction
-----------------------------------------
[Motor2] raw_latency_ms=501.384
[Motor2] EDGE UTC : 2026-08-11T12:31:37.502828+00:00
[Motor2] CLOUD UTC: 2026-08-11T12:31:38.004212+00:00
-------------
Batch 0Nm_BPFI_03:35 from Motor2 received. Processing...
FFT for batch 0Nm_BPFI_03:35 published to Enterprise/Site/Area/Motor2/Analysis/Vibration/fft
Prediction for batch 0Nm_BPFI_03:35 published to Enterprise/Site/Area/Motor2/Analysis/Diagnosis/prediction
-----------------------------------------
[Motor1] raw_latency_ms=484.877
[Motor1] EDGE UTC : 2026-08-11T12:31:38.078204+00:00
[Motor1] CLOUD UTC: 2026-08-11T12:31:38.563081+00:00
-------------
Batch 0Nm_BPFI_03:35 from Motor1 received. Processing...
FFT for batch 0Nm_BPFI_03:35 published to Enterprise/Site/Area/Motor1/Analysis/Vibration/fft
Prediction for batch 0Nm_BPFI_03:35 published to Enterprise/Site/Area/Motor1/Analysis/Diagnosis/prediction
-----------------------------------------
[Motor2] raw_latency_ms=640.405
[Motor2] EDGE UTC : 2026-08-11T12:31:38.547294+00:00
[Motor2] CLOUD UTC: 2026-08-11T12:31:39.187700+00:00
-------------
Batch 0Nm_BPFI_03:36 from Motor2 received. Processing...
FFT for batch 0Nm_BPFI_03:36 published to Enterprise/Site/Area/Motor2/Analysis/Vibration/fft
Prediction for batch 0Nm_BPFI_03:36 published to Enterprise/Site/Area/Motor2/Analysis/Diagnosis/prediction
-----------------------------------------
[Motor1] raw_latency_ms=478.019
[Motor1] EDGE UTC : 2026-08-11T12:31:39.184420+00:00
[Motor1] CLOUD UTC: 2026-08-11T12:31:39.662438+00:00
-------------
Batch 0Nm_BPFI_03:36 from Motor1 received. Processing...
FFT for batch 0Nm_BPFI_03:36 published to Enterprise/Site/Area/Motor1/Analysis/Vibration/fft
Prediction for batch 0Nm_BPFI_03:36 published to Enterprise/Site/Area/Motor1/Analysis/Diagnosis/prediction
-----------------------------------------
[Motor2] raw_latency_ms=552.947
[Motor2] EDGE UTC : 2026-08-11T12:31:39.596543+00:00
[Motor2] CLOUD UTC: 2026-08-11T12:31:40.149490+00:00
-------------
Batch 0Nm_BPFI_03:37 from Motor2 received. Processing...
FFT for batch 0Nm_BPFI_03:37 published to Enterprise/Site/Area/Motor2/Analysis/Vibration/fft
Prediction for batch 0Nm_BPFI_03:37 published to Enterprise/Site/Area/Motor2/Analysis/Diagnosis/prediction
-----------------------------------------
[Motor1] raw_latency_ms=477.413
[Motor1] EDGE UTC : 2026-08-11T12:31:40.222158+00:00
[Motor1] CLOUD UTC: 2026-08-11T12:31:40.699571+00:00
-------------
Batch 0Nm_BPFI_03:37 from Motor1 received. Processing...
FFT for batch 0Nm_BPFI_03:37 published to Enterprise/Site/Area/Motor1/Analysis/Vibration/fft
Prediction for batch 0Nm_BPFI_03:37 published to Enterprise/Site/Area/Motor1/Analysis/Diagnosis/prediction
-----------------------------------------
[Motor2] raw_latency_ms=531.320
[Motor2] EDGE UTC : 2026-08-11T12:31:40.638755+00:00
[Motor2] CLOUD UTC: 2026-08-11T12:31:41.170075+00:00
-------------
Batch 0Nm_BPFI_03:38 from Motor2 received. Processing...
FFT for batch 0Nm_BPFI_03:38 published to Enterprise/Site/Area/Motor2/Analysis/Vibration/fft
Prediction for batch 0Nm_BPFI_03:38 published to Enterprise/Site/Area/Motor2/Analysis/Diagnosis/prediction
-----------------------------------------
[Motor1] raw_latency_ms=476.425
[Motor1] EDGE UTC : 2026-08-11T12:31:41.260000+00:00
[Motor1] CLOUD UTC: 2026-08-11T12:31:41.736425+00:00
-------------
Batch 0Nm_BPFI_03:38 from Motor1 received. Processing...
FFT for batch 0Nm_BPFI_03:38 published to Enterprise/Site/Area/Motor1/Analysis/Vibration/fft
Prediction for batch 0Nm_BPFI_03:38 published to Enterprise/Site/Area/Motor1/Analysis/Diagnosis/prediction
-----------------------------------------
[Motor2] raw_latency_ms=389.532
[Motor2] EDGE UTC : 2026-08-11T12:31:41.688569+00:00
[Motor2] CLOUD UTC: 2026-08-11T12:31:42.078102+00:00
-------------
Batch 0Nm_BPFI_03:39 from Motor2 received. Processing...
FFT for batch 0Nm_BPFI_03:39 published to Enterprise/Site/Area/Motor2/Analysis/Vibration/fft
Prediction for batch 0Nm_BPFI_03:39 published to Enterprise/Site/Area/Motor2/Analysis/Diagnosis/prediction
-----------------------------------------
[Motor1] raw_latency_ms=452.821
[Motor1] EDGE UTC : 2026-08-11T12:31:42.303827+00:00
[Motor1] CLOUD UTC: 2026-08-11T12:31:42.756648+00:00
-------------
Batch 0Nm_BPFI_03:39 from Motor1 received. Processing...
FFT for batch 0Nm_BPFI_03:39 published to Enterprise/Site/Area/Motor1/Analysis/Vibration/fft
Prediction for batch 0Nm_BPFI_03:39 published to Enterprise/Site/Area/Motor1/Analysis/Diagnosis/prediction
-----------------------------------------
[Motor2] raw_latency_ms=629.416
[Motor2] EDGE UTC : 2026-08-11T12:31:42.739550+00:00
[Motor2] CLOUD UTC: 2026-08-11T12:31:43.368966+00:00
-------------
Batch 0Nm_BPFI_03:40 from Motor2 received. Processing...
FFT for batch 0Nm_BPFI_03:40 published to Enterprise/Site/Area/Motor2/Analysis/Vibration/fft
Prediction for batch 0Nm_BPFI_03:40 published to Enterprise/Site/Area/Motor2/Analysis/Diagnosis/prediction
-----------------------------------------
[Motor1] raw_latency_ms=476.484
[Motor1] EDGE UTC : 2026-08-11T12:31:43.346482+00:00
[Motor1] CLOUD UTC: 2026-08-11T12:31:43.822966+00:00
-------------
Batch 0Nm_BPFI_03:40 from Motor1 received. Processing...
FFT for batch 0Nm_BPFI_03:40 published to Enterprise/Site/Area/Motor1/Analysis/Vibration/fft
Prediction for batch 0Nm_BPFI_03:40 published to Enterprise/Site/Area/Motor1/Analysis/Diagnosis/prediction
-----------------------------------------
[Motor2] raw_latency_ms=496.465
[Motor2] EDGE UTC : 2026-08-11T12:31:43.762288+00:00
[Motor2] CLOUD UTC: 2026-08-11T12:31:44.258753+00:00
-------------
Batch 0Nm_BPFI_03:41 from Motor2 received. Processing...
FFT for batch 0Nm_BPFI_03:41 published to Enterprise/Site/Area/Motor2/Analysis/Vibration/fft
Prediction for batch 0Nm_BPFI_03:41 published to Enterprise/Site/Area/Motor2/Analysis/Diagnosis/prediction
-----------------------------------------
[Motor1] raw_latency_ms=457.015
[Motor1] EDGE UTC : 2026-08-11T12:31:44.389527+00:00
[Motor1] CLOUD UTC: 2026-08-11T12:31:44.846542+00:00
-------------
Batch 0Nm_BPFI_03:41 from Motor1 received. Processing...
FFT for batch 0Nm_BPFI_03:41 published to Enterprise/Site/Area/Motor1/Analysis/Vibration/fft
Prediction for batch 0Nm_BPFI_03:41 published to Enterprise/Site/Area/Motor1/Analysis/Diagnosis/prediction
-----------------------------------------
[Motor2] raw_latency_ms=550.122
[Motor2] EDGE UTC : 2026-08-11T12:31:44.781466+00:00
[Motor2] CLOUD UTC: 2026-08-11T12:31:45.331588+00:00
-------------
Batch 0Nm_BPFI_03:42 from Motor2 received. Processing...
FFT for batch 0Nm_BPFI_03:42 published to Enterprise/Site/Area/Motor2/Analysis/Vibration/fft
Prediction for batch 0Nm_BPFI_03:42 published to Enterprise/Site/Area/Motor2/Analysis/Diagnosis/prediction
-----------------------------------------
[Motor1] raw_latency_ms=389.188
[Motor1] EDGE UTC : 2026-08-11T12:31:45.438242+00:00
[Motor1] CLOUD UTC: 2026-08-11T12:31:45.827431+00:00
-------------
Batch 0Nm_BPFI_03:42 from Motor1 received. Processing...
FFT for batch 0Nm_BPFI_03:42 published to Enterprise/Site/Area/Motor1/Analysis/Vibration/fft
Prediction for batch 0Nm_BPFI_03:42 published to Enterprise/Site/Area/Motor1/Analysis/Diagnosis/prediction
-----------------------------------------
[Motor2] raw_latency_ms=402.153
[Motor2] EDGE UTC : 2026-08-11T12:31:45.803524+00:00
[Motor2] CLOUD UTC: 2026-08-11T12:31:46.205677+00:00
-------------
Batch 0Nm_BPFI_03:43 from Motor2 received. Processing...
FFT for batch 0Nm_BPFI_03:43 published to Enterprise/Site/Area/Motor2/Analysis/Vibration/fft
Prediction for batch 0Nm_BPFI_03:43 published to Enterprise/Site/Area/Motor2/Analysis/Diagnosis/prediction
-----------------------------------------
[Motor1] raw_latency_ms=454.641
[Motor1] EDGE UTC : 2026-08-11T12:31:46.483784+00:00
[Motor1] CLOUD UTC: 2026-08-11T12:31:46.938426+00:00
-------------
Batch 0Nm_BPFI_03:43 from Motor1 received. Processing...
FFT for batch 0Nm_BPFI_03:43 published to Enterprise/Site/Area/Motor1/Analysis/Vibration/fft
Prediction for batch 0Nm_BPFI_03:43 published to Enterprise/Site/Area/Motor1/Analysis/Diagnosis/prediction
-----------------------------------------
[Motor2] raw_latency_ms=666.165
[Motor2] EDGE UTC : 2026-08-11T12:31:46.822861+00:00
[Motor2] CLOUD UTC: 2026-08-11T12:31:47.489026+00:00
-------------
Batch 0Nm_BPFI_03:44 from Motor2 received. Processing...
FFT for batch 0Nm_BPFI_03:44 published to Enterprise/Site/Area/Motor2/Analysis/Vibration/fft
Prediction for batch 0Nm_BPFI_03:44 published to Enterprise/Site/Area/Motor2/Analysis/Diagnosis/prediction
-----------------------------------------
[Motor1] raw_latency_ms=471.334
[Motor1] EDGE UTC : 2026-08-11T12:31:47.530509+00:00
[Motor1] CLOUD UTC: 2026-08-11T12:31:48.001843+00:00
-------------
Batch 0Nm_BPFI_03:44 from Motor1 received. Processing...
FFT for batch 0Nm_BPFI_03:44 published to Enterprise/Site/Area/Motor1/Analysis/Vibration/fft
Prediction for batch 0Nm_BPFI_03:44 published to Enterprise/Site/Area/Motor1/Analysis/Diagnosis/prediction
-----------------------------------------
[Motor2] raw_latency_ms=392.649
[Motor2] EDGE UTC : 2026-08-11T12:31:47.872098+00:00
[Motor2] CLOUD UTC: 2026-08-11T12:31:48.264747+00:00
-------------
Batch 0Nm_BPFI_03:45 from Motor2 received. Processing...
FFT for batch 0Nm_BPFI_03:45 published to Enterprise/Site/Area/Motor2/Analysis/Vibration/fft
Prediction for batch 0Nm_BPFI_03:45 published to Enterprise/Site/Area/Motor2/Analysis/Diagnosis/prediction
-----------------------------------------
[Motor1] raw_latency_ms=467.367
[Motor1] EDGE UTC : 2026-08-11T12:31:48.569271+00:00
[Motor1] CLOUD UTC: 2026-08-11T12:31:49.036639+00:00
-------------
Batch 0Nm_BPFI_03:45 from Motor1 received. Processing...
FFT for batch 0Nm_BPFI_03:45 published to Enterprise/Site/Area/Motor1/Analysis/Vibration/fft
Prediction for batch 0Nm_BPFI_03:45 published to Enterprise/Site/Area/Motor1/Analysis/Diagnosis/prediction
-----------------------------------------
[Motor2] raw_latency_ms=636.976
[Motor2] EDGE UTC : 2026-08-11T12:31:48.920785+00:00
[Motor2] CLOUD UTC: 2026-08-11T12:31:49.557761+00:00
-------------
Batch 0Nm_BPFI_03:46 from Motor2 received. Processing...
FFT for batch 0Nm_BPFI_03:46 published to Enterprise/Site/Area/Motor2/Analysis/Vibration/fft
Prediction for batch 0Nm_BPFI_03:46 published to Enterprise/Site/Area/Motor2/Analysis/Diagnosis/prediction
-----------------------------------------
[Motor1] raw_latency_ms=481.764
[Motor1] EDGE UTC : 2026-08-11T12:31:49.609425+00:00
[Motor1] CLOUD UTC: 2026-08-11T12:31:50.091190+00:00
-------------
Batch 0Nm_BPFI_03:46 from Motor1 received. Processing...
FFT for batch 0Nm_BPFI_03:46 published to Enterprise/Site/Area/Motor1/Analysis/Vibration/fft
Prediction for batch 0Nm_BPFI_03:46 published to Enterprise/Site/Area/Motor1/Analysis/Diagnosis/prediction
-----------------------------------------
[Motor2] raw_latency_ms=403.035
[Motor2] EDGE UTC : 2026-08-11T12:31:49.969135+00:00
[Motor2] CLOUD UTC: 2026-08-11T12:31:50.372170+00:00
-------------
Batch 0Nm_BPFI_03:47 from Motor2 received. Processing...
FFT for batch 0Nm_BPFI_03:47 published to Enterprise/Site/Area/Motor2/Analysis/Vibration/fft
Prediction for batch 0Nm_BPFI_03:47 published to Enterprise/Site/Area/Motor2/Analysis/Diagnosis/prediction
-----------------------------------------
[Motor1] raw_latency_ms=457.017
[Motor1] EDGE UTC : 2026-08-11T12:31:50.648312+00:00
[Motor1] CLOUD UTC: 2026-08-11T12:31:51.105329+00:00
-------------
Batch 0Nm_BPFI_03:47 from Motor1 received. Processing...
FFT for batch 0Nm_BPFI_03:47 published to Enterprise/Site/Area/Motor1/Analysis/Vibration/fft
Prediction for batch 0Nm_BPFI_03:47 published to Enterprise/Site/Area/Motor1/Analysis/Diagnosis/prediction
-----------------------------------------
[Motor2] raw_latency_ms=629.271
[Motor2] EDGE UTC : 2026-08-11T12:31:51.018209+00:00
[Motor2] CLOUD UTC: 2026-08-11T12:31:51.647480+00:00
-------------
Batch 0Nm_BPFI_03:48 from Motor2 received. Processing...
FFT for batch 0Nm_BPFI_03:48 published to Enterprise/Site/Area/Motor2/Analysis/Vibration/fft
Prediction for batch 0Nm_BPFI_03:48 published to Enterprise/Site/Area/Motor2/Analysis/Diagnosis/prediction
-----------------------------------------
[Motor1] raw_latency_ms=477.007
[Motor1] EDGE UTC : 2026-08-11T12:31:51.688713+00:00
[Motor1] CLOUD UTC: 2026-08-11T12:31:52.165720+00:00
-------------
Batch 0Nm_BPFI_03:48 from Motor1 received. Processing...
FFT for batch 0Nm_BPFI_03:48 published to Enterprise/Site/Area/Motor1/Analysis/Vibration/fft
Prediction for batch 0Nm_BPFI_03:48 published to Enterprise/Site/Area/Motor1/Analysis/Diagnosis/prediction
-----------------------------------------
[Motor2] raw_latency_ms=461.707
[Motor2] EDGE UTC : 2026-08-11T12:31:52.130039+00:00
[Motor2] CLOUD UTC: 2026-08-11T12:31:52.591746+00:00
-------------
Batch 0Nm_BPFI_03:49 from Motor2 received. Processing...
FFT for batch 0Nm_BPFI_03:49 published to Enterprise/Site/Area/Motor2/Analysis/Vibration/fft
Prediction for batch 0Nm_BPFI_03:49 published to Enterprise/Site/Area/Motor2/Analysis/Diagnosis/prediction
-----------------------------------------
[Motor1] raw_latency_ms=454.934
[Motor1] EDGE UTC : 2026-08-11T12:31:52.727845+00:00
[Motor1] CLOUD UTC: 2026-08-11T12:31:53.182779+00:00
-------------
Batch 0Nm_BPFI_03:49 from Motor1 received. Processing...
FFT for batch 0Nm_BPFI_03:49 published to Enterprise/Site/Area/Motor1/Analysis/Vibration/fft
Prediction for batch 0Nm_BPFI_03:49 published to Enterprise/Site/Area/Motor1/Analysis/Diagnosis/prediction
-----------------------------------------
[Motor2] raw_latency_ms=597.790
[Motor2] EDGE UTC : 2026-08-11T12:31:53.174319+00:00
[Motor2] CLOUD UTC: 2026-08-11T12:31:53.772109+00:00
-------------
Batch 0Nm_BPFI_03:50 from Motor2 received. Processing...
FFT for batch 0Nm_BPFI_03:50 published to Enterprise/Site/Area/Motor2/Analysis/Vibration/fft
Prediction for batch 0Nm_BPFI_03:50 published to Enterprise/Site/Area/Motor2/Analysis/Diagnosis/prediction
-----------------------------------------
[Motor1] raw_latency_ms=489.471
[Motor1] EDGE UTC : 2026-08-11T12:31:53.768141+00:00
[Motor1] CLOUD UTC: 2026-08-11T12:31:54.257611+00:00
-------------
Batch 0Nm_BPFI_03:50 from Motor1 received. Processing...
FFT for batch 0Nm_BPFI_03:50 published to Enterprise/Site/Area/Motor1/Analysis/Vibration/fft
Prediction for batch 0Nm_BPFI_03:50 published to Enterprise/Site/Area/Motor1/Analysis/Diagnosis/prediction
-----------------------------------------
[Motor2] raw_latency_ms=473.337
[Motor2] EDGE UTC : 2026-08-11T12:31:54.223270+00:00
[Motor2] CLOUD UTC: 2026-08-11T12:31:54.696607+00:00
-------------
Batch 0Nm_BPFI_03:51 from Motor2 received. Processing...
FFT for batch 0Nm_BPFI_03:51 published to Enterprise/Site/Area/Motor2/Analysis/Vibration/fft
Prediction for batch 0Nm_BPFI_03:51 published to Enterprise/Site/Area/Motor2/Analysis/Diagnosis/prediction
-----------------------------------------
[Motor1] raw_latency_ms=459.445
[Motor1] EDGE UTC : 2026-08-11T12:31:54.807081+00:00
[Motor1] CLOUD UTC: 2026-08-11T12:31:55.266526+00:00
-------------
Batch 0Nm_BPFI_03:51 from Motor1 received. Processing...
FFT for batch 0Nm_BPFI_03:51 published to Enterprise/Site/Area/Motor1/Analysis/Vibration/fft
Prediction for batch 0Nm_BPFI_03:51 published to Enterprise/Site/Area/Motor1/Analysis/Diagnosis/prediction
-----------------------------------------
[Motor2] raw_latency_ms=388.158
[Motor2] EDGE UTC : 2026-08-11T12:31:55.242395+00:00
[Motor2] CLOUD UTC: 2026-08-11T12:31:55.630553+00:00
-------------
Batch 0Nm_BPFI_03:52 from Motor2 received. Processing...
FFT for batch 0Nm_BPFI_03:52 published to Enterprise/Site/Area/Motor2/Analysis/Vibration/fft
Prediction for batch 0Nm_BPFI_03:52 published to Enterprise/Site/Area/Motor2/Analysis/Diagnosis/prediction
-----------------------------------------
[Motor1] raw_latency_ms=476.795
[Motor1] EDGE UTC : 2026-08-11T12:31:55.844222+00:00
[Motor1] CLOUD UTC: 2026-08-11T12:31:56.321017+00:00
-------------
Batch 0Nm_BPFI_03:52 from Motor1 received. Processing...
FFT for batch 0Nm_BPFI_03:52 published to Enterprise/Site/Area/Motor1/Analysis/Vibration/fft
Prediction for batch 0Nm_BPFI_03:52 published to Enterprise/Site/Area/Motor1/Analysis/Diagnosis/prediction
-----------------------------------------
[Motor2] raw_latency_ms=373.707
[Motor2] EDGE UTC : 2026-08-11T12:31:56.261240+00:00
[Motor2] CLOUD UTC: 2026-08-11T12:31:56.634947+00:00
-------------
Batch 0Nm_BPFI_03:53 from Motor2 received. Processing...
FFT for batch 0Nm_BPFI_03:53 published to Enterprise/Site/Area/Motor2/Analysis/Vibration/fft
Prediction for batch 0Nm_BPFI_03:53 published to Enterprise/Site/Area/Motor2/Analysis/Diagnosis/prediction
-----------------------------------------
[Motor1] raw_latency_ms=457.898
[Motor1] EDGE UTC : 2026-08-11T12:31:56.881745+00:00
[Motor1] CLOUD UTC: 2026-08-11T12:31:57.339643+00:00
-------------
Batch 0Nm_BPFI_03:53 from Motor1 received. Processing...
FFT for batch 0Nm_BPFI_03:53 published to Enterprise/Site/Area/Motor1/Analysis/Vibration/fft
Prediction for batch 0Nm_BPFI_03:53 published to Enterprise/Site/Area/Motor1/Analysis/Diagnosis/prediction
-----------------------------------------
[Motor2] raw_latency_ms=487.915
[Motor2] EDGE UTC : 2026-08-11T12:31:57.280223+00:00
[Motor2] CLOUD UTC: 2026-08-11T12:31:57.768138+00:00
-------------
Batch 0Nm_BPFI_03:54 from Motor2 received. Processing...
FFT for batch 0Nm_BPFI_03:54 published to Enterprise/Site/Area/Motor2/Analysis/Vibration/fft
Prediction for batch 0Nm_BPFI_03:54 published to Enterprise/Site/Area/Motor2/Analysis/Diagnosis/prediction
-----------------------------------------
[Motor1] raw_latency_ms=469.780
[Motor1] EDGE UTC : 2026-08-11T12:31:57.919188+00:00
[Motor1] CLOUD UTC: 2026-08-11T12:31:58.388968+00:00
-------------
Batch 0Nm_BPFI_03:54 from Motor1 received. Processing...
FFT for batch 0Nm_BPFI_03:54 published to Enterprise/Site/Area/Motor1/Analysis/Vibration/fft
Prediction for batch 0Nm_BPFI_03:54 published to Enterprise/Site/Area/Motor1/Analysis/Diagnosis/prediction
-----------------------------------------
[Motor2] raw_latency_ms=358.127
[Motor2] EDGE UTC : 2026-08-11T12:31:58.299475+00:00
[Motor2] CLOUD UTC: 2026-08-11T12:31:58.657601+00:00
-------------
Batch 0Nm_BPFI_03:55 from Motor2 received. Processing...
FFT for batch 0Nm_BPFI_03:55 published to Enterprise/Site/Area/Motor2/Analysis/Vibration/fft
Prediction for batch 0Nm_BPFI_03:55 published to Enterprise/Site/Area/Motor2/Analysis/Diagnosis/prediction
-----------------------------------------
[Motor1] raw_latency_ms=473.829
[Motor1] EDGE UTC : 2026-08-11T12:31:58.956053+00:00
[Motor1] CLOUD UTC: 2026-08-11T12:31:59.429881+00:00
-------------
Batch 0Nm_BPFI_03:55 from Motor1 received. Processing...
FFT for batch 0Nm_BPFI_03:55 published to Enterprise/Site/Area/Motor1/Analysis/Vibration/fft
Prediction for batch 0Nm_BPFI_03:55 published to Enterprise/Site/Area/Motor1/Analysis/Diagnosis/prediction
-----------------------------------------
[Motor2] raw_latency_ms=490.140
[Motor2] EDGE UTC : 2026-08-11T12:31:59.345366+00:00
[Motor2] CLOUD UTC: 2026-08-11T12:31:59.835507+00:00
-------------
Batch 0Nm_BPFI_03:56 from Motor2 received. Processing...
FFT for batch 0Nm_BPFI_03:56 published to Enterprise/Site/Area/Motor2/Analysis/Vibration/fft
Prediction for batch 0Nm_BPFI_03:56 published to Enterprise/Site/Area/Motor2/Analysis/Diagnosis/prediction
-----------------------------------------
[Motor1] raw_latency_ms=486.040
[Motor1] EDGE UTC : 2026-08-11T12:31:59.993488+00:00
[Motor1] CLOUD UTC: 2026-08-11T12:32:00.479529+00:00
-------------
Batch 0Nm_BPFI_03:56 from Motor1 received. Processing...
FFT for batch 0Nm_BPFI_03:56 published to Enterprise/Site/Area/Motor1/Analysis/Vibration/fft
Prediction for batch 0Nm_BPFI_03:56 published to Enterprise/Site/Area/Motor1/Analysis/Diagnosis/prediction
-----------------------------------------
[Motor2] raw_latency_ms=382.083
[Motor2] EDGE UTC : 2026-08-11T12:32:00.394609+00:00
[Motor2] CLOUD UTC: 2026-08-11T12:32:00.776691+00:00
-------------
Batch 0Nm_BPFI_03:57 from Motor2 received. Processing...
FFT for batch 0Nm_BPFI_03:57 published to Enterprise/Site/Area/Motor2/Analysis/Vibration/fft
Prediction for batch 0Nm_BPFI_03:57 published to Enterprise/Site/Area/Motor2/Analysis/Diagnosis/prediction
-----------------------------------------
[Motor1] raw_latency_ms=456.845
[Motor1] EDGE UTC : 2026-08-11T12:32:01.036727+00:00
[Motor1] CLOUD UTC: 2026-08-11T12:32:01.493572+00:00
-------------
Batch 0Nm_BPFI_03:57 from Motor1 received. Processing...
FFT for batch 0Nm_BPFI_03:57 published to Enterprise/Site/Area/Motor1/Analysis/Vibration/fft
Prediction for batch 0Nm_BPFI_03:57 published to Enterprise/Site/Area/Motor1/Analysis/Diagnosis/prediction
-----------------------------------------
[Motor2] raw_latency_ms=479.033
[Motor2] EDGE UTC : 2026-08-11T12:32:01.443949+00:00
[Motor2] CLOUD UTC: 2026-08-11T12:32:01.922982+00:00
-------------
Batch 0Nm_BPFI_03:58 from Motor2 received. Processing...
FFT for batch 0Nm_BPFI_03:58 published to Enterprise/Site/Area/Motor2/Analysis/Vibration/fft
Prediction for batch 0Nm_BPFI_03:58 published to Enterprise/Site/Area/Motor2/Analysis/Diagnosis/prediction
-----------------------------------------
[Motor1] raw_latency_ms=482.623
[Motor1] EDGE UTC : 2026-08-11T12:32:02.079677+00:00
[Motor1] CLOUD UTC: 2026-08-11T12:32:02.562300+00:00
-------------
Batch 0Nm_BPFI_03:58 from Motor1 received. Processing...
FFT for batch 0Nm_BPFI_03:58 published to Enterprise/Site/Area/Motor1/Analysis/Vibration/fft
Prediction for batch 0Nm_BPFI_03:58 published to Enterprise/Site/Area/Motor1/Analysis/Diagnosis/prediction
-----------------------------------------
[Motor2] raw_latency_ms=632.727
[Motor2] EDGE UTC : 2026-08-11T12:32:02.463478+00:00
[Motor2] CLOUD UTC: 2026-08-11T12:32:03.096205+00:00
-------------
Batch 0Nm_BPFI_03:59 from Motor2 received. Processing...
FFT for batch 0Nm_BPFI_03:59 published to Enterprise/Site/Area/Motor2/Analysis/Vibration/fft
Prediction for batch 0Nm_BPFI_03:59 published to Enterprise/Site/Area/Motor2/Analysis/Diagnosis/prediction
-----------------------------------------
[Motor1] raw_latency_ms=452.003
[Motor1] EDGE UTC : 2026-08-11T12:32:03.122908+00:00
[Motor1] CLOUD UTC: 2026-08-11T12:32:03.574911+00:00
-------------
Batch 0Nm_BPFI_03:59 from Motor1 received. Processing...
FFT for batch 0Nm_BPFI_03:59 published to Enterprise/Site/Area/Motor1/Analysis/Vibration/fft
Prediction for batch 0Nm_BPFI_03:59 published to Enterprise/Site/Area/Motor1/Analysis/Diagnosis/prediction
-----------------------------------------
[Motor2] raw_latency_ms=564.268
[Motor2] EDGE UTC : 2026-08-11T12:32:03.482581+00:00
[Motor2] CLOUD UTC: 2026-08-11T12:32:04.046849+00:00
-------------
Batch 0Nm_BPFI_03:60 from Motor2 received. Processing...
FFT for batch 0Nm_BPFI_03:60 published to Enterprise/Site/Area/Motor2/Analysis/Vibration/fft
Prediction for batch 0Nm_BPFI_03:60 published to Enterprise/Site/Area/Motor2/Analysis/Diagnosis/prediction
-----------------------------------------
[Motor1] raw_latency_ms=479.034
[Motor1] EDGE UTC : 2026-08-11T12:32:04.166762+00:00
[Motor1] CLOUD UTC: 2026-08-11T12:32:04.645796+00:00
-------------
Batch 0Nm_BPFI_03:60 from Motor1 received. Processing...
FFT for batch 0Nm_BPFI_03:60 published to Enterprise/Site/Area/Motor1/Analysis/Vibration/fft
Prediction for batch 0Nm_BPFI_03:60 published to Enterprise/Site/Area/Motor1/Analysis/Diagnosis/prediction
-----------------------------------------
[Motor2] raw_latency_ms=634.605
[Motor2] EDGE UTC : 2026-08-11T12:32:04.502305+00:00
[Motor2] CLOUD UTC: 2026-08-11T12:32:05.136909+00:00
-------------
Batch 0Nm_BPFI_03:61 from Motor2 received. Processing...
FFT for batch 0Nm_BPFI_03:61 published to Enterprise/Site/Area/Motor2/Analysis/Vibration/fft
Prediction for batch 0Nm_BPFI_03:61 published to Enterprise/Site/Area/Motor2/Analysis/Diagnosis/prediction
-----------------------------------------
[Motor1] raw_latency_ms=453.283
[Motor1] EDGE UTC : 2026-08-11T12:32:05.210723+00:00
[Motor1] CLOUD UTC: 2026-08-11T12:32:05.664006+00:00
-------------
Batch 0Nm_BPFI_03:61 from Motor1 received. Processing...
FFT for batch 0Nm_BPFI_03:61 published to Enterprise/Site/Area/Motor1/Analysis/Vibration/fft
Prediction for batch 0Nm_BPFI_03:61 published to Enterprise/Site/Area/Motor1/Analysis/Diagnosis/prediction
-----------------------------------------
[Motor2] raw_latency_ms=363.816
[Motor2] EDGE UTC : 2026-08-11T12:32:05.521821+00:00
[Motor2] CLOUD UTC: 2026-08-11T12:32:05.885638+00:00
-------------
Batch 0Nm_BPFI_03:62 from Motor2 received. Processing...
FFT for batch 0Nm_BPFI_03:62 published to Enterprise/Site/Area/Motor2/Analysis/Vibration/fft
Prediction for batch 0Nm_BPFI_03:62 published to Enterprise/Site/Area/Motor2/Analysis/Diagnosis/prediction
-----------------------------------------
[Motor1] raw_latency_ms=470.750
[Motor1] EDGE UTC : 2026-08-11T12:32:06.257117+00:00
[Motor1] CLOUD UTC: 2026-08-11T12:32:06.727868+00:00
-------------
Batch 0Nm_BPFI_03:62 from Motor1 received. Processing...
FFT for batch 0Nm_BPFI_03:62 published to Enterprise/Site/Area/Motor1/Analysis/Vibration/fft
Prediction for batch 0Nm_BPFI_03:62 published to Enterprise/Site/Area/Motor1/Analysis/Diagnosis/prediction
-----------------------------------------
[Motor2] raw_latency_ms=616.499
[Motor2] EDGE UTC : 2026-08-11T12:32:06.570588+00:00
[Motor2] CLOUD UTC: 2026-08-11T12:32:07.187087+00:00
-------------
Batch 0Nm_BPFI_03:63 from Motor2 received. Processing...
FFT for batch 0Nm_BPFI_03:63 published to Enterprise/Site/Area/Motor2/Analysis/Vibration/fft
Prediction for batch 0Nm_BPFI_03:63 published to Enterprise/Site/Area/Motor2/Analysis/Diagnosis/prediction
-----------------------------------------
[Motor1] raw_latency_ms=456.643
[Motor1] EDGE UTC : 2026-08-11T12:32:07.301913+00:00
[Motor1] CLOUD UTC: 2026-08-11T12:32:07.758556+00:00
-------------
Batch 0Nm_BPFI_03:63 from Motor1 received. Processing...
FFT for batch 0Nm_BPFI_03:63 published to Enterprise/Site/Area/Motor1/Analysis/Vibration/fft
Prediction for batch 0Nm_BPFI_03:63 published to Enterprise/Site/Area/Motor1/Analysis/Diagnosis/prediction
-----------------------------------------
[Motor2] raw_latency_ms=375.356
[Motor2] EDGE UTC : 2026-08-11T12:32:07.623432+00:00
[Motor2] CLOUD UTC: 2026-08-11T12:32:07.998788+00:00
-------------
Batch 0Nm_BPFI_03:64 from Motor2 received. Processing...
FFT for batch 0Nm_BPFI_03:64 published to Enterprise/Site/Area/Motor2/Analysis/Vibration/fft
Prediction for batch 0Nm_BPFI_03:64 published to Enterprise/Site/Area/Motor2/Analysis/Diagnosis/prediction
-----------------------------------------
[Motor1] raw_latency_ms=474.792
[Motor1] EDGE UTC : 2026-08-11T12:32:08.348076+00:00
[Motor1] CLOUD UTC: 2026-08-11T12:32:08.822867+00:00
-------------
Batch 0Nm_BPFI_03:64 from Motor1 received. Processing...
FFT for batch 0Nm_BPFI_03:64 published to Enterprise/Site/Area/Motor1/Analysis/Vibration/fft
Prediction for batch 0Nm_BPFI_03:64 published to Enterprise/Site/Area/Motor1/Analysis/Diagnosis/prediction
-----------------------------------------
[Motor2] raw_latency_ms=614.813
[Motor2] EDGE UTC : 2026-08-11T12:32:08.674793+00:00
[Motor2] CLOUD UTC: 2026-08-11T12:32:09.289606+00:00
-------------
Batch 0Nm_BPFI_03:65 from Motor2 received. Processing...
FFT for batch 0Nm_BPFI_03:65 published to Enterprise/Site/Area/Motor2/Analysis/Vibration/fft
Prediction for batch 0Nm_BPFI_03:65 published to Enterprise/Site/Area/Motor2/Analysis/Diagnosis/prediction
-----------------------------------------
[Motor1] raw_latency_ms=456.800
[Motor1] EDGE UTC : 2026-08-11T12:32:09.394154+00:00
[Motor1] CLOUD UTC: 2026-08-11T12:32:09.850954+00:00
-------------
Batch 0Nm_BPFI_03:65 from Motor1 received. Processing...
FFT for batch 0Nm_BPFI_03:65 published to Enterprise/Site/Area/Motor1/Analysis/Vibration/fft
Prediction for batch 0Nm_BPFI_03:65 published to Enterprise/Site/Area/Motor1/Analysis/Diagnosis/prediction
-----------------------------------------
[Motor2] raw_latency_ms=366.019
[Motor2] EDGE UTC : 2026-08-11T12:32:09.722484+00:00
[Motor2] CLOUD UTC: 2026-08-11T12:32:10.088503+00:00
-------------
Batch 0Nm_BPFI_03:66 from Motor2 received. Processing...
FFT for batch 0Nm_BPFI_03:66 published to Enterprise/Site/Area/Motor2/Analysis/Vibration/fft
Prediction for batch 0Nm_BPFI_03:66 published to Enterprise/Site/Area/Motor2/Analysis/Diagnosis/prediction
-----------------------------------------
[Motor1] raw_latency_ms=478.528
[Motor1] EDGE UTC : 2026-08-11T12:32:10.437264+00:00
[Motor1] CLOUD UTC: 2026-08-11T12:32:10.915792+00:00
-------------
Batch 0Nm_BPFI_03:66 from Motor1 received. Processing...
FFT for batch 0Nm_BPFI_03:66 published to Enterprise/Site/Area/Motor1/Analysis/Vibration/fft
Prediction for batch 0Nm_BPFI_03:66 published to Enterprise/Site/Area/Motor1/Analysis/Diagnosis/prediction
-----------------------------------------
[Motor2] raw_latency_ms=612.348
[Motor2] EDGE UTC : 2026-08-11T12:32:10.771639+00:00
[Motor2] CLOUD UTC: 2026-08-11T12:32:11.383988+00:00
-------------
Batch 0Nm_BPFI_03:67 from Motor2 received. Processing...
FFT for batch 0Nm_BPFI_03:67 published to Enterprise/Site/Area/Motor2/Analysis/Vibration/fft
Prediction for batch 0Nm_BPFI_03:67 published to Enterprise/Site/Area/Motor2/Analysis/Diagnosis/prediction
-----------------------------------------
[Motor1] raw_latency_ms=459.671
[Motor1] EDGE UTC : 2026-08-11T12:32:11.480955+00:00
[Motor1] CLOUD UTC: 2026-08-11T12:32:11.940626+00:00
-------------
Batch 0Nm_BPFI_03:67 from Motor1 received. Processing...
FFT for batch 0Nm_BPFI_03:67 published to Enterprise/Site/Area/Motor1/Analysis/Vibration/fft
Prediction for batch 0Nm_BPFI_03:67 published to Enterprise/Site/Area/Motor1/Analysis/Diagnosis/prediction
-----------------------------------------
[Motor2] raw_latency_ms=367.014
[Motor2] EDGE UTC : 2026-08-11T12:32:11.820614+00:00
[Motor2] CLOUD UTC: 2026-08-11T12:32:12.187628+00:00
-------------
Batch 0Nm_BPFI_03:68 from Motor2 received. Processing...
FFT for batch 0Nm_BPFI_03:68 published to Enterprise/Site/Area/Motor2/Analysis/Vibration/fft
Prediction for batch 0Nm_BPFI_03:68 published to Enterprise/Site/Area/Motor2/Analysis/Diagnosis/prediction
-----------------------------------------
[Motor1] raw_latency_ms=478.374
[Motor1] EDGE UTC : 2026-08-11T12:32:12.524032+00:00
[Motor1] CLOUD UTC: 2026-08-11T12:32:13.002407+00:00
-------------
Batch 0Nm_BPFI_03:68 from Motor1 received. Processing...
FFT for batch 0Nm_BPFI_03:68 published to Enterprise/Site/Area/Motor1/Analysis/Vibration/fft
Prediction for batch 0Nm_BPFI_03:68 published to Enterprise/Site/Area/Motor1/Analysis/Diagnosis/prediction
-----------------------------------------
[Motor2] raw_latency_ms=610.045
[Motor2] EDGE UTC : 2026-08-11T12:32:12.863560+00:00
[Motor2] CLOUD UTC: 2026-08-11T12:32:13.473605+00:00
-------------
Batch 0Nm_BPFI_03:69 from Motor2 received. Processing...
FFT for batch 0Nm_BPFI_03:69 published to Enterprise/Site/Area/Motor2/Analysis/Vibration/fft
Prediction for batch 0Nm_BPFI_03:69 published to Enterprise/Site/Area/Motor2/Analysis/Diagnosis/prediction
-----------------------------------------
[Motor1] raw_latency_ms=466.226
[Motor1] EDGE UTC : 2026-08-11T12:32:13.567094+00:00
[Motor1] CLOUD UTC: 2026-08-11T12:32:14.033320+00:00
-------------
Batch 0Nm_BPFI_03:69 from Motor1 received. Processing...
FFT for batch 0Nm_BPFI_03:69 published to Enterprise/Site/Area/Motor1/Analysis/Vibration/fft
Prediction for batch 0Nm_BPFI_03:69 published to Enterprise/Site/Area/Motor1/Analysis/Diagnosis/prediction
-----------------------------------------
[Motor2] raw_latency_ms=375.418
[Motor2] EDGE UTC : 2026-08-11T12:32:13.912196+00:00
[Motor2] CLOUD UTC: 2026-08-11T12:32:14.287614+00:00
-------------
Batch 0Nm_BPFI_03:70 from Motor2 received. Processing...
FFT for batch 0Nm_BPFI_03:70 published to Enterprise/Site/Area/Motor2/Analysis/Vibration/fft
Prediction for batch 0Nm_BPFI_03:70 published to Enterprise/Site/Area/Motor2/Analysis/Diagnosis/prediction
-----------------------------------------
[Motor1] raw_latency_ms=476.883
[Motor1] EDGE UTC : 2026-08-11T12:32:14.604167+00:00
[Motor1] CLOUD UTC: 2026-08-11T12:32:15.081051+00:00
-------------
Batch 0Nm_BPFI_03:70 from Motor1 received. Processing...
FFT for batch 0Nm_BPFI_03:70 published to Enterprise/Site/Area/Motor1/Analysis/Vibration/fft
Prediction for batch 0Nm_BPFI_03:70 published to Enterprise/Site/Area/Motor1/Analysis/Diagnosis/prediction
-----------------------------------------
[Motor2] raw_latency_ms=613.755
[Motor2] EDGE UTC : 2026-08-11T12:32:14.956008+00:00
[Motor2] CLOUD UTC: 2026-08-11T12:32:15.569763+00:00
-------------
Batch 0Nm_BPFI_03:71 from Motor2 received. Processing...
FFT for batch 0Nm_BPFI_03:71 published to Enterprise/Site/Area/Motor2/Analysis/Vibration/fft
Prediction for batch 0Nm_BPFI_03:71 published to Enterprise/Site/Area/Motor2/Analysis/Diagnosis/prediction
-----------------------------------------
[Motor1] raw_latency_ms=452.121
[Motor1] EDGE UTC : 2026-08-11T12:32:15.641256+00:00
[Motor1] CLOUD UTC: 2026-08-11T12:32:16.093377+00:00
-------------
Batch 0Nm_BPFI_03:71 from Motor1 received. Processing...
FFT for batch 0Nm_BPFI_03:71 published to Enterprise/Site/Area/Motor1/Analysis/Vibration/fft
Prediction for batch 0Nm_BPFI_03:71 published to Enterprise/Site/Area/Motor1/Analysis/Diagnosis/prediction
-----------------------------------------
[Motor2] raw_latency_ms=367.575
[Motor2] EDGE UTC : 2026-08-11T12:32:16.005807+00:00
[Motor2] CLOUD UTC: 2026-08-11T12:32:16.373382+00:00
-------------
Batch 0Nm_BPFI_03:72 from Motor2 received. Processing...
FFT for batch 0Nm_BPFI_03:72 published to Enterprise/Site/Area/Motor2/Analysis/Vibration/fft
Prediction for batch 0Nm_BPFI_03:72 published to Enterprise/Site/Area/Motor2/Analysis/Diagnosis/prediction
-----------------------------------------
[Motor1] raw_latency_ms=475.418
[Motor1] EDGE UTC : 2026-08-11T12:32:16.681431+00:00
[Motor1] CLOUD UTC: 2026-08-11T12:32:17.156849+00:00
-------------
Batch 0Nm_BPFI_03:72 from Motor1 received. Processing...
FFT for batch 0Nm_BPFI_03:72 published to Enterprise/Site/Area/Motor1/Analysis/Vibration/fft
Prediction for batch 0Nm_BPFI_03:72 published to Enterprise/Site/Area/Motor1/Analysis/Diagnosis/prediction
-----------------------------------------
[Motor2] raw_latency_ms=613.490
[Motor2] EDGE UTC : 2026-08-11T12:32:17.054551+00:00
[Motor2] CLOUD UTC: 2026-08-11T12:32:17.668041+00:00
-------------
Batch 0Nm_BPFI_03:73 from Motor2 received. Processing...
FFT for batch 0Nm_BPFI_03:73 published to Enterprise/Site/Area/Motor2/Analysis/Vibration/fft
Prediction for batch 0Nm_BPFI_03:73 published to Enterprise/Site/Area/Motor2/Analysis/Diagnosis/prediction
-----------------------------------------
[Motor1] raw_latency_ms=452.350
[Motor1] EDGE UTC : 2026-08-11T12:32:17.720429+00:00
[Motor1] CLOUD UTC: 2026-08-11T12:32:18.172780+00:00
-------------
Batch 0Nm_BPFI_03:73 from Motor1 received. Processing...
FFT for batch 0Nm_BPFI_03:73 published to Enterprise/Site/Area/Motor1/Analysis/Vibration/fft
Prediction for batch 0Nm_BPFI_03:73 published to Enterprise/Site/Area/Motor1/Analysis/Diagnosis/prediction
-----------------------------------------
[Motor2] raw_latency_ms=365.570
[Motor2] EDGE UTC : 2026-08-11T12:32:18.106495+00:00
[Motor2] CLOUD UTC: 2026-08-11T12:32:18.472065+00:00
-------------
Batch 0Nm_BPFI_03:74 from Motor2 received. Processing...
FFT for batch 0Nm_BPFI_03:74 published to Enterprise/Site/Area/Motor2/Analysis/Vibration/fft
Prediction for batch 0Nm_BPFI_03:74 published to Enterprise/Site/Area/Motor2/Analysis/Diagnosis/prediction
-----------------------------------------
[Motor1] raw_latency_ms=818.946
[Motor1] EDGE UTC : 2026-08-11T12:32:18.761252+00:00
[Motor1] CLOUD UTC: 2026-08-11T12:32:19.580198+00:00
-------------
Batch 0Nm_BPFI_03:74 from Motor1 received. Processing...
FFT for batch 0Nm_BPFI_03:74 published to Enterprise/Site/Area/Motor1/Analysis/Vibration/fft
Prediction for batch 0Nm_BPFI_03:74 published to Enterprise/Site/Area/Motor1/Analysis/Diagnosis/prediction
-----------------------------------------
[Motor2] raw_latency_ms=530.232
[Motor2] EDGE UTC : 2026-08-11T12:32:19.155378+00:00
[Motor2] CLOUD UTC: 2026-08-11T12:32:19.685610+00:00
-------------
Batch 0Nm_BPFI_03:75 from Motor2 received. Processing...
FFT for batch 0Nm_BPFI_03:75 published to Enterprise/Site/Area/Motor2/Analysis/Vibration/fft
Prediction for batch 0Nm_BPFI_03:75 published to Enterprise/Site/Area/Motor2/Analysis/Diagnosis/prediction
-----------------------------------------
[Motor1] raw_latency_ms=360.371
[Motor1] EDGE UTC : 2026-08-11T12:32:19.800889+00:00
[Motor1] CLOUD UTC: 2026-08-11T12:32:20.161260+00:00
-------------
Batch 0Nm_BPFI_03:75 from Motor1 received. Processing...
FFT for batch 0Nm_BPFI_03:75 published to Enterprise/Site/Area/Motor1/Analysis/Vibration/fft
Prediction for batch 0Nm_BPFI_03:75 published to Enterprise/Site/Area/Motor1/Analysis/Diagnosis/prediction
-----------------------------------------
[Motor2] raw_latency_ms=370.473
[Motor2] EDGE UTC : 2026-08-11T12:32:20.206225+00:00
[Motor2] CLOUD UTC: 2026-08-11T12:32:20.576697+00:00
-------------
Batch 0Nm_BPFI_03:76 from Motor2 received. Processing...
FFT for batch 0Nm_BPFI_03:76 published to Enterprise/Site/Area/Motor2/Analysis/Vibration/fft
Prediction for batch 0Nm_BPFI_03:76 published to Enterprise/Site/Area/Motor2/Analysis/Diagnosis/prediction
-----------------------------------------
[Motor1] raw_latency_ms=485.660
[Motor1] EDGE UTC : 2026-08-11T12:32:20.838481+00:00
[Motor1] CLOUD UTC: 2026-08-11T12:32:21.324141+00:00
-------------
Batch 0Nm_BPFI_03:76 from Motor1 received. Processing...
FFT for batch 0Nm_BPFI_03:76 published to Enterprise/Site/Area/Motor1/Analysis/Vibration/fft
Prediction for batch 0Nm_BPFI_03:76 published to Enterprise/Site/Area/Motor1/Analysis/Diagnosis/prediction
-----------------------------------------
[Motor2] raw_latency_ms=616.680
[Motor2] EDGE UTC : 2026-08-11T12:32:21.257483+00:00
[Motor2] CLOUD UTC: 2026-08-11T12:32:21.874163+00:00
-------------
Batch 0Nm_BPFI_03:77 from Motor2 received. Processing...
FFT for batch 0Nm_BPFI_03:77 published to Enterprise/Site/Area/Motor2/Analysis/Vibration/fft
Prediction for batch 0Nm_BPFI_03:77 published to Enterprise/Site/Area/Motor2/Analysis/Diagnosis/prediction
-----------------------------------------
[Motor1] raw_latency_ms=459.973
[Motor1] EDGE UTC : 2026-08-11T12:32:21.876436+00:00
[Motor1] CLOUD UTC: 2026-08-11T12:32:22.336409+00:00
-------------
Batch 0Nm_BPFI_03:77 from Motor1 received. Processing...
FFT for batch 0Nm_BPFI_03:77 published to Enterprise/Site/Area/Motor1/Analysis/Vibration/fft
Prediction for batch 0Nm_BPFI_03:77 published to Enterprise/Site/Area/Motor1/Analysis/Diagnosis/prediction
-----------------------------------------
[Motor2] raw_latency_ms=457.066
[Motor2] EDGE UTC : 2026-08-11T12:32:22.309910+00:00
[Motor2] CLOUD UTC: 2026-08-11T12:32:22.766976+00:00
-------------
Batch 0Nm_BPFI_03:78 from Motor2 received. Processing...
FFT for batch 0Nm_BPFI_03:78 published to Enterprise/Site/Area/Motor2/Analysis/Vibration/fft
Prediction for batch 0Nm_BPFI_03:78 published to Enterprise/Site/Area/Motor2/Analysis/Diagnosis/prediction
-----------------------------------------
[Motor1] raw_latency_ms=478.797
[Motor1] EDGE UTC : 2026-08-11T12:32:22.917480+00:00
[Motor1] CLOUD UTC: 2026-08-11T12:32:23.396277+00:00
-------------
Batch 0Nm_BPFI_03:78 from Motor1 received. Processing...
FFT for batch 0Nm_BPFI_03:78 published to Enterprise/Site/Area/Motor1/Analysis/Vibration/fft
Prediction for batch 0Nm_BPFI_03:78 published to Enterprise/Site/Area/Motor1/Analysis/Diagnosis/prediction
-----------------------------------------
[Motor2] raw_latency_ms=615.503
[Motor2] EDGE UTC : 2026-08-11T12:32:23.333630+00:00
[Motor2] CLOUD UTC: 2026-08-11T12:32:23.949132+00:00
-------------
Batch 0Nm_BPFI_03:79 from Motor2 received. Processing...
FFT for batch 0Nm_BPFI_03:79 published to Enterprise/Site/Area/Motor2/Analysis/Vibration/fft
Prediction for batch 0Nm_BPFI_03:79 published to Enterprise/Site/Area/Motor2/Analysis/Diagnosis/prediction
-----------------------------------------
[Motor1] raw_latency_ms=474.371
[Motor1] EDGE UTC : 2026-08-11T12:32:23.956387+00:00
[Motor1] CLOUD UTC: 2026-08-11T12:32:24.430758+00:00
-------------
Batch 0Nm_BPFI_03:79 from Motor1 received. Processing...
FFT for batch 0Nm_BPFI_03:79 published to Enterprise/Site/Area/Motor1/Analysis/Vibration/fft
Prediction for batch 0Nm_BPFI_03:79 published to Enterprise/Site/Area/Motor1/Analysis/Diagnosis/prediction
-----------------------------------------
[Motor2] raw_latency_ms=379.444
[Motor2] EDGE UTC : 2026-08-11T12:32:24.353055+00:00
[Motor2] CLOUD UTC: 2026-08-11T12:32:24.732499+00:00
-------------
Batch 0Nm_BPFI_03:80 from Motor2 received. Processing...
FFT for batch 0Nm_BPFI_03:80 published to Enterprise/Site/Area/Motor2/Analysis/Vibration/fft
Prediction for batch 0Nm_BPFI_03:80 published to Enterprise/Site/Area/Motor2/Analysis/Diagnosis/prediction
-----------------------------------------
[Motor1] raw_latency_ms=528.663
[Motor1] EDGE UTC : 2026-08-11T12:32:24.997085+00:00
[Motor1] CLOUD UTC: 2026-08-11T12:32:25.525748+00:00
-------------
Batch 0Nm_BPFI_03:80 from Motor1 received. Processing...
FFT for batch 0Nm_BPFI_03:80 published to Enterprise/Site/Area/Motor1/Analysis/Vibration/fft
Prediction for batch 0Nm_BPFI_03:80 published to Enterprise/Site/Area/Motor1/Analysis/Diagnosis/prediction
-----------------------------------------
[Motor2] raw_latency_ms=610.093
[Motor2] EDGE UTC : 2026-08-11T12:32:25.373359+00:00
[Motor2] CLOUD UTC: 2026-08-11T12:32:25.983452+00:00
-------------
Batch 0Nm_BPFI_03:81 from Motor2 received. Processing...
FFT for batch 0Nm_BPFI_03:81 published to Enterprise/Site/Area/Motor2/Analysis/Vibration/fft
Prediction for batch 0Nm_BPFI_03:81 published to Enterprise/Site/Area/Motor2/Analysis/Diagnosis/prediction
-----------------------------------------
[Motor1] raw_latency_ms=481.801
[Motor1] EDGE UTC : 2026-08-11T12:32:26.035057+00:00
[Motor1] CLOUD UTC: 2026-08-11T12:32:26.516857+00:00
-------------
Batch 0Nm_BPFI_03:81 from Motor1 received. Processing...
FFT for batch 0Nm_BPFI_03:81 published to Enterprise/Site/Area/Motor1/Analysis/Vibration/fft
Prediction for batch 0Nm_BPFI_03:81 published to Enterprise/Site/Area/Motor1/Analysis/Diagnosis/prediction
-----------------------------------------
[Motor2] raw_latency_ms=360.900
[Motor2] EDGE UTC : 2026-08-11T12:32:26.394030+00:00
[Motor2] CLOUD UTC: 2026-08-11T12:32:26.754930+00:00
-------------
Batch 0Nm_BPFI_03:82 from Motor2 received. Processing...
FFT for batch 0Nm_BPFI_03:82 published to Enterprise/Site/Area/Motor2/Analysis/Vibration/fft
Prediction for batch 0Nm_BPFI_03:82 published to Enterprise/Site/Area/Motor2/Analysis/Diagnosis/prediction
-----------------------------------------
[Motor1] raw_latency_ms=485.007
[Motor1] EDGE UTC : 2026-08-11T12:32:27.078154+00:00
[Motor1] CLOUD UTC: 2026-08-11T12:32:27.563162+00:00
-------------
Batch 0Nm_BPFI_03:82 from Motor1 received. Processing...
FFT for batch 0Nm_BPFI_03:82 published to Enterprise/Site/Area/Motor1/Analysis/Vibration/fft
Prediction for batch 0Nm_BPFI_03:82 published to Enterprise/Site/Area/Motor1/Analysis/Diagnosis/prediction
-----------------------------------------
[Motor2] raw_latency_ms=614.039
[Motor2] EDGE UTC : 2026-08-11T12:32:27.439415+00:00
[Motor2] CLOUD UTC: 2026-08-11T12:32:28.053455+00:00
-------------
Batch 0Nm_BPFI_03:83 from Motor2 received. Processing...
FFT for batch 0Nm_BPFI_03:83 published to Enterprise/Site/Area/Motor2/Analysis/Vibration/fft
Prediction for batch 0Nm_BPFI_03:83 published to Enterprise/Site/Area/Motor2/Analysis/Diagnosis/prediction
-----------------------------------------
[Motor1] raw_latency_ms=453.364
[Motor1] EDGE UTC : 2026-08-11T12:32:28.121658+00:00
[Motor1] CLOUD UTC: 2026-08-11T12:32:28.575022+00:00
-------------
Batch 0Nm_BPFI_03:83 from Motor1 received. Processing...
FFT for batch 0Nm_BPFI_03:83 published to Enterprise/Site/Area/Motor1/Analysis/Vibration/fft
Prediction for batch 0Nm_BPFI_03:83 published to Enterprise/Site/Area/Motor1/Analysis/Diagnosis/prediction
-----------------------------------------
[Motor2] raw_latency_ms=369.087
[Motor2] EDGE UTC : 2026-08-11T12:32:28.489171+00:00
[Motor2] CLOUD UTC: 2026-08-11T12:32:28.858257+00:00
-------------
Batch 0Nm_BPFI_03:84 from Motor2 received. Processing...
FFT for batch 0Nm_BPFI_03:84 published to Enterprise/Site/Area/Motor2/Analysis/Vibration/fft
Prediction for batch 0Nm_BPFI_03:84 published to Enterprise/Site/Area/Motor2/Analysis/Diagnosis/prediction
-----------------------------------------
[Motor1] raw_latency_ms=481.823
[Motor1] EDGE UTC : 2026-08-11T12:32:29.165386+00:00
[Motor1] CLOUD UTC: 2026-08-11T12:32:29.647209+00:00
-------------
Batch 0Nm_BPFI_03:84 from Motor1 received. Processing...
FFT for batch 0Nm_BPFI_03:84 published to Enterprise/Site/Area/Motor1/Analysis/Vibration/fft
Prediction for batch 0Nm_BPFI_03:84 published to Enterprise/Site/Area/Motor1/Analysis/Diagnosis/prediction
-----------------------------------------
[Motor2] raw_latency_ms=621.412
[Motor2] EDGE UTC : 2026-08-11T12:32:29.538014+00:00
[Motor2] CLOUD UTC: 2026-08-11T12:32:30.159425+00:00
-------------
Batch 0Nm_BPFI_03:85 from Motor2 received. Processing...
FFT for batch 0Nm_BPFI_03:85 published to Enterprise/Site/Area/Motor2/Analysis/Vibration/fft
Prediction for batch 0Nm_BPFI_03:85 published to Enterprise/Site/Area/Motor2/Analysis/Diagnosis/prediction
-----------------------------------------
[Motor1] raw_latency_ms=456.483
[Motor1] EDGE UTC : 2026-08-11T12:32:30.208520+00:00
[Motor1] CLOUD UTC: 2026-08-11T12:32:30.665003+00:00
-------------
Batch 0Nm_BPFI_03:85 from Motor1 received. Processing...
FFT for batch 0Nm_BPFI_03:85 published to Enterprise/Site/Area/Motor1/Analysis/Vibration/fft
Prediction for batch 0Nm_BPFI_03:85 published to Enterprise/Site/Area/Motor1/Analysis/Diagnosis/prediction
-----------------------------------------
[Motor2] raw_latency_ms=386.675
[Motor2] EDGE UTC : 2026-08-11T12:32:30.582405+00:00
[Motor2] CLOUD UTC: 2026-08-11T12:32:30.969080+00:00
-------------
Batch 0Nm_BPFI_03:86 from Motor2 received. Processing...
FFT for batch 0Nm_BPFI_03:86 published to Enterprise/Site/Area/Motor2/Analysis/Vibration/fft
Prediction for batch 0Nm_BPFI_03:86 published to Enterprise/Site/Area/Motor2/Analysis/Diagnosis/prediction
-----------------------------------------
[Motor1] raw_latency_ms=477.330
[Motor1] EDGE UTC : 2026-08-11T12:32:31.252288+00:00
[Motor1] CLOUD UTC: 2026-08-11T12:32:31.729618+00:00
-------------
Batch 0Nm_BPFI_03:86 from Motor1 received. Processing...
FFT for batch 0Nm_BPFI_03:86 published to Enterprise/Site/Area/Motor1/Analysis/Vibration/fft
Prediction for batch 0Nm_BPFI_03:86 published to Enterprise/Site/Area/Motor1/Analysis/Diagnosis/prediction
-----------------------------------------
[Motor2] raw_latency_ms=632.898
[Motor2] EDGE UTC : 2026-08-11T12:32:31.630902+00:00
[Motor2] CLOUD UTC: 2026-08-11T12:32:32.263801+00:00
-------------
Batch 0Nm_BPFI_03:87 from Motor2 received. Processing...
FFT for batch 0Nm_BPFI_03:87 published to Enterprise/Site/Area/Motor2/Analysis/Vibration/fft
Prediction for batch 0Nm_BPFI_03:87 published to Enterprise/Site/Area/Motor2/Analysis/Diagnosis/prediction
-----------------------------------------
[Motor1] raw_latency_ms=458.030
[Motor1] EDGE UTC : 2026-08-11T12:32:32.295499+00:00
[Motor1] CLOUD UTC: 2026-08-11T12:32:32.753528+00:00
-------------
Batch 0Nm_BPFI_03:87 from Motor1 received. Processing...
FFT for batch 0Nm_BPFI_03:87 published to Enterprise/Site/Area/Motor1/Analysis/Vibration/fft
Prediction for batch 0Nm_BPFI_03:87 published to Enterprise/Site/Area/Motor1/Analysis/Diagnosis/prediction
-----------------------------------------
[Motor2] raw_latency_ms=363.628
[Motor2] EDGE UTC : 2026-08-11T12:32:32.679654+00:00
[Motor2] CLOUD UTC: 2026-08-11T12:32:33.043282+00:00
-------------
Batch 0Nm_BPFI_03:88 from Motor2 received. Processing...
FFT for batch 0Nm_BPFI_03:88 published to Enterprise/Site/Area/Motor2/Analysis/Vibration/fft
Prediction for batch 0Nm_BPFI_03:88 published to Enterprise/Site/Area/Motor2/Analysis/Diagnosis/prediction
-----------------------------------------
[Motor1] raw_latency_ms=474.909
[Motor1] EDGE UTC : 2026-08-11T12:32:33.332608+00:00
[Motor1] CLOUD UTC: 2026-08-11T12:32:33.807516+00:00
-------------
Batch 0Nm_BPFI_03:88 from Motor1 received. Processing...
FFT for batch 0Nm_BPFI_03:88 published to Enterprise/Site/Area/Motor1/Analysis/Vibration/fft
Prediction for batch 0Nm_BPFI_03:88 published to Enterprise/Site/Area/Motor1/Analysis/Diagnosis/prediction
-----------------------------------------
[Motor2] raw_latency_ms=605.878
[Motor2] EDGE UTC : 2026-08-11T12:32:33.725099+00:00
[Motor2] CLOUD UTC: 2026-08-11T12:32:34.330977+00:00
-------------
Batch 0Nm_BPFI_03:89 from Motor2 received. Processing...
FFT for batch 0Nm_BPFI_03:89 published to Enterprise/Site/Area/Motor2/Analysis/Vibration/fft
Prediction for batch 0Nm_BPFI_03:89 published to Enterprise/Site/Area/Motor2/Analysis/Diagnosis/prediction
-----------------------------------------
[Motor1] raw_latency_ms=454.962
[Motor1] EDGE UTC : 2026-08-11T12:32:34.370042+00:00
[Motor1] CLOUD UTC: 2026-08-11T12:32:34.825005+00:00
-------------
Batch 0Nm_BPFI_03:89 from Motor1 received. Processing...
FFT for batch 0Nm_BPFI_03:89 published to Enterprise/Site/Area/Motor1/Analysis/Vibration/fft
Prediction for batch 0Nm_BPFI_03:89 published to Enterprise/Site/Area/Motor1/Analysis/Diagnosis/prediction
-----------------------------------------
[Motor2] raw_latency_ms=463.867
[Motor2] EDGE UTC : 2026-08-11T12:32:34.774539+00:00
[Motor2] CLOUD UTC: 2026-08-11T12:32:35.238406+00:00
-------------
Batch 0Nm_BPFI_03:90 from Motor2 received. Processing...
FFT for batch 0Nm_BPFI_03:90 published to Enterprise/Site/Area/Motor2/Analysis/Vibration/fft
Prediction for batch 0Nm_BPFI_03:90 published to Enterprise/Site/Area/Motor2/Analysis/Diagnosis/prediction
-----------------------------------------
[Motor1] raw_latency_ms=473.620
[Motor1] EDGE UTC : 2026-08-11T12:32:35.407127+00:00
[Motor1] CLOUD UTC: 2026-08-11T12:32:35.880747+00:00
-------------
Batch 0Nm_BPFI_03:90 from Motor1 received. Processing...
FFT for batch 0Nm_BPFI_03:90 published to Enterprise/Site/Area/Motor1/Analysis/Vibration/fft
Prediction for batch 0Nm_BPFI_03:90 published to Enterprise/Site/Area/Motor1/Analysis/Diagnosis/prediction
-----------------------------------------
[Motor2] raw_latency_ms=604.765
[Motor2] EDGE UTC : 2026-08-11T12:32:35.816966+00:00
[Motor2] CLOUD UTC: 2026-08-11T12:32:36.421730+00:00
-------------
Batch 0Nm_BPFI_03:91 from Motor2 received. Processing...
FFT for batch 0Nm_BPFI_03:91 published to Enterprise/Site/Area/Motor2/Analysis/Vibration/fft
Prediction for batch 0Nm_BPFI_03:91 published to Enterprise/Site/Area/Motor2/Analysis/Diagnosis/prediction
-----------------------------------------
[Motor1] raw_latency_ms=457.092
[Motor1] EDGE UTC : 2026-08-11T12:32:36.444419+00:00
[Motor1] CLOUD UTC: 2026-08-11T12:32:36.901511+00:00
-------------
Batch 0Nm_BPFI_03:91 from Motor1 received. Processing...
FFT for batch 0Nm_BPFI_03:91 published to Enterprise/Site/Area/Motor1/Analysis/Vibration/fft
Prediction for batch 0Nm_BPFI_03:91 published to Enterprise/Site/Area/Motor1/Analysis/Diagnosis/prediction
-----------------------------------------
[Motor2] raw_latency_ms=455.560
[Motor2] EDGE UTC : 2026-08-11T12:32:36.866427+00:00
[Motor2] CLOUD UTC: 2026-08-11T12:32:37.321986+00:00
-------------
Batch 0Nm_BPFI_03:92 from Motor2 received. Processing...
FFT for batch 0Nm_BPFI_03:92 published to Enterprise/Site/Area/Motor2/Analysis/Vibration/fft
Prediction for batch 0Nm_BPFI_03:92 published to Enterprise/Site/Area/Motor2/Analysis/Diagnosis/prediction
-----------------------------------------
[Motor1] raw_latency_ms=474.884
[Motor1] EDGE UTC : 2026-08-11T12:32:37.481520+00:00
[Motor1] CLOUD UTC: 2026-08-11T12:32:37.956404+00:00
-------------
Batch 0Nm_BPFI_03:92 from Motor1 received. Processing...
FFT for batch 0Nm_BPFI_03:92 published to Enterprise/Site/Area/Motor1/Analysis/Vibration/fft
Prediction for batch 0Nm_BPFI_03:92 published to Enterprise/Site/Area/Motor1/Analysis/Diagnosis/prediction
-----------------------------------------
[Motor2] raw_latency_ms=605.614
[Motor2] EDGE UTC : 2026-08-11T12:32:37.915231+00:00
[Motor2] CLOUD UTC: 2026-08-11T12:32:38.520845+00:00
-------------
Batch 0Nm_BPFI_03:93 from Motor2 received. Processing...
FFT for batch 0Nm_BPFI_03:93 published to Enterprise/Site/Area/Motor2/Analysis/Vibration/fft
Prediction for batch 0Nm_BPFI_03:93 published to Enterprise/Site/Area/Motor2/Analysis/Diagnosis/prediction
-----------------------------------------
[Motor1] raw_latency_ms=361.345
[Motor1] EDGE UTC : 2026-08-11T12:32:38.518721+00:00
[Motor1] CLOUD UTC: 2026-08-11T12:32:38.880065+00:00
-------------
Batch 0Nm_BPFI_03:93 from Motor1 received. Processing...
FFT for batch 0Nm_BPFI_03:93 published to Enterprise/Site/Area/Motor1/Analysis/Vibration/fft
Prediction for batch 0Nm_BPFI_03:93 published to Enterprise/Site/Area/Motor1/Analysis/Diagnosis/prediction
-----------------------------------------
[Motor2] raw_latency_ms=453.428
[Motor2] EDGE UTC : 2026-08-11T12:32:38.966337+00:00
[Motor2] CLOUD UTC: 2026-08-11T12:32:39.419765+00:00
-------------
Batch 0Nm_BPFI_03:94 from Motor2 received. Processing...
FFT for batch 0Nm_BPFI_03:94 published to Enterprise/Site/Area/Motor2/Analysis/Vibration/fft
Prediction for batch 0Nm_BPFI_03:94 published to Enterprise/Site/Area/Motor2/Analysis/Diagnosis/prediction
-----------------------------------------
[Motor1] raw_latency_ms=507.654
[Motor1] EDGE UTC : 2026-08-11T12:32:39.606140+00:00
[Motor1] CLOUD UTC: 2026-08-11T12:32:40.113794+00:00
-------------
Batch 0Nm_BPFI_03:94 from Motor1 received. Processing...
FFT for batch 0Nm_BPFI_03:94 published to Enterprise/Site/Area/Motor1/Analysis/Vibration/fft
Prediction for batch 0Nm_BPFI_03:94 published to Enterprise/Site/Area/Motor1/Analysis/Diagnosis/prediction
-----------------------------------------
[Motor2] raw_latency_ms=605.057
[Motor2] EDGE UTC : 2026-08-11T12:32:40.020454+00:00
[Motor2] CLOUD UTC: 2026-08-11T12:32:40.625511+00:00
-------------
Batch 0Nm_BPFI_03:95 from Motor2 received. Processing...
FFT for batch 0Nm_BPFI_03:95 published to Enterprise/Site/Area/Motor2/Analysis/Vibration/fft
Prediction for batch 0Nm_BPFI_03:95 published to Enterprise/Site/Area/Motor2/Analysis/Diagnosis/prediction
-----------------------------------------
[Motor1] raw_latency_ms=398.684
[Motor1] EDGE UTC : 2026-08-11T12:32:40.649886+00:00
[Motor1] CLOUD UTC: 2026-08-11T12:32:41.048570+00:00
-------------
Batch 0Nm_BPFI_03:95 from Motor1 received. Processing...
FFT for batch 0Nm_BPFI_03:95 published to Enterprise/Site/Area/Motor1/Analysis/Vibration/fft
Prediction for batch 0Nm_BPFI_03:95 published to Enterprise/Site/Area/Motor1/Analysis/Diagnosis/prediction
-----------------------------------------
[Motor2] raw_latency_ms=386.398
[Motor2] EDGE UTC : 2026-08-11T12:32:41.077705+00:00
[Motor2] CLOUD UTC: 2026-08-11T12:32:41.464103+00:00
-------------
Batch 0Nm_BPFI_03:96 from Motor2 received. Processing...
FFT for batch 0Nm_BPFI_03:96 published to Enterprise/Site/Area/Motor2/Analysis/Vibration/fft
Prediction for batch 0Nm_BPFI_03:96 published to Enterprise/Site/Area/Motor2/Analysis/Diagnosis/prediction
-----------------------------------------
[Motor1] raw_latency_ms=503.515
[Motor1] EDGE UTC : 2026-08-11T12:32:41.693053+00:00
[Motor1] CLOUD UTC: 2026-08-11T12:32:42.196568+00:00
-------------
Batch 0Nm_BPFI_03:96 from Motor1 received. Processing...
FFT for batch 0Nm_BPFI_03:96 published to Enterprise/Site/Area/Motor1/Analysis/Vibration/fft
Prediction for batch 0Nm_BPFI_03:96 published to Enterprise/Site/Area/Motor1/Analysis/Diagnosis/prediction
-----------------------------------------
[Motor2] raw_latency_ms=375.954
[Motor2] EDGE UTC : 2026-08-11T12:32:42.122018+00:00
[Motor2] CLOUD UTC: 2026-08-11T12:32:42.497972+00:00
-------------
Batch 0Nm_BPFI_03:97 from Motor2 received. Processing...
FFT for batch 0Nm_BPFI_03:97 published to Enterprise/Site/Area/Motor2/Analysis/Vibration/fft
Prediction for batch 0Nm_BPFI_03:97 published to Enterprise/Site/Area/Motor2/Analysis/Diagnosis/prediction
-----------------------------------------
[Motor1] raw_latency_ms=483.430
[Motor1] EDGE UTC : 2026-08-11T12:32:42.736639+00:00
[Motor1] CLOUD UTC: 2026-08-11T12:32:43.220070+00:00
-------------
Batch 0Nm_BPFI_03:97 from Motor1 received. Processing...
FFT for batch 0Nm_BPFI_03:97 published to Enterprise/Site/Area/Motor1/Analysis/Vibration/fft
Prediction for batch 0Nm_BPFI_03:97 published to Enterprise/Site/Area/Motor1/Analysis/Diagnosis/prediction
-----------------------------------------
[Motor2] raw_latency_ms=454.173
[Motor2] EDGE UTC : 2026-08-11T12:32:43.173274+00:00
[Motor2] CLOUD UTC: 2026-08-11T12:32:43.627447+00:00
-------------
Batch 0Nm_BPFI_03:98 from Motor2 received. Processing...
FFT for batch 0Nm_BPFI_03:98 published to Enterprise/Site/Area/Motor2/Analysis/Vibration/fft
Prediction for batch 0Nm_BPFI_03:98 published to Enterprise/Site/Area/Motor2/Analysis/Diagnosis/prediction
-----------------------------------------
[Motor1] raw_latency_ms=504.602
[Motor1] EDGE UTC : 2026-08-11T12:32:43.779786+00:00
[Motor1] CLOUD UTC: 2026-08-11T12:32:44.284388+00:00
-------------
Batch 0Nm_BPFI_03:98 from Motor1 received. Processing...
FFT for batch 0Nm_BPFI_03:98 published to Enterprise/Site/Area/Motor1/Analysis/Vibration/fft
Prediction for batch 0Nm_BPFI_03:98 published to Enterprise/Site/Area/Motor1/Analysis/Diagnosis/prediction
-----------------------------------------
[Motor2] raw_latency_ms=482.153
[Motor2] EDGE UTC : 2026-08-11T12:32:44.200376+00:00
[Motor2] CLOUD UTC: 2026-08-11T12:32:44.682529+00:00
-------------
Batch 0Nm_BPFI_03:99 from Motor2 received. Processing...
FFT for batch 0Nm_BPFI_03:99 published to Enterprise/Site/Area/Motor2/Analysis/Vibration/fft
Prediction for batch 0Nm_BPFI_03:99 published to Enterprise/Site/Area/Motor2/Analysis/Diagnosis/prediction
-----------------------------------------
[Motor1] raw_latency_ms=486.209
[Motor1] EDGE UTC : 2026-08-11T12:32:44.823342+00:00
[Motor1] CLOUD UTC: 2026-08-11T12:32:45.309551+00:00
-------------
Batch 0Nm_BPFI_03:99 from Motor1 received. Processing...
FFT for batch 0Nm_BPFI_03:99 published to Enterprise/Site/Area/Motor1/Analysis/Vibration/fft
Prediction for batch 0Nm_BPFI_03:99 published to Enterprise/Site/Area/Motor1/Analysis/Diagnosis/prediction
-----------------------------------------
[Motor2] raw_latency_ms=370.413
[Motor2] EDGE UTC : 2026-08-11T12:32:45.219589+00:00
[Motor2] CLOUD UTC: 2026-08-11T12:32:45.590002+00:00
-------------
Batch 0Nm_BPFI_03:100 from Motor2 received. Processing...
FFT for batch 0Nm_BPFI_03:100 published to Enterprise/Site/Area/Motor2/Analysis/Vibration/fft
Prediction for batch 0Nm_BPFI_03:100 published to Enterprise/Site/Area/Motor2/Analysis/Diagnosis/prediction
-----------------------------------------
[Motor1] raw_latency_ms=521.100
[Motor1] EDGE UTC : 2026-08-11T12:32:45.866663+00:00
[Motor1] CLOUD UTC: 2026-08-11T12:32:46.387763+00:00
-------------
Batch 0Nm_BPFI_03:100 from Motor1 received. Processing...
FFT for batch 0Nm_BPFI_03:100 published to Enterprise/Site/Area/Motor1/Analysis/Vibration/fft
Prediction for batch 0Nm_BPFI_03:100 published to Enterprise/Site/Area/Motor1/Analysis/Diagnosis/prediction
-----------------------------------------
[Motor2] raw_latency_ms=390.433
[Motor2] EDGE UTC : 2026-08-11T12:32:46.241352+00:00
[Motor2] CLOUD UTC: 2026-08-11T12:32:46.631784+00:00
-------------
Batch 0Nm_BPFI_03:101 from Motor2 received. Processing...
FFT for batch 0Nm_BPFI_03:101 published to Enterprise/Site/Area/Motor2/Analysis/Vibration/fft
Prediction for batch 0Nm_BPFI_03:101 published to Enterprise/Site/Area/Motor2/Analysis/Diagnosis/prediction
-----------------------------------------
[Motor1] raw_latency_ms=484.180
[Motor1] EDGE UTC : 2026-08-11T12:32:46.904091+00:00
[Motor1] CLOUD UTC: 2026-08-11T12:32:47.388271+00:00
-------------
Batch 0Nm_BPFI_03:101 from Motor1 received. Processing...
FFT for batch 0Nm_BPFI_03:101 published to Enterprise/Site/Area/Motor1/Analysis/Vibration/fft
Prediction for batch 0Nm_BPFI_03:101 published to Enterprise/Site/Area/Motor1/Analysis/Diagnosis/prediction
-----------------------------------------
[Motor2] raw_latency_ms=351.388
[Motor2] EDGE UTC : 2026-08-11T12:32:47.260506+00:00
[Motor2] CLOUD UTC: 2026-08-11T12:32:47.611895+00:00
-------------
Batch 0Nm_BPFI_03:102 from Motor2 received. Processing...
FFT for batch 0Nm_BPFI_03:102 published to Enterprise/Site/Area/Motor2/Analysis/Vibration/fft
Prediction for batch 0Nm_BPFI_03:102 published to Enterprise/Site/Area/Motor2/Analysis/Diagnosis/prediction
-----------------------------------------
[Motor1] raw_latency_ms=506.180
[Motor1] EDGE UTC : 2026-08-11T12:32:47.941812+00:00
[Motor1] CLOUD UTC: 2026-08-11T12:32:48.447992+00:00
-------------
Batch 0Nm_BPFI_03:102 from Motor1 received. Processing...
FFT for batch 0Nm_BPFI_03:102 published to Enterprise/Site/Area/Motor1/Analysis/Vibration/fft
Prediction for batch 0Nm_BPFI_03:102 published to Enterprise/Site/Area/Motor1/Analysis/Diagnosis/prediction
-----------------------------------------
[Motor2] raw_latency_ms=377.014
[Motor2] EDGE UTC : 2026-08-11T12:32:48.309732+00:00
[Motor2] CLOUD UTC: 2026-08-11T12:32:48.686746+00:00
-------------
Batch 0Nm_BPFI_03:103 from Motor2 received. Processing...
FFT for batch 0Nm_BPFI_03:103 published to Enterprise/Site/Area/Motor2/Analysis/Vibration/fft
Prediction for batch 0Nm_BPFI_03:103 published to Enterprise/Site/Area/Motor2/Analysis/Diagnosis/prediction
-----------------------------------------
[Motor1] raw_latency_ms=482.750
[Motor1] EDGE UTC : 2026-08-11T12:32:48.979586+00:00
[Motor1] CLOUD UTC: 2026-08-11T12:32:49.462336+00:00
-------------
Batch 0Nm_BPFI_03:103 from Motor1 received. Processing...
FFT for batch 0Nm_BPFI_03:103 published to Enterprise/Site/Area/Motor1/Analysis/Vibration/fft
Prediction for batch 0Nm_BPFI_03:103 published to Enterprise/Site/Area/Motor1/Analysis/Diagnosis/prediction
-----------------------------------------
[Motor2] raw_latency_ms=390.112
[Motor2] EDGE UTC : 2026-08-11T12:32:49.361513+00:00
[Motor2] CLOUD UTC: 2026-08-11T12:32:49.751624+00:00
-------------
Batch 0Nm_BPFI_03:104 from Motor2 received. Processing...
FFT for batch 0Nm_BPFI_03:104 published to Enterprise/Site/Area/Motor2/Analysis/Vibration/fft
Prediction for batch 0Nm_BPFI_03:104 published to Enterprise/Site/Area/Motor2/Analysis/Diagnosis/prediction
-----------------------------------------
[Motor1] raw_latency_ms=501.401
[Motor1] EDGE UTC : 2026-08-11T12:32:50.016901+00:00
[Motor1] CLOUD UTC: 2026-08-11T12:32:50.518301+00:00
-------------
Batch 0Nm_BPFI_03:104 from Motor1 received. Processing...
FFT for batch 0Nm_BPFI_03:104 published to Enterprise/Site/Area/Motor1/Analysis/Vibration/fft
Prediction for batch 0Nm_BPFI_03:104 published to Enterprise/Site/Area/Motor1/Analysis/Diagnosis/prediction
-----------------------------------------
[Motor2] raw_latency_ms=525.812
[Motor2] EDGE UTC : 2026-08-11T12:32:50.410543+00:00
[Motor2] CLOUD UTC: 2026-08-11T12:32:50.936355+00:00
-------------
Batch 0Nm_BPFI_03:105 from Motor2 received. Processing...
FFT for batch 0Nm_BPFI_03:105 published to Enterprise/Site/Area/Motor2/Analysis/Vibration/fft
Prediction for batch 0Nm_BPFI_03:105 published to Enterprise/Site/Area/Motor2/Analysis/Diagnosis/prediction
-----------------------------------------
[Motor1] raw_latency_ms=484.502
[Motor1] EDGE UTC : 2026-08-11T12:32:51.054667+00:00
[Motor1] CLOUD UTC: 2026-08-11T12:32:51.539169+00:00
-------------
Batch 0Nm_BPFI_03:105 from Motor1 received. Processing...
FFT for batch 0Nm_BPFI_03:105 published to Enterprise/Site/Area/Motor1/Analysis/Vibration/fft
Prediction for batch 0Nm_BPFI_03:105 published to Enterprise/Site/Area/Motor1/Analysis/Diagnosis/prediction
-----------------------------------------
[Motor2] raw_latency_ms=362.703
[Motor2] EDGE UTC : 2026-08-11T12:32:51.453088+00:00
[Motor2] CLOUD UTC: 2026-08-11T12:32:51.815791+00:00
-------------
Batch 0Nm_BPFI_03:106 from Motor2 received. Processing...
FFT for batch 0Nm_BPFI_03:106 published to Enterprise/Site/Area/Motor2/Analysis/Vibration/fft
Prediction for batch 0Nm_BPFI_03:106 published to Enterprise/Site/Area/Motor2/Analysis/Diagnosis/prediction
-----------------------------------------
[Motor1] raw_latency_ms=528.844
[Motor1] EDGE UTC : 2026-08-11T12:32:52.097438+00:00
[Motor1] CLOUD UTC: 2026-08-11T12:32:52.626282+00:00
-------------
Batch 0Nm_BPFI_03:106 from Motor1 received. Processing...
FFT for batch 0Nm_BPFI_03:106 published to Enterprise/Site/Area/Motor1/Analysis/Vibration/fft
Prediction for batch 0Nm_BPFI_03:106 published to Enterprise/Site/Area/Motor1/Analysis/Diagnosis/prediction
-----------------------------------------
[Motor2] raw_latency_ms=370.841
[Motor2] EDGE UTC : 2026-08-11T12:32:52.529432+00:00
[Motor2] CLOUD UTC: 2026-08-11T12:32:52.900273+00:00
-------------
Batch 0Nm_BPFI_03:107 from Motor2 received. Processing...
FFT for batch 0Nm_BPFI_03:107 published to Enterprise/Site/Area/Motor2/Analysis/Vibration/fft
Prediction for batch 0Nm_BPFI_03:107 published to Enterprise/Site/Area/Motor2/Analysis/Diagnosis/prediction
-----------------------------------------
[Motor1] raw_latency_ms=485.916
[Motor1] EDGE UTC : 2026-08-11T12:32:53.145607+00:00
[Motor1] CLOUD UTC: 2026-08-11T12:32:53.631523+00:00
-------------
Batch 0Nm_BPFI_03:107 from Motor1 received. Processing...
FFT for batch 0Nm_BPFI_03:107 published to Enterprise/Site/Area/Motor1/Analysis/Vibration/fft
Prediction for batch 0Nm_BPFI_03:107 published to Enterprise/Site/Area/Motor1/Analysis/Diagnosis/prediction
-----------------------------------------
[Motor2] raw_latency_ms=352.016
[Motor2] EDGE UTC : 2026-08-11T12:32:53.581490+00:00
[Motor2] CLOUD UTC: 2026-08-11T12:32:53.933506+00:00
-------------
Batch 0Nm_BPFI_03:108 from Motor2 received. Processing...
FFT for batch 0Nm_BPFI_03:108 published to Enterprise/Site/Area/Motor2/Analysis/Vibration/fft
Prediction for batch 0Nm_BPFI_03:108 published to Enterprise/Site/Area/Motor2/Analysis/Diagnosis/prediction
-----------------------------------------
[Motor1] raw_latency_ms=508.382
[Motor1] EDGE UTC : 2026-08-11T12:32:54.195347+00:00
[Motor1] CLOUD UTC: 2026-08-11T12:32:54.703729+00:00
-------------
Batch 0Nm_BPFI_03:108 from Motor1 received. Processing...
FFT for batch 0Nm_BPFI_03:108 published to Enterprise/Site/Area/Motor1/Analysis/Vibration/fft
Prediction for batch 0Nm_BPFI_03:108 published to Enterprise/Site/Area/Motor1/Analysis/Diagnosis/prediction
-----------------------------------------
[Motor2] raw_latency_ms=376.614
[Motor2] EDGE UTC : 2026-08-11T12:32:54.600862+00:00
[Motor2] CLOUD UTC: 2026-08-11T12:32:54.977476+00:00
-------------
Batch 0Nm_BPFI_03:109 from Motor2 received. Processing...
FFT for batch 0Nm_BPFI_03:109 published to Enterprise/Site/Area/Motor2/Analysis/Vibration/fft
Prediction for batch 0Nm_BPFI_03:109 published to Enterprise/Site/Area/Motor2/Analysis/Diagnosis/prediction
-----------------------------------------
[Motor1] raw_latency_ms=485.795
[Motor1] EDGE UTC : 2026-08-11T12:32:55.240112+00:00
[Motor1] CLOUD UTC: 2026-08-11T12:32:55.725908+00:00
-------------
Batch 0Nm_BPFI_03:109 from Motor1 received. Processing...
FFT for batch 0Nm_BPFI_03:109 published to Enterprise/Site/Area/Motor1/Analysis/Vibration/fft
Prediction for batch 0Nm_BPFI_03:109 published to Enterprise/Site/Area/Motor1/Analysis/Diagnosis/prediction
-----------------------------------------
[Motor2] raw_latency_ms=382.129
[Motor2] EDGE UTC : 2026-08-11T12:32:55.620111+00:00
[Motor2] CLOUD UTC: 2026-08-11T12:32:56.002239+00:00
-------------
Batch 0Nm_BPFI_03:110 from Motor2 received. Processing...
FFT for batch 0Nm_BPFI_03:110 published to Enterprise/Site/Area/Motor2/Analysis/Vibration/fft
Prediction for batch 0Nm_BPFI_03:110 published to Enterprise/Site/Area/Motor2/Analysis/Diagnosis/prediction
-----------------------------------------
[Motor1] raw_latency_ms=506.923
[Motor1] EDGE UTC : 2026-08-11T12:32:56.288667+00:00
[Motor1] CLOUD UTC: 2026-08-11T12:32:56.795590+00:00
-------------
Batch 0Nm_BPFI_03:110 from Motor1 received. Processing...
FFT for batch 0Nm_BPFI_03:110 published to Enterprise/Site/Area/Motor1/Analysis/Vibration/fft
Prediction for batch 0Nm_BPFI_03:110 published to Enterprise/Site/Area/Motor1/Analysis/Diagnosis/prediction
-----------------------------------------
[Motor2] raw_latency_ms=377.001
[Motor2] EDGE UTC : 2026-08-11T12:32:56.642546+00:00
[Motor2] CLOUD UTC: 2026-08-11T12:32:57.019547+00:00
-------------
Batch 0Nm_BPFI_03:111 from Motor2 received. Processing...
FFT for batch 0Nm_BPFI_03:111 published to Enterprise/Site/Area/Motor2/Analysis/Vibration/fft
Prediction for batch 0Nm_BPFI_03:111 published to Enterprise/Site/Area/Motor2/Analysis/Diagnosis/prediction
-----------------------------------------
[Motor1] raw_latency_ms=510.585
[Motor1] EDGE UTC : 2026-08-11T12:32:57.332624+00:00
[Motor1] CLOUD UTC: 2026-08-11T12:32:57.843209+00:00
-------------
Batch 0Nm_BPFI_03:111 from Motor1 received. Processing...
FFT for batch 0Nm_BPFI_03:111 published to Enterprise/Site/Area/Motor1/Analysis/Vibration/fft
Prediction for batch 0Nm_BPFI_03:111 published to Enterprise/Site/Area/Motor1/Analysis/Diagnosis/prediction
-----------------------------------------
[Motor2] raw_latency_ms=356.078
[Motor2] EDGE UTC : 2026-08-11T12:32:57.662076+00:00
[Motor2] CLOUD UTC: 2026-08-11T12:32:58.018154+00:00
-------------
Batch 0Nm_BPFI_03:112 from Motor2 received. Processing...
FFT for batch 0Nm_BPFI_03:112 published to Enterprise/Site/Area/Motor2/Analysis/Vibration/fft
Prediction for batch 0Nm_BPFI_03:112 published to Enterprise/Site/Area/Motor2/Analysis/Diagnosis/prediction
-----------------------------------------
[Motor1] raw_latency_ms=506.784
[Motor1] EDGE UTC : 2026-08-11T12:32:58.376141+00:00
[Motor1] CLOUD UTC: 2026-08-11T12:32:58.882925+00:00
-------------
Batch 0Nm_BPFI_03:112 from Motor1 received. Processing...
FFT for batch 0Nm_BPFI_03:112 published to Enterprise/Site/Area/Motor1/Analysis/Vibration/fft
Prediction for batch 0Nm_BPFI_03:112 published to Enterprise/Site/Area/Motor1/Analysis/Diagnosis/prediction
-----------------------------------------
[Motor2] raw_latency_ms=375.152
[Motor2] EDGE UTC : 2026-08-11T12:32:58.711517+00:00
[Motor2] CLOUD UTC: 2026-08-11T12:32:59.086669+00:00
-------------
Batch 0Nm_BPFI_03:113 from Motor2 received. Processing...
FFT for batch 0Nm_BPFI_03:113 published to Enterprise/Site/Area/Motor2/Analysis/Vibration/fft
Prediction for batch 0Nm_BPFI_03:113 published to Enterprise/Site/Area/Motor2/Analysis/Diagnosis/prediction
-----------------------------------------
[Motor1] raw_latency_ms=485.726
[Motor1] EDGE UTC : 2026-08-11T12:32:59.408968+00:00
[Motor1] CLOUD UTC: 2026-08-11T12:32:59.894693+00:00
-------------
Batch 0Nm_BPFI_03:113 from Motor1 received. Processing...
FFT for batch 0Nm_BPFI_03:113 published to Enterprise/Site/Area/Motor1/Analysis/Vibration/fft
Prediction for batch 0Nm_BPFI_03:113 published to Enterprise/Site/Area/Motor1/Analysis/Diagnosis/prediction
-----------------------------------------
[Motor2] raw_latency_ms=650.202
[Motor2] EDGE UTC : 2026-08-11T12:32:59.759882+00:00
[Motor2] CLOUD UTC: 2026-08-11T12:33:00.410084+00:00
-------------
Batch 0Nm_BPFI_03:114 from Motor2 received. Processing...
FFT for batch 0Nm_BPFI_03:114 published to Enterprise/Site/Area/Motor2/Analysis/Vibration/fft
Prediction for batch 0Nm_BPFI_03:114 published to Enterprise/Site/Area/Motor2/Analysis/Diagnosis/prediction
-----------------------------------------
[Motor1] raw_latency_ms=513.803
[Motor1] EDGE UTC : 2026-08-11T12:33:00.442096+00:00
[Motor1] CLOUD UTC: 2026-08-11T12:33:00.955900+00:00
-------------
Batch 0Nm_BPFI_03:114 from Motor1 received. Processing...
FFT for batch 0Nm_BPFI_03:114 published to Enterprise/Site/Area/Motor1/Analysis/Vibration/fft
Prediction for batch 0Nm_BPFI_03:114 published to Enterprise/Site/Area/Motor1/Analysis/Diagnosis/prediction
-----------------------------------------
[Motor2] raw_latency_ms=370.163
[Motor2] EDGE UTC : 2026-08-11T12:33:00.808793+00:00
[Motor2] CLOUD UTC: 2026-08-11T12:33:01.178956+00:00
-------------
Batch 0Nm_BPFI_03:115 from Motor2 received. Processing...
FFT for batch 0Nm_BPFI_03:115 published to Enterprise/Site/Area/Motor2/Analysis/Vibration/fft
Prediction for batch 0Nm_BPFI_03:115 published to Enterprise/Site/Area/Motor2/Analysis/Diagnosis/prediction
-----------------------------------------
[Motor1] raw_latency_ms=484.663
[Motor1] EDGE UTC : 2026-08-11T12:33:01.475129+00:00
[Motor1] CLOUD UTC: 2026-08-11T12:33:01.959792+00:00
-------------
Batch 0Nm_BPFI_03:115 from Motor1 received. Processing...
FFT for batch 0Nm_BPFI_03:115 published to Enterprise/Site/Area/Motor1/Analysis/Vibration/fft
Prediction for batch 0Nm_BPFI_03:115 published to Enterprise/Site/Area/Motor1/Analysis/Diagnosis/prediction
-----------------------------------------
[Motor2] raw_latency_ms=363.763
[Motor2] EDGE UTC : 2026-08-11T12:33:01.861831+00:00
[Motor2] CLOUD UTC: 2026-08-11T12:33:02.225594+00:00
-------------
Batch 0Nm_BPFI_03:116 from Motor2 received. Processing...
FFT for batch 0Nm_BPFI_03:116 published to Enterprise/Site/Area/Motor2/Analysis/Vibration/fft
Prediction for batch 0Nm_BPFI_03:116 published to Enterprise/Site/Area/Motor2/Analysis/Diagnosis/prediction
-----------------------------------------
[Motor1] raw_latency_ms=503.889
[Motor1] EDGE UTC : 2026-08-11T12:33:02.508370+00:00
[Motor1] CLOUD UTC: 2026-08-11T12:33:03.012259+00:00
-------------
Batch 0Nm_BPFI_03:116 from Motor1 received. Processing...
FFT for batch 0Nm_BPFI_03:116 published to Enterprise/Site/Area/Motor1/Analysis/Vibration/fft
Prediction for batch 0Nm_BPFI_03:116 published to Enterprise/Site/Area/Motor1/Analysis/Diagnosis/prediction
-----------------------------------------
[Motor2] raw_latency_ms=387.187
[Motor2] EDGE UTC : 2026-08-11T12:33:02.911676+00:00
[Motor2] CLOUD UTC: 2026-08-11T12:33:03.298863+00:00
-------------
Batch 0Nm_BPFI_03:117 from Motor2 received. Processing...
FFT for batch 0Nm_BPFI_03:117 published to Enterprise/Site/Area/Motor2/Analysis/Vibration/fft
Prediction for batch 0Nm_BPFI_03:117 published to Enterprise/Site/Area/Motor2/Analysis/Diagnosis/prediction
-----------------------------------------
[Motor1] raw_latency_ms=480.516
[Motor1] EDGE UTC : 2026-08-11T12:33:03.541322+00:00
[Motor1] CLOUD UTC: 2026-08-11T12:33:04.021838+00:00
-------------
Batch 0Nm_BPFI_03:117 from Motor1 received. Processing...
FFT for batch 0Nm_BPFI_03:117 published to Enterprise/Site/Area/Motor1/Analysis/Vibration/fft
Prediction for batch 0Nm_BPFI_03:117 published to Enterprise/Site/Area/Motor1/Analysis/Diagnosis/prediction
-----------------------------------------
[Motor2] raw_latency_ms=359.489
[Motor2] EDGE UTC : 2026-08-11T12:33:03.960400+00:00
[Motor2] CLOUD UTC: 2026-08-11T12:33:04.319889+00:00
-------------
Batch 0Nm_BPFI_03:118 from Motor2 received. Processing...
FFT for batch 0Nm_BPFI_03:118 published to Enterprise/Site/Area/Motor2/Analysis/Vibration/fft
Prediction for batch 0Nm_BPFI_03:118 published to Enterprise/Site/Area/Motor2/Analysis/Diagnosis/prediction
-----------------------------------------
[Motor1] raw_latency_ms=504.119
[Motor1] EDGE UTC : 2026-08-11T12:33:04.574155+00:00
[Motor1] CLOUD UTC: 2026-08-11T12:33:05.078274+00:00
-------------
Batch 0Nm_BPFI_03:118 from Motor1 received. Processing...
FFT for batch 0Nm_BPFI_03:118 published to Enterprise/Site/Area/Motor1/Analysis/Vibration/fft
Prediction for batch 0Nm_BPFI_03:118 published to Enterprise/Site/Area/Motor1/Analysis/Diagnosis/prediction
-----------------------------------------
[Motor2] raw_latency_ms=468.686
[Motor2] EDGE UTC : 2026-08-11T12:33:05.009831+00:00
[Motor2] CLOUD UTC: 2026-08-11T12:33:05.478518+00:00
-------------
Batch 0Nm_BPFI_03:119 from Motor2 received. Processing...
FFT for batch 0Nm_BPFI_03:119 published to Enterprise/Site/Area/Motor2/Analysis/Vibration/fft
Prediction for batch 0Nm_BPFI_03:119 published to Enterprise/Site/Area/Motor2/Analysis/Diagnosis/prediction
-----------------------------------------
[Motor1] raw_latency_ms=484.974
[Motor1] EDGE UTC : 2026-08-11T12:33:05.611418+00:00
[Motor1] CLOUD UTC: 2026-08-11T12:33:06.096392+00:00
-------------
Batch 0Nm_BPFI_03:119 from Motor1 received. Processing...
FFT for batch 0Nm_BPFI_03:119 published to Enterprise/Site/Area/Motor1/Analysis/Vibration/fft
Prediction for batch 0Nm_BPFI_03:119 published to Enterprise/Site/Area/Motor1/Analysis/Diagnosis/prediction
-----------------------------------------
[Motor2] raw_latency_ms=457.109
[Motor2] EDGE UTC : 2026-08-11T12:33:06.061808+00:00
[Motor2] CLOUD UTC: 2026-08-11T12:33:06.518917+00:00
-------------
Batch 0Nm_BPFI_03:120 from Motor2 received. Processing...
FFT for batch 0Nm_BPFI_03:120 published to Enterprise/Site/Area/Motor2/Analysis/Vibration/fft
Prediction for batch 0Nm_BPFI_03:120 published to Enterprise/Site/Area/Motor2/Analysis/Diagnosis/prediction
-----------------------------------------
[Motor1] raw_latency_ms=507.691
[Motor1] EDGE UTC : 2026-08-11T12:33:06.648920+00:00
[Motor1] CLOUD UTC: 2026-08-11T12:33:07.156611+00:00
-------------
Batch 0Nm_BPFI_03:120 from Motor1 received. Processing...
FFT for batch 0Nm_BPFI_03:120 published to Enterprise/Site/Area/Motor1/Analysis/Vibration/fft
Prediction for batch 0Nm_BPFI_03:120 published to Enterprise/Site/Area/Motor1/Analysis/Diagnosis/prediction
-----------------------------------------
[Motor2] raw_latency_ms=468.338
[Motor2] EDGE UTC : 2026-08-11T12:33:07.110656+00:00
[Motor2] CLOUD UTC: 2026-08-11T12:33:07.578995+00:00
-------------
Batch 0Nm_BPFI_03:121 from Motor2 received. Processing...
FFT for batch 0Nm_BPFI_03:121 published to Enterprise/Site/Area/Motor2/Analysis/Vibration/fft
Prediction for batch 0Nm_BPFI_03:121 published to Enterprise/Site/Area/Motor2/Analysis/Diagnosis/prediction
-----------------------------------------
[Motor1] raw_latency_ms=491.286
[Motor1] EDGE UTC : 2026-08-11T12:33:07.686285+00:00
[Motor1] CLOUD UTC: 2026-08-11T12:33:08.177572+00:00
-------------
Batch 0Nm_BPFI_03:121 from Motor1 received. Processing...
FFT for batch 0Nm_BPFI_03:121 published to Enterprise/Site/Area/Motor1/Analysis/Vibration/fft
Prediction for batch 0Nm_BPFI_03:121 published to Enterprise/Site/Area/Motor1/Analysis/Diagnosis/prediction
-----------------------------------------
[Motor2] raw_latency_ms=455.863
[Motor2] EDGE UTC : 2026-08-11T12:33:08.154944+00:00
[Motor2] CLOUD UTC: 2026-08-11T12:33:08.610808+00:00
-------------
Batch 0Nm_BPFI_03:122 from Motor2 received. Processing...
FFT for batch 0Nm_BPFI_03:122 published to Enterprise/Site/Area/Motor2/Analysis/Vibration/fft
Prediction for batch 0Nm_BPFI_03:122 published to Enterprise/Site/Area/Motor2/Analysis/Diagnosis/prediction
-----------------------------------------
[Motor1] raw_latency_ms=505.715
[Motor1] EDGE UTC : 2026-08-11T12:33:08.723764+00:00
[Motor1] CLOUD UTC: 2026-08-11T12:33:09.229480+00:00
-------------
Batch 0Nm_BPFI_03:122 from Motor1 received. Processing...
FFT for batch 0Nm_BPFI_03:122 published to Enterprise/Site/Area/Motor1/Analysis/Vibration/fft
Prediction for batch 0Nm_BPFI_03:122 published to Enterprise/Site/Area/Motor1/Analysis/Diagnosis/prediction
-----------------------------------------
[Motor2] raw_latency_ms=385.416
[Motor2] EDGE UTC : 2026-08-11T12:33:09.199163+00:00
[Motor2] CLOUD UTC: 2026-08-11T12:33:09.584579+00:00
-------------
Batch 0Nm_BPFI_03:123 from Motor2 received. Processing...
FFT for batch 0Nm_BPFI_03:123 published to Enterprise/Site/Area/Motor2/Analysis/Vibration/fft
Prediction for batch 0Nm_BPFI_03:123 published to Enterprise/Site/Area/Motor2/Analysis/Diagnosis/prediction
-----------------------------------------
[Motor1] raw_latency_ms=385.633
[Motor1] EDGE UTC : 2026-08-11T12:33:09.761198+00:00
[Motor1] CLOUD UTC: 2026-08-11T12:33:10.146831+00:00
-------------
Batch 0Nm_BPFI_03:123 from Motor1 received. Processing...
FFT for batch 0Nm_BPFI_03:123 published to Enterprise/Site/Area/Motor1/Analysis/Vibration/fft
Prediction for batch 0Nm_BPFI_03:123 published to Enterprise/Site/Area/Motor1/Analysis/Diagnosis/prediction
-----------------------------------------
[Motor2] raw_latency_ms=360.325
[Motor2] EDGE UTC : 2026-08-11T12:33:10.248219+00:00
[Motor2] CLOUD UTC: 2026-08-11T12:33:10.608545+00:00
-------------
Batch 0Nm_BPFI_03:124 from Motor2 received. Processing...
FFT for batch 0Nm_BPFI_03:124 published to Enterprise/Site/Area/Motor2/Analysis/Vibration/fft
Prediction for batch 0Nm_BPFI_03:124 published to Enterprise/Site/Area/Motor2/Analysis/Diagnosis/prediction
-----------------------------------------
[Motor1] raw_latency_ms=500.133
[Motor1] EDGE UTC : 2026-08-11T12:33:10.799190+00:00
[Motor1] CLOUD UTC: 2026-08-11T12:33:11.299323+00:00
-------------
Batch 0Nm_BPFI_03:124 from Motor1 received. Processing...
FFT for batch 0Nm_BPFI_03:124 published to Enterprise/Site/Area/Motor1/Analysis/Vibration/fft
Prediction for batch 0Nm_BPFI_03:124 published to Enterprise/Site/Area/Motor1/Analysis/Diagnosis/prediction
-----------------------------------------
[Motor2] raw_latency_ms=382.985
[Motor2] EDGE UTC : 2026-08-11T12:33:11.297816+00:00
[Motor2] CLOUD UTC: 2026-08-11T12:33:11.680801+00:00
-------------
Batch 0Nm_BPFI_03:125 from Motor2 received. Processing...
FFT for batch 0Nm_BPFI_03:125 published to Enterprise/Site/Area/Motor2/Analysis/Vibration/fft
Prediction for batch 0Nm_BPFI_03:125 published to Enterprise/Site/Area/Motor2/Analysis/Diagnosis/prediction
-----------------------------------------
[Motor1] raw_latency_ms=394.933
[Motor1] EDGE UTC : 2026-08-11T12:33:11.836440+00:00
[Motor1] CLOUD UTC: 2026-08-11T12:33:12.231372+00:00
-------------
Batch 0Nm_BPFI_03:125 from Motor1 received. Processing...
FFT for batch 0Nm_BPFI_03:125 published to Enterprise/Site/Area/Motor1/Analysis/Vibration/fft
Prediction for batch 0Nm_BPFI_03:125 published to Enterprise/Site/Area/Motor1/Analysis/Diagnosis/prediction
-----------------------------------------
[Motor2] raw_latency_ms=350.389
[Motor2] EDGE UTC : 2026-08-11T12:33:12.346397+00:00
[Motor2] CLOUD UTC: 2026-08-11T12:33:12.696786+00:00
-------------
Batch 0Nm_BPFI_03:126 from Motor2 received. Processing...
FFT for batch 0Nm_BPFI_03:126 published to Enterprise/Site/Area/Motor2/Analysis/Vibration/fft
Prediction for batch 0Nm_BPFI_03:126 published to Enterprise/Site/Area/Motor2/Analysis/Diagnosis/prediction
-----------------------------------------
[Motor1] raw_latency_ms=420.128
[Motor1] EDGE UTC : 2026-08-11T12:33:12.873902+00:00
[Motor1] CLOUD UTC: 2026-08-11T12:33:13.294030+00:00
-------------
Batch 0Nm_BPFI_03:126 from Motor1 received. Processing...
FFT for batch 0Nm_BPFI_03:126 published to Enterprise/Site/Area/Motor1/Analysis/Vibration/fft
Prediction for batch 0Nm_BPFI_03:126 published to Enterprise/Site/Area/Motor1/Analysis/Diagnosis/prediction
-----------------------------------------
[Motor2] raw_latency_ms=474.255
[Motor2] EDGE UTC : 2026-08-11T12:33:13.397812+00:00
[Motor2] CLOUD UTC: 2026-08-11T12:33:13.872067+00:00
-------------
Batch 0Nm_BPFI_03:127 from Motor2 received. Processing...
FFT for batch 0Nm_BPFI_03:127 published to Enterprise/Site/Area/Motor2/Analysis/Vibration/fft
Prediction for batch 0Nm_BPFI_03:127 published to Enterprise/Site/Area/Motor2/Analysis/Diagnosis/prediction
-----------------------------------------
[Motor1] raw_latency_ms=475.408
[Motor1] EDGE UTC : 2026-08-11T12:33:13.911173+00:00
[Motor1] CLOUD UTC: 2026-08-11T12:33:14.386581+00:00
-------------
Batch 0Nm_BPFI_03:127 from Motor1 received. Processing...
FFT for batch 0Nm_BPFI_03:127 published to Enterprise/Site/Area/Motor1/Analysis/Vibration/fft
Prediction for batch 0Nm_BPFI_03:127 published to Enterprise/Site/Area/Motor1/Analysis/Diagnosis/prediction
-----------------------------------------
